claim_id,book_id,book_title,chapter_title,section_title,paragraph_index,location_text,ebook_locator,claim_text,sentence_index,citation_status,citation_marker_text,citation_marker_location_text,citation_context,confidence,trigger_rule,trigger_terms,notes,verified,verifier,verification_notes
CLM-000001,482c3997dafdb61f88a0bc98b379636c5997b59f,Scaling People,Table of Contents,,7,HughesJohnson2023-scaling-people.epub > Table of Contents >  > para 7,epub:spine=5;para=7,3. Distinguish between management and leadership,3,not_cited,,,,0.65,QUANTITATIVE,3,,,,
CLM-000002,482c3997dafdb61f88a0bc98b379636c5997b59f,Scaling People,Table of Contents,,10,HughesJohnson2023-scaling-people.epub > Table of Contents >  > para 10,epub:spine=5;para=10,3. Distinguish between management and leadership,0,not_cited,,,,0.65,QUANTITATIVE,3,,,,
CLM-000003,482c3997dafdb61f88a0bc98b379636c5997b59f,Scaling People,Table of Contents,,27,HughesJohnson2023-scaling-people.epub > Table of Contents >  > para 27,epub:spine=5;para=27,Chapter 4 — Core Framework 3: Intentional Team Development Team structures Diagnosing team state Team changes and restructuring (Re)building the team Creating the team environment Team-building complexities Diversity and inclusion Team communication Exercises and templates Notes,0,not_cited,,,,0.65,QUANTITATIVE,4,,,,
CLM-000004,482c3997dafdb61f88a0bc98b379636c5997b59f,Scaling People,Table of Contents,,38,HughesJohnson2023-scaling-people.epub > Table of Contents >  > para 38,epub:spine=5;para=38,"Chapter 5 — Core Framework 4: Feedback and Performance Mechanisms Hypothesis-based coaching Giving hard feedback Creating a culture of informal feedback The formal review process Compensation Managing high performers The steady middle Managing low performers Managing managers Managing out, firing, and layoffs Some final thoughts on management Exercises and templates Notes",0,not_cited,,,,0.65,QUANTITATIVE,5,,,,
CLM-000005,482c3997dafdb61f88a0bc98b379636c5997b59f,Scaling People,Setting your metronome,,0,HughesJohnson2023-scaling-people.epub > Setting your metronome >  > para 0,epub:spine=7;para=0,"But even in recruiting, no one could agree on how many people I should have on my team.",4,not_cited,,,,0.8,NORMATIVE,should,,,,
CLM-000006,482c3997dafdb61f88a0bc98b379636c5997b59f,Scaling People,Setting your metronome,,8,HughesJohnson2023-scaling-people.epub > Setting your metronome >  > para 8,epub:spine=7;para=8,"The group was filled with brilliant engineers whose lunch conversations sounded like they were straight out of 2001: A Space Odyssey , but the team also needed to manage supply chains, perform complex operational testing, coordinate across teams building hardware and software, run planning processes, and motivate team members.",4,not_cited,,,,0.65,QUANTITATIVE,2001,,,,
CLM-000007,482c3997dafdb61f88a0bc98b379636c5997b59f,Scaling People,Setting your metronome,Setting your metronome,19,HughesJohnson2023-scaling-people.epub > Setting your metronome > Setting your metronome > para 19,epub:spine=7;para=19,You can always spot a great manager by the strength of their team.,0,not_cited,,,,0.65,GENERALIZATION,always,,,,
CLM-000008,482c3997dafdb61f88a0bc98b379636c5997b59f,Scaling People,Setting your metronome,Setting your metronome,20,HughesJohnson2023-scaling-people.epub > Setting your metronome > Setting your metronome > para 20,epub:spine=7;para=20,You can’t sit in on another manager’s 1:1s.,3,not_cited,,,,0.65,QUANTITATIVE,1,,,,
CLM-000009,482c3997dafdb61f88a0bc98b379636c5997b59f,Scaling People,Setting your metronome,Setting your metronome,25,HughesJohnson2023-scaling-people.epub > Setting your metronome > Setting your metronome > para 25,epub:spine=7;para=25,"5 In other words, to make a break-through performance improvement during the autonomous stage, you need to set an uncomfortable pace for yourself.",1,not_cited,,,,0.65,QUANTITATIVE,5 ,,,,
CLM-000010,482c3997dafdb61f88a0bc98b379636c5997b59f,Scaling People,Setting your metronome,The core frameworks,33,HughesJohnson2023-scaling-people.epub > Setting your metronome > The core frameworks > para 33,epub:spine=7;para=33,"Depending on your business, there is also likely a set of cross-company or cross-team day-to-day activities that should be standardized.",0,not_cited,,,,0.8,NORMATIVE,should,,,,
CLM-000011,482c3997dafdb61f88a0bc98b379636c5997b59f,Scaling People,Setting your metronome,The core frameworks,35,HughesJohnson2023-scaling-people.epub > Setting your metronome > The core frameworks > para 35,epub:spine=7;para=35,"Even if a person’s job hasn’t changed, the scope of it has, and the individual must “scale to the call” to maintain their performance and produce results.",2,not_cited,,,,0.8,NORMATIVE,must,,,,
CLM-000012,482c3997dafdb61f88a0bc98b379636c5997b59f,Scaling People,Setting your metronome,Management Prerequisites Checklist,58,HughesJohnson2023-scaling-people.epub > Setting your metronome > Management Prerequisites Checklist > para 58,epub:spine=7;para=58,"□ Hold more formal performance conversations every 3, 6, or 12 months (the more rapidly your company is changing, the more often these should occur) that emphasize both the results the person achieved (or didn’t) and how the person did or did not achieve those results.",4,not_cited,,,,0.9000000000000001,NORMATIVE|QUANTITATIVE|GENERALIZATION,should|3|often,,,,
CLM-000013,482c3997dafdb61f88a0bc98b379636c5997b59f,Scaling People,Setting your metronome,Management Prerequisites Checklist,63,HughesJohnson2023-scaling-people.epub > Setting your metronome > Management Prerequisites Checklist > para 63,epub:spine=7;para=63,"□ Hold more formal performance conversations every 3, 6, or 12 months (the more rapidly your company is changing, the more often these should occur) that emphasize both the results the person achieved (or didn’t) and how the person did or did not achieve those results.",0,not_cited,,,,0.9000000000000001,NORMATIVE|QUANTITATIVE|GENERALIZATION,should|3|often,,,,
CLM-000014,482c3997dafdb61f88a0bc98b379636c5997b59f,Scaling People,Setting your metronome,Management Prerequisites Checklist,72,HughesJohnson2023-scaling-people.epub > Setting your metronome > Management Prerequisites Checklist > para 72,epub:spine=7;para=72,□ Have 1:1s on a regular cadence with your own manager.,2,not_cited,,,,0.65,QUANTITATIVE,1,,,,
CLM-000015,482c3997dafdb61f88a0bc98b379636c5997b59f,Scaling People,Setting your metronome,Management Prerequisites Checklist,75,HughesJohnson2023-scaling-people.epub > Setting your metronome > Management Prerequisites Checklist > para 75,epub:spine=7;para=75,□ Have 1:1s on a regular cadence with your own manager.,0,not_cited,,,,0.65,QUANTITATIVE,1,,,,
CLM-000016,482c3997dafdb61f88a0bc98b379636c5997b59f,Scaling People,1. Build self-awareness to build mutual awareness,,0,HughesJohnson2023-scaling-people.epub > 1. Build self-awareness to build mutual awareness >  > para 0,epub:spine=9;para=0,"Maybe you believe that no decision should be made without data, so you require all of your teams to conduct experiments with measurable results before they make major decisions.",2,not_cited,,,,0.8,NORMATIVE,should,,,,
CLM-000017,482c3997dafdb61f88a0bc98b379636c5997b59f,Scaling People,1. Build self-awareness to build mutual awareness,1. Build self-awareness to build mutual awareness,11,HughesJohnson2023-scaling-people.epub > 1. Build self-awareness to build mutual awareness > 1. Build self-awareness to build mutual awareness > para 11,epub:spine=9;para=11,"By starting with yourself, you can create an environment in which everyone is self-aware—which, in turn, leads to mutual awareness among team members.",2,not_cited,,,,0.75,CAUSAL,leads to,,,,
CLM-000018,482c3997dafdb61f88a0bc98b379636c5997b59f,Scaling People,1. Build self-awareness to build mutual awareness,Understand your values,20,HughesJohnson2023-scaling-people.epub > 1. Build self-awareness to build mutual awareness > Understand your values > para 20,epub:spine=9;para=20,"By building self-awareness, he was able to contribute to the dynamic of mutual awareness that makes managers—and their reports, teams, and divisions—work successfully.",2,not_cited,,,,0.75,CAUSAL,contribute to,,,,
CLM-000019,482c3997dafdb61f88a0bc98b379636c5997b59f,Scaling People,1. Build self-awareness to build mutual awareness,"Collaborator (introverted, people-oriented)",31,"HughesJohnson2023-scaling-people.epub > 1. Build self-awareness to build mutual awareness > Collaborator (introverted, people-oriented) > para 31",epub:spine=9;para=31,"For example, you might end up with a process that allows everyone on a team to meet a job candidate, but the time in process for that candidate might be 90 days.",4,not_cited,,,,0.65,QUANTITATIVE,90 ,,,,
CLM-000020,482c3997dafdb61f88a0bc98b379636c5997b59f,Scaling People,1. Build self-awareness to build mutual awareness,"Collaborator (introverted, people-oriented)",32,"HughesJohnson2023-scaling-people.epub > 1. Build self-awareness to build mutual awareness > Collaborator (introverted, people-oriented) > para 32",epub:spine=9;para=32,"If you’re trying to build a planning process that enables you to decide what teams are going to work on for the next year, you probably want to build something that will endure and help people understand the importance of the work.",5,not_cited,,,,0.75,CAUSAL,enables,,,,
CLM-000021,482c3997dafdb61f88a0bc98b379636c5997b59f,Scaling People,1. Build self-awareness to build mutual awareness,The self-awareness assessment,53,HughesJohnson2023-scaling-people.epub > 1. Build self-awareness to build mutual awareness > The self-awareness assessment > para 53,epub:spine=9;para=53,"You often feel frustrated and annoyed because you don’t agree with your team’s direction or decisions, and it feels like your colleagues don’t understand what you’re trying to convey when you explain why.",0,not_cited,,,,0.65,GENERALIZATION,often,,,,
CLM-000022,482c3997dafdb61f88a0bc98b379636c5997b59f,Scaling People,1. Build self-awareness to build mutual awareness,The self-awareness assessment,58,HughesJohnson2023-scaling-people.epub > 1. Build self-awareness to build mutual awareness > The self-awareness assessment > para 58,epub:spine=9;para=58,And you can’t manage people and teams effectively as your company grows if you don’t know yourself and what you contribute to the environment you operate in.,2,not_cited,,,,0.75,CAUSAL,contribute to,,,,
CLM-000023,482c3997dafdb61f88a0bc98b379636c5997b59f,Scaling People,1. Build self-awareness to build mutual awareness,2. Say the thing you think you cannot say,65,HughesJohnson2023-scaling-people.epub > 1. Build self-awareness to build mutual awareness > 2. Say the thing you think you cannot say > para 65,epub:spine=9;para=65,"People often think that good management is about having a lot of filters, and for good reason.",0,not_cited,,,,0.65,GENERALIZATION,often,,,,
CLM-000024,482c3997dafdb61f88a0bc98b379636c5997b59f,Scaling People,1. Build self-awareness to build mutual awareness,Separate the person from the idea or task,77,HughesJohnson2023-scaling-people.epub > 1. Build self-awareness to build mutual awareness > Separate the person from the idea or task > para 77,epub:spine=9;para=77,"There’s a reason Kim Scott’s book Radical Candor 14 made such a splash: That kind of open, caring communication is the foundation for the highest-functioning people, teams, and workplaces.",5,not_cited,,,,0.65,QUANTITATIVE,14 ,,,,
CLM-000025,482c3997dafdb61f88a0bc98b379636c5997b59f,Scaling People,1. Build self-awareness to build mutual awareness,3. Distinguish between management and leadership,86,HughesJohnson2023-scaling-people.epub > 1. Build self-awareness to build mutual awareness > 3. Distinguish between management and leadership > para 86,epub:spine=9;para=86,"I often refer to a framework in The Practice of Adaptive Leadership by Ronald Heifetz, Alexander Grashow, and Marty Linsky that evaluates technical versus adaptive problems.",1,not_cited,,,,0.65,GENERALIZATION,often,,,,
CLM-000026,482c3997dafdb61f88a0bc98b379636c5997b59f,Scaling People,1. Build self-awareness to build mutual awareness,3. Distinguish between management and leadership,87,HughesJohnson2023-scaling-people.epub > 1. Build self-awareness to build mutual awareness > 3. Distinguish between management and leadership > para 87,epub:spine=9;para=87,But great leadership often requires a person to be disagreeable and demand more.,4,not_cited,,,,0.65,GENERALIZATION,often,,,,
CLM-000027,482c3997dafdb61f88a0bc98b379636c5997b59f,Scaling People,1. Build self-awareness to build mutual awareness,3. Distinguish between management and leadership,88,HughesJohnson2023-scaling-people.epub > 1. Build self-awareness to build mutual awareness > 3. Distinguish between management and leadership > para 88,epub:spine=9;para=88,"“Management has a lot to do with whether we’re playing the game well, we’re developing the tools, we know what the dashboard looks like, we’re paying attention to the dashboard, and so on. Leadership has a lot to do with how you set the spirit of the organization. To some degree, it could be how big the goal is and what the goal is. But usually, it’s a goal that’s set in a way that isn’t necessarily operationalized well. Management is how you get the mechanics of the pieces coming together. And leadership is more [about creating] a culture or energy of engagement—belief in the importance of winning. It’s that ‘We can do this’ energy.” — Reid Hoffman , partner, Greylock Partners, cofounder and former executive chairman, LinkedIn",0,not_cited,,,,0.65,GENERALIZATION,usually,,,,
CLM-000028,482c3997dafdb61f88a0bc98b379636c5997b59f,Scaling People,1. Build self-awareness to build mutual awareness,3. Distinguish between management and leadership,94,HughesJohnson2023-scaling-people.epub > 1. Build self-awareness to build mutual awareness > 3. Distinguish between management and leadership > para 94,epub:spine=9;para=94,"Marty Linsky, one of the authors of the book The Practice of Adaptive Leadership , has a saying that I’ve repeated often to colleagues and direct reports: Leadership is disappointing people at a rate they can absorb.",0,not_cited,,,,0.65,GENERALIZATION,often,,,,
CLM-000029,482c3997dafdb61f88a0bc98b379636c5997b59f,Scaling People,1. Build self-awareness to build mutual awareness,3. Distinguish between management and leadership,94,HughesJohnson2023-scaling-people.epub > 1. Build self-awareness to build mutual awareness > 3. Distinguish between management and leadership > para 94,epub:spine=9;para=94,This means that you and your teams must abandon the stable and familiar in favor of an uncertain—but exciting—new direction.,3,not_cited,,,,0.8,NORMATIVE,must,,,,
CLM-000030,482c3997dafdb61f88a0bc98b379636c5997b59f,Scaling People,1. Build self-awareness to build mutual awareness,3. Distinguish between management and leadership,95,HughesJohnson2023-scaling-people.epub > 1. Build self-awareness to build mutual awareness > 3. Distinguish between management and leadership > para 95,epub:spine=9;para=95,"But they’ll look to a leader to lay out the overarching vision and the milestones they should be working toward, and to pave the way for progress within the systems that operate outside of the team.",2,not_cited,,,,0.8,NORMATIVE,should,,,,
CLM-000031,482c3997dafdb61f88a0bc98b379636c5997b59f,Scaling People,1. Build self-awareness to build mutual awareness,4. Come back to your operating system,100,HughesJohnson2023-scaling-people.epub > 1. Build self-awareness to build mutual awareness > 4. Come back to your operating system > para 100,epub:spine=9;para=100,"Your system, like mine, will be based on how you hire and develop your team and the rhythms of how you operate: quarterly goals, metrics review meetings on Mondays, team meetings on Tuesdays, weekly 1:1s, offsites for big-picture thinking, and so on.",0,not_cited,,,,0.65,QUANTITATIVE,1,,,,
CLM-000032,482c3997dafdb61f88a0bc98b379636c5997b59f,Scaling People,1. Build self-awareness to build mutual awareness,Notes,135,HughesJohnson2023-scaling-people.epub > 1. Build self-awareness to build mutual awareness > Notes > para 135,epub:spine=9;para=135,"15. Ronald Heifetz et al., The Practice of Adaptive Leadership: Tools and Tactics for Changing Your Organization and the World (Boston: Harvard Business Press, 2009), 19–23.",0,cited,"(Boston: Harvard Business Press, 2009)",same_sentence,"15. Ronald Heifetz et al., The Practice of Adaptive Leadership: Tools and Tactics for Changing Your Organization and the World (Boston: Harvard Business Press, 2009), 19–23.",0.65,QUANTITATIVE,15,,,,
CLM-000033,482c3997dafdb61f88a0bc98b379636c5997b59f,Scaling People,Founding documents,Founding documents,5,HughesJohnson2023-scaling-people.epub > Founding documents > Founding documents > para 5,epub:spine=11;para=5,"Founding documents should include a mission, long-term goals, principles (often called values), and team charters.",0,not_cited,,,,0.8500000000000001,NORMATIVE|GENERALIZATION,should|often,,,,
CLM-000034,482c3997dafdb61f88a0bc98b379636c5997b59f,Scaling People,Founding documents,Mission,15,HughesJohnson2023-scaling-people.epub > Founding documents > Mission > para 15,epub:spine=11;para=15,"Every part of the stack—the team, the division, and the company—should have a mission.",0,not_cited,,,,0.8,NORMATIVE,should,,,,
CLM-000035,482c3997dafdb61f88a0bc98b379636c5997b59f,Scaling People,Founding documents,Mission,15,HughesJohnson2023-scaling-people.epub > Founding documents > Mission > para 15,epub:spine=11;para=15,"A team’s mission should ladder up to the division’s mission, and the division’s mission should ladder up to the company’s mission.",1,not_cited,,,,0.8,NORMATIVE,should,,,,
CLM-000036,482c3997dafdb61f88a0bc98b379636c5997b59f,Scaling People,Founding documents,Mission,17,HughesJohnson2023-scaling-people.epub > Founding documents > Mission > para 17,epub:spine=11;para=17,"Design : Define, create, and deliver all user-facing aspects of the Stripe brand and product by creating well-functioning, beautiful products and experiences that users love and are eager to recommend to others.",0,not_cited,,,,0.8,NORMATIVE,recommend,,,,
CLM-000037,482c3997dafdb61f88a0bc98b379636c5997b59f,Scaling People,Founding documents,Mission,23,HughesJohnson2023-scaling-people.epub > Founding documents > Mission > para 23,epub:spine=11;para=23,"What’s key for individuals is that they know how their work contributes to the team, then to the division, and finally to the company.",1,not_cited,,,,0.75,CAUSAL,contributes to,,,,
CLM-000038,482c3997dafdb61f88a0bc98b379636c5997b59f,Scaling People,Founding documents,Team charters,60,HughesJohnson2023-scaling-people.epub > Founding documents > Team charters > para 60,epub:spine=11;para=60,I recommend that teams create an additional founding document: a team charter.,0,not_cited,,,,0.8,NORMATIVE,recommend,,,,
CLM-000039,482c3997dafdb61f88a0bc98b379636c5997b59f,Scaling People,Founding documents,Team charters,60,HughesJohnson2023-scaling-people.epub > Founding documents > Team charters > para 60,epub:spine=11;para=60,"Team missions will follow and support the company mission and values, and they’re generally one or two sentences long.",1,not_cited,,,,0.65,GENERALIZATION,generally,,,,
CLM-000040,482c3997dafdb61f88a0bc98b379636c5997b59f,Scaling People,Founding documents,Team charters,60,HughesJohnson2023-scaling-people.epub > Founding documents > Team charters > para 60,epub:spine=11;para=60,"A team charter is a longer document, maybe a page long, that should create clarity about the team’s purpose.",3,not_cited,,,,0.8,NORMATIVE,should,,,,
CLM-000041,482c3997dafdb61f88a0bc98b379636c5997b59f,Scaling People,Founding documents,Team charters,60,HughesJohnson2023-scaling-people.epub > Founding documents > Team charters > para 60,epub:spine=11;para=60,It should articulate to team members and others within the company why the team exists and what their long-term goals are.,4,not_cited,,,,0.8,NORMATIVE,should,,,,
CLM-000042,482c3997dafdb61f88a0bc98b379636c5997b59f,Scaling People,Founding documents,Team charters,62,HughesJohnson2023-scaling-people.epub > Founding documents > Team charters > para 62,epub:spine=11;para=62,"A team mission and charter should sit somewhere discoverable, ideally on your shared intranet.",0,not_cited,,,,0.8,NORMATIVE,should,,,,
CLM-000043,482c3997dafdb61f88a0bc98b379636c5997b59f,Scaling People,Founding documents,Team charters,62,HughesJohnson2023-scaling-people.epub > Founding documents > Team charters > para 62,epub:spine=11;para=62,"Together, the mission and charter should provide a clear description of what each team does (for example, “produce data insights that help provide better outcomes for users”), explain why the work matters to the company, and share key metrics and major risks and dependencies.",2,not_cited,,,,0.8,NORMATIVE,should,,,,
CLM-000044,482c3997dafdb61f88a0bc98b379636c5997b59f,Scaling People,Founding documents,Team charters,62,HughesJohnson2023-scaling-people.epub > Founding documents > Team charters > para 62,epub:spine=11;para=62,See the chapter appendix on page 114 for a team charter template with some example text.,5,not_cited,,,,0.65,QUANTITATIVE,114 ,,,,
CLM-000045,482c3997dafdb61f88a0bc98b379636c5997b59f,Scaling People,Founding documents,The operating system,67,HughesJohnson2023-scaling-people.epub > Founding documents > The operating system > para 67,epub:spine=11;para=67,"21 Because they were taken seriously at the leadership level and flowed down to teams and individuals, they formed an extremely effective operating system, providing transparency around what was most important to the company and forcing the resolution of dependencies across teams.",1,not_cited,,,,0.65,QUANTITATIVE,21 ,,,,
CLM-000046,482c3997dafdb61f88a0bc98b379636c5997b59f,Scaling People,Founding documents,The operating system,68,HughesJohnson2023-scaling-people.epub > Founding documents > The operating system > para 68,epub:spine=11;para=68,"In these environments, there’s often a lot of confusion about who is doing what, and about which goals a team is accountable for and which stakeholders they’re accountable to.",1,not_cited,,,,0.65,GENERALIZATION,often,,,,
CLM-000047,482c3997dafdb61f88a0bc98b379636c5997b59f,Scaling People,Founding documents,Strategic and financial planning,111,HughesJohnson2023-scaling-people.epub > Founding documents > Strategic and financial planning > para 111,epub:spine=11;para=111,They can thus outline goals and plans that enable various component teams to achieve those goals.,1,not_cited,,,,0.75,CAUSAL,enable,,,,
CLM-000048,482c3997dafdb61f88a0bc98b379636c5997b59f,Scaling People,Founding documents,Strategic and financial planning,115,HughesJohnson2023-scaling-people.epub > Founding documents > Strategic and financial planning > para 115,epub:spine=11;para=115,"Teams and companies will use different systems for doing this, but the plan should be a way for a team to say, “This is where we’re going long-term”—linking out to the long-term strategic themes and rough financial objectives—“and, on a quarterly basis, this is where we’re focusing to move our most important metrics.”",1,not_cited,,,,0.8,NORMATIVE,should,,,,
CLM-000049,482c3997dafdb61f88a0bc98b379636c5997b59f,Scaling People,Founding documents,Resource allocation,118,HughesJohnson2023-scaling-people.epub > Founding documents > Resource allocation > para 118,epub:spine=11;para=118,"One tactic to allocate headcount is to look at the ratio of functions—for example, 10 engineers to 1 product manager, or 1 human resource business partner to 250 employees.",2,not_cited,,,,0.65,QUANTITATIVE,10 ,,,,
CLM-000050,482c3997dafdb61f88a0bc98b379636c5997b59f,Scaling People,Founding documents,Resource allocation,118,HughesJohnson2023-scaling-people.epub > Founding documents > Resource allocation > para 118,epub:spine=11;para=118,"They also don’t account for potential efficiency gains in ratios over time, nor for the fact that you generally want to award more resources based on impact, not on how many people are on the team.",4,not_cited,,,,0.65,GENERALIZATION,generally,,,,
CLM-000051,482c3997dafdb61f88a0bc98b379636c5997b59f,Scaling People,Founding documents,Resource allocation,122,HughesJohnson2023-scaling-people.epub > Founding documents > Resource allocation > para 122,epub:spine=11;para=122,"Phase I : Small, scrappy developer teams work in a shared codebase, moving quickly but often taking on technical debt to ship new features or products.",0,not_cited,,,,0.65,GENERALIZATION,often,,,,
CLM-000052,482c3997dafdb61f88a0bc98b379636c5997b59f,Scaling People,Founding documents,Investing in developer productivity,141,HughesJohnson2023-scaling-people.epub > Founding documents > Investing in developer productivity > para 141,epub:spine=11;para=141,"They can cause challenges for recruiting, however, because the team will have a less accurate forecast against which to build a talent pipeline.",5,not_cited,,,,0.75,CAUSAL,cause,,,,
CLM-000053,482c3997dafdb61f88a0bc98b379636c5997b59f,Scaling People,Founding documents,Investing in developer productivity,142,HughesJohnson2023-scaling-people.epub > Founding documents > Investing in developer productivity > para 142,epub:spine=11;para=142,"Leadership should publicly celebrate managers who are actively improving their operational efficiency, for example by coming in under budget at the end of the fiscal year or “giving back” headcount allocation.",1,not_cited,,,,0.8,NORMATIVE,should,,,,
CLM-000054,482c3997dafdb61f88a0bc98b379636c5997b59f,Scaling People,Founding documents,Setting expectations around resource allocation,145,HughesJohnson2023-scaling-people.epub > Founding documents > Setting expectations around resource allocation > para 145,epub:spine=11;para=145,"In this case, I advised the founder to tell the leadership team that he expected them all to keep the big picture in mind—what was best for the company, not for their individual teams—and to collaborate to reach a final decision, work constructively across teams to find opportunities for efficiency, and, more generally, to show up as a team in order to lead the company.",2,not_cited,,,,0.65,GENERALIZATION,generally,,,,
CLM-000055,482c3997dafdb61f88a0bc98b379636c5997b59f,Scaling People,Founding documents,Setting expectations around resource allocation,149,HughesJohnson2023-scaling-people.epub > Founding documents > Setting expectations around resource allocation > para 149,epub:spine=11;para=149,A side note related to existential risks: A key role of your leadership team should be to invest in critical work that no one else will naturally step up to prioritize.,0,not_cited,,,,0.8,NORMATIVE,should,,,,
CLM-000056,482c3997dafdb61f88a0bc98b379636c5997b59f,Scaling People,Founding documents,Setting expectations around resource allocation,150,HughesJohnson2023-scaling-people.epub > Founding documents > Setting expectations around resource allocation > para 150,epub:spine=11;para=150,"“One of my favorite books is by former Intel CEO Andy Grove, Only the Paranoid Survive . 26 We are very paranoid. We always think about ‘What if you have 10 times more capacity or 10 times [more] usage? Can you survive? Do you have any security or reliability or performance holes?’ My number one priority as a CEO is to think about what kinds of risk factors we need to focus on. When I realized that, I told our team transparently that I had made a mistake: ‘I used to only be focused on the culture, value, product. But now I think that’s not right. My number one priority is to think about the risk factors.’” — Eric Yuan , founder and CEO, Zoom",0,not_cited,,,,0.7000000000000001,QUANTITATIVE|GENERALIZATION,26 |always,,,,
CLM-000057,482c3997dafdb61f88a0bc98b379636c5997b59f,Scaling People,Founding documents,Setting expectations around resource allocation,151,HughesJohnson2023-scaling-people.epub > Founding documents > Setting expectations around resource allocation > para 151,epub:spine=11;para=151,We always think about ‘What if you have 10 times more capacity or 10 times [more] usage? Can you survive? Do you have any security or reliability or performance holes?’,2,not_cited,,,,0.7000000000000001,QUANTITATIVE|GENERALIZATION,10 |always,,,,
CLM-000058,482c3997dafdb61f88a0bc98b379636c5997b59f,Scaling People,Founding documents,Annual and quarterly goals,154,HughesJohnson2023-scaling-people.epub > Founding documents > Annual and quarterly goals > para 154,epub:spine=11;para=154,"For example, the Microsoft team that developed the first GUI for Microsoft Windows probably had to do so in time for a public demo in November 1983.",2,not_cited,,,,0.65,QUANTITATIVE,1983,,,,
CLM-000059,482c3997dafdb61f88a0bc98b379636c5997b59f,Scaling People,Founding documents,Annual and quarterly goals,157,HughesJohnson2023-scaling-people.epub > Founding documents > Annual and quarterly goals > para 157,epub:spine=11;para=157,"Every team should remain at up to 80 percent on the security posture dashboard, which will often require adopting new tooling and infrastructure.",1,not_cited,,,,0.9000000000000001,NORMATIVE|QUANTITATIVE|GENERALIZATION,should|80 |often,,,,
CLM-000060,482c3997dafdb61f88a0bc98b379636c5997b59f,Scaling People,Founding documents,Annual and quarterly goals,160,HughesJohnson2023-scaling-people.epub > Founding documents > Annual and quarterly goals > para 160,epub:spine=11;para=160,"Ongoing improvement : Every team achieves up to 80 percent on the security posture dashboard by the end of the quarter, which requires adopting the new infrastructure.",0,not_cited,,,,0.65,QUANTITATIVE,80 ,,,,
CLM-000061,482c3997dafdb61f88a0bc98b379636c5997b59f,Scaling People,Founding documents,What good goals look like,175,HughesJohnson2023-scaling-people.epub > Founding documents > What good goals look like > para 175,epub:spine=11;para=175,Everyone on the team should be able to easily memorize the team’s goals.,2,not_cited,,,,0.8,NORMATIVE,should,,,,
CLM-000062,482c3997dafdb61f88a0bc98b379636c5997b59f,Scaling People,Founding documents,What good goals look like,177,HughesJohnson2023-scaling-people.epub > Founding documents > What good goals look like > para 177,epub:spine=11;para=177,O bjectively assessable : Everyone on the team should have the same understanding of what success looks like and what it doesn’t.,0,not_cited,,,,0.8,NORMATIVE,should,,,,
CLM-000063,482c3997dafdb61f88a0bc98b379636c5997b59f,Scaling People,Founding documents,What good goals look like,178,HughesJohnson2023-scaling-people.epub > Founding documents > What good goals look like > para 178,epub:spine=11;para=178,"Your goals should also stretch the team, inspiring and challenging people.",2,not_cited,,,,0.8,NORMATIVE,should,,,,
CLM-000064,482c3997dafdb61f88a0bc98b379636c5997b59f,Scaling People,Founding documents,What good goals look like,178,HughesJohnson2023-scaling-people.epub > Founding documents > What good goals look like > para 178,epub:spine=11;para=178,"If you ask your team to stretch, you’ll often discover that they find ways to deliver more than you expect.",3,not_cited,,,,0.75,COMPARATIVE|GENERALIZATION,more than|often,,,,
CLM-000065,482c3997dafdb61f88a0bc98b379636c5997b59f,Scaling People,Founding documents,What good goals look like,179,HughesJohnson2023-scaling-people.epub > Founding documents > What good goals look like > para 179,epub:spine=11;para=179,"U ser-oriented : Never organize team goals by function (engineering, design, etc.).",0,not_cited,,,,0.65,GENERALIZATION,Never,,,,
CLM-000066,482c3997dafdb61f88a0bc98b379636c5997b59f,Scaling People,Founding documents,How do you manage against the goals?,191,HughesJohnson2023-scaling-people.epub > Founding documents > How do you manage against the goals? > para 191,epub:spine=11;para=191,"If you set good goals and have real buy-in, then the whole team should have a set of shared goals you can use as a foundation.",0,not_cited,,,,0.8,NORMATIVE,should,,,,
CLM-000067,482c3997dafdb61f88a0bc98b379636c5997b59f,Scaling People,Founding documents,How do you score goals?,192,HughesJohnson2023-scaling-people.epub > Founding documents > How do you score goals? > para 192,epub:spine=11;para=192,"If the reviews require a lot of effort or feel like they need to be done more often, then your team probably hasn’t fully internalized the goals and isn’t using them to guide day-to-day activities.",3,not_cited,,,,0.65,GENERALIZATION,often,,,,
CLM-000068,482c3997dafdb61f88a0bc98b379636c5997b59f,Scaling People,Founding documents,Why “goals” and not “OKRs”?,206,HughesJohnson2023-scaling-people.epub > Founding documents > Why “goals” and not “OKRs”? > para 206,epub:spine=11;para=206,"As Andy Grove, the forefather of “managing by objective,” framed it in High Output Management , OKRs separate out two key questions: 27",3,not_cited,,,,0.65,QUANTITATIVE,27,,,,
CLM-000069,482c3997dafdb61f88a0bc98b379636c5997b59f,Scaling People,Founding documents,Say what percentage of goals you expect people to hit up front,216,HughesJohnson2023-scaling-people.epub > Founding documents > Say what percentage of goals you expect people to hit up front > para 216,epub:spine=11;para=216,The argument for biasing toward more aspirational goals is a simple one: Human and team behavior often lead us to anchor on and solve for a defined outcome.,0,not_cited,,,,0.65,GENERALIZATION,often,,,,
CLM-000070,482c3997dafdb61f88a0bc98b379636c5997b59f,Scaling People,Founding documents,Say what percentage of goals you expect people to hit up front,216,HughesJohnson2023-scaling-people.epub > Founding documents > Say what percentage of goals you expect people to hit up front > para 216,epub:spine=11;para=216,"The key with more aspirational goals is to set expectations: Teams should know that hitting 70–80 percent of the goal counts as success, but that there will be great recognition and reward for exceeding those expectations.",3,not_cited,,,,0.8500000000000001,NORMATIVE|QUANTITATIVE,should|70,,,,
CLM-000071,482c3997dafdb61f88a0bc98b379636c5997b59f,Scaling People,Founding documents,Say what percentage of goals you expect people to hit up front,216,HughesJohnson2023-scaling-people.epub > Founding documents > Say what percentage of goals you expect people to hit up front > para 216,epub:spine=11;para=216,(See the chapter appendix on page 125 for guidance on helping the team write good OKRs.),4,not_cited,,,,0.65,QUANTITATIVE,125 ,,,,
CLM-000072,482c3997dafdb61f88a0bc98b379636c5997b59f,Scaling People,Founding documents,An individual’s goals should include one or two personal goals,217,HughesJohnson2023-scaling-people.epub > Founding documents > An individual’s goals should include one or two personal goals > para 217,epub:spine=11;para=217,"As a manager, remember that the work of the individual is both company-focused (what they’ll do to contribute to the division) and individual-focused (how their work will contribute to their broader career narrative and development).",0,not_cited,,,,0.75,CAUSAL,contribute to,,,,
CLM-000073,482c3997dafdb61f88a0bc98b379636c5997b59f,Scaling People,Founding documents,An individual’s goals should include one or two personal goals,217,HughesJohnson2023-scaling-people.epub > Founding documents > An individual’s goals should include one or two personal goals > para 217,epub:spine=11;para=217,"That way, the team member is doing the work that’s needed today but also developing abilities that allow them to grow their impact, contribute to the work the team might need to deliver tomorrow, and advance their career.",3,not_cited,,,,0.75,CAUSAL,contribute to,,,,
CLM-000074,482c3997dafdb61f88a0bc98b379636c5997b59f,Scaling People,Founding documents,An individual’s goals should include one or two personal goals,219,HughesJohnson2023-scaling-people.epub > Founding documents > An individual’s goals should include one or two personal goals > para 219,epub:spine=11;para=219,"But just as a company can’t rely on one product for revenue growth indefinitely and must invest in more speculative work on future products or revenue streams, so must teams and individuals invest in their future development.",1,not_cited,,,,0.8,NORMATIVE,must,,,,
CLM-000075,482c3997dafdb61f88a0bc98b379636c5997b59f,Scaling People,Founding documents,An individual’s goals should include one or two personal goals,219,HughesJohnson2023-scaling-people.epub > Founding documents > An individual’s goals should include one or two personal goals > para 219,epub:spine=11;para=219,"You must build for future scale and challenges, both in your team practices and among the individuals on your team.",4,not_cited,,,,0.8,NORMATIVE,must,,,,
CLM-000076,482c3997dafdb61f88a0bc98b379636c5997b59f,Scaling People,Founding documents,The “how” is just as important as the “what”,221,HughesJohnson2023-scaling-people.epub > Founding documents > The “how” is just as important as the “what” > para 221,epub:spine=11;para=221,"One early reader of this book told me, “Performance = results × behaviors. It’s multiplicative. Hitting targets while fomenting unrest and backstabbing should get you a 0, not a 95 percent [on your targets].”",3,not_cited,,,,0.8500000000000001,NORMATIVE|QUANTITATIVE,should|0,,,,
CLM-000077,482c3997dafdb61f88a0bc98b379636c5997b59f,Scaling People,Founding documents,The “how” is just as important as the “what”,222,HughesJohnson2023-scaling-people.epub > Founding documents > The “how” is just as important as the “what” > para 222,epub:spine=11;para=222,"Soliciting feedback about how the work was accomplished, recognizing folks who helped the process, and sharing feedback with individuals who hindered it will help the team fix interpersonal or procedural issues, or might prevent them from occurring or worsening.",1,not_cited,,,,0.75,CAUSAL,prevent,,,,
CLM-000078,482c3997dafdb61f88a0bc98b379636c5997b59f,Scaling People,Founding documents,Metrics that matter,223,HughesJohnson2023-scaling-people.epub > Founding documents > Metrics that matter > para 223,epub:spine=11;para=223,"Your core company metrics are another structure that can—and should—replicate down from the company level to divisions, teams, and sometimes even to individuals.",0,not_cited,,,,0.8,NORMATIVE,should,,,,
CLM-000079,482c3997dafdb61f88a0bc98b379636c5997b59f,Scaling People,Founding documents,Metrics that matter,225,HughesJohnson2023-scaling-people.epub > Founding documents > Metrics that matter > para 225,epub:spine=11;para=225,"It should be clear which leaders, divisions, and teams are accountable for the inputs that drive those outcomes each quarter.",1,not_cited,,,,0.95,NORMATIVE|CAUSAL,should|drive,,,,
CLM-000080,482c3997dafdb61f88a0bc98b379636c5997b59f,Scaling People,Founding documents,"Some teams have less measurable outcomes, but they should still have metrics",227,"HughesJohnson2023-scaling-people.epub > Founding documents > Some teams have less measurable outcomes, but they should still have metrics > para 227",epub:spine=11;para=227,"For internal teams, the employee engagement survey is often the best way to measure progress, even if it’s only done once or twice a year.",0,not_cited,,,,0.7000000000000001,QUANTITATIVE|GENERALIZATION,twice|often,,,,
CLM-000081,482c3997dafdb61f88a0bc98b379636c5997b59f,Scaling People,Founding documents,"Some teams have less measurable outcomes, but they should still have metrics",227,"HughesJohnson2023-scaling-people.epub > Founding documents > Some teams have less measurable outcomes, but they should still have metrics > para 227",epub:spine=11;para=227,"For teams like legal and finance, you can work to measure inputs (usually units of time) and outputs (units of work) to calculate a return on those investments.",2,not_cited,,,,0.65,GENERALIZATION,usually,,,,
CLM-000082,482c3997dafdb61f88a0bc98b379636c5997b59f,Scaling People,Founding documents,"Some teams have less measurable outcomes, but they should still have metrics",227,"HughesJohnson2023-scaling-people.epub > Founding documents > Some teams have less measurable outcomes, but they should still have metrics > para 227",epub:spine=11;para=227,"But it’s instructive to know, for example, that your litigation team spent 800 hours handling potential legal issues in Q3 and that the result was no negative action or settlement against the company when it might have been, say, findings that cost the company $10 million.",4,not_cited,,,,0.65,QUANTITATIVE,800 ,,,,
CLM-000083,482c3997dafdb61f88a0bc98b379636c5997b59f,Scaling People,Founding documents,Introduction,231,HughesJohnson2023-scaling-people.epub > Founding documents > Introduction > para 231,epub:spine=11;para=231,"It isn’t always clear how to develop and use metrics, so we’ve created this playbook to help you and your team(s) develop great metrics.",0,not_cited,,,,0.65,GENERALIZATION,always,,,,
CLM-000084,482c3997dafdb61f88a0bc98b379636c5997b59f,Scaling People,Founding documents,Long-term metrics: mission and vision,236,HughesJohnson2023-scaling-people.epub > Founding documents > Long-term metrics: mission and vision > para 236,epub:spine=11;para=236,A team should aim for three to five charter metrics.,2,not_cited,,,,0.8,NORMATIVE,should,,,,
CLM-000085,482c3997dafdb61f88a0bc98b379636c5997b59f,Scaling People,Founding documents,Short-term metrics: operating or input metrics,237,HughesJohnson2023-scaling-people.epub > Founding documents > Short-term metrics: operating or input metrics > para 237,epub:spine=11;para=237,Operating metrics are often linked directly to team goals.,2,not_cited,,,,0.65,GENERALIZATION,often,,,,
CLM-000086,482c3997dafdb61f88a0bc98b379636c5997b59f,Scaling People,Founding documents,Short-term metrics: operating or input metrics,237,HughesJohnson2023-scaling-people.epub > Founding documents > Short-term metrics: operating or input metrics > para 237,epub:spine=11;para=237,A team should aim for three to five operating metrics.,3,not_cited,,,,0.8,NORMATIVE,should,,,,
CLM-000087,482c3997dafdb61f88a0bc98b379636c5997b59f,Scaling People,Founding documents,Ownership,249,HughesJohnson2023-scaling-people.epub > Founding documents > Ownership > para 249,epub:spine=11;para=249,"In fact, each company target should have an owner or owners, who will most likely be members of the executive team.",4,not_cited,,,,0.8,NORMATIVE,should,,,,
CLM-000088,482c3997dafdb61f88a0bc98b379636c5997b59f,Scaling People,Founding documents,Ownership,252,HughesJohnson2023-scaling-people.epub > Founding documents > Ownership > para 252,epub:spine=11;para=252,"For teams that must collaborate to achieve an outcome, like product and engineering, you might find yourself assigning ownership to a pair of people—risky, but possible—or being more granular about the tasks.",2,not_cited,,,,0.8,NORMATIVE,must,,,,
CLM-000089,482c3997dafdb61f88a0bc98b379636c5997b59f,Scaling People,Founding documents,Accountability mechanisms,255,HughesJohnson2023-scaling-people.epub > Founding documents > Accountability mechanisms > para 255,epub:spine=11;para=255,Decide what your mechanisms are and how often you will use them to check in on a division’s or team’s progress.,4,not_cited,,,,0.65,GENERALIZATION,often,,,,
CLM-000090,482c3997dafdb61f88a0bc98b379636c5997b59f,Scaling People,Founding documents,Accountability mechanisms,257,HughesJohnson2023-scaling-people.epub > Founding documents > Accountability mechanisms > para 257,epub:spine=11;para=257,"QBRs are a common accountability mechanism among companies that have reached a certain level of complexity, for example more than 200 employees and many products and teams.",0,not_cited,,,,0.75,COMPARATIVE|QUANTITATIVE,more than|200 ,,,,
CLM-000091,482c3997dafdb61f88a0bc98b379636c5997b59f,Scaling People,Founding documents,Accountability mechanisms,269,HughesJohnson2023-scaling-people.epub > Founding documents > Accountability mechanisms > para 269,epub:spine=11;para=269,Weekly team metrics review : Use the first 15 minutes of your team meeting to review your metrics.,0,not_cited,,,,0.65,QUANTITATIVE,15 ,,,,
CLM-000092,482c3997dafdb61f88a0bc98b379636c5997b59f,Scaling People,Founding documents,Accountability mechanisms,270,HughesJohnson2023-scaling-people.epub > Founding documents > Accountability mechanisms > para 270,epub:spine=11;para=270,"For managers, the frequency of the accountability mechanisms should correlate with how quickly your team can impact the metrics in question.",0,not_cited,,,,0.8,NORMATIVE,should,,,,
CLM-000093,482c3997dafdb61f88a0bc98b379636c5997b59f,Scaling People,Founding documents,Internal communications,273,HughesJohnson2023-scaling-people.epub > Founding documents > Internal communications > para 273,epub:spine=11;para=273,"It should go without saying that if you need a team dedicated to convincing your employees that you have a great plan and everything is sunshine, you have a big problem.",3,not_cited,,,,0.8,NORMATIVE,should,,,,
CLM-000094,482c3997dafdb61f88a0bc98b379636c5997b59f,Scaling People,Founding documents,When should you start investing in internal communications?,275,HughesJohnson2023-scaling-people.epub > Founding documents > When should you start investing in internal communications? > para 275,epub:spine=11;para=275,"28 At around 150 people, it becomes harder to remember everyone’s name, what team they’re on, and what they’re responsible for.",1,not_cited,,,,0.65,QUANTITATIVE,28 ,,,,
CLM-000095,482c3997dafdb61f88a0bc98b379636c5997b59f,Scaling People,Founding documents,When should you start investing in internal communications?,275,HughesJohnson2023-scaling-people.epub > Founding documents > When should you start investing in internal communications? > para 275,epub:spine=11;para=275,"Hopefully you’ve been documenting your internal communications practices already, but by the time your company hits 150 people, you should have an internal company website, clear communication guidelines, and policies for what information gets stored, through what channels it’s communicated, and what information teams are responsible for maintaining.",2,not_cited,,,,0.8500000000000001,NORMATIVE|QUANTITATIVE,you should|150 ,,,,
CLM-000096,482c3997dafdb61f88a0bc98b379636c5997b59f,Scaling People,Founding documents,Stripe’s writing culture,281,HughesJohnson2023-scaling-people.epub > Founding documents > Stripe’s writing culture > para 281,epub:spine=11;para=281,"If a company doubles in headcount every year, by year three 90 percent of your team members will not have been privy to discussions from year zero.",3,not_cited,,,,0.65,QUANTITATIVE,90 ,,,,
CLM-000097,482c3997dafdb61f88a0bc98b379636c5997b59f,Scaling People,Founding documents,Stripe’s writing culture,285,HughesJohnson2023-scaling-people.epub > Founding documents > Stripe’s writing culture > para 285,epub:spine=11;para=285,Set expectations with teams regarding when they need to send out notes from a meeting and what information the notes should include.,1,not_cited,,,,0.8,NORMATIVE,should,,,,
CLM-000098,482c3997dafdb61f88a0bc98b379636c5997b59f,Scaling People,Founding documents,Make company-wide meetings count,300,HughesJohnson2023-scaling-people.epub > Founding documents > Make company-wide meetings count > para 300,epub:spine=11;para=300,"The internal tools team, which is responsible for the tools that enable employee productivity, invested heavily in building it (among other mechanisms) to help employees better discover information.",2,not_cited,,,,0.75,CAUSAL,enable,,,,
CLM-000099,482c3997dafdb61f88a0bc98b379636c5997b59f,Scaling People,Founding documents,Operating cadence,312,HughesJohnson2023-scaling-people.epub > Founding documents > Operating cadence > para 312,epub:spine=11;para=312,"Cadences will vary by manager, team, and individual, but they should be agreed upon up front by all of the relevant parties.",0,not_cited,,,,0.8,NORMATIVE,should,,,,
CLM-000100,482c3997dafdb61f88a0bc98b379636c5997b59f,Scaling People,Founding documents,Operating cadence,312,HughesJohnson2023-scaling-people.epub > Founding documents > Operating cadence > para 312,epub:spine=11;para=312,"There’s no secret to designing your operating cadence—it depends on the type of team you’re running and, often, on the type of business and company you’re operating within.",2,not_cited,,,,0.65,GENERALIZATION,often,,,,
CLM-000101,482c3997dafdb61f88a0bc98b379636c5997b59f,Scaling People,Founding documents,Operating cadence,321,HughesJohnson2023-scaling-people.epub > Founding documents > Operating cadence > para 321,epub:spine=11;para=321,"Like the smaller unit of a weekly team meeting, your collective operating cadence should help people develop a shared understanding of the importance of their work, how they’re going to accomplish it, what success looks like, and how to measure it.",4,ambiguous,See Figure,next_sentence,(See Figure 8 on the next page for an example of a company-wide operating cadence.),0.8,NORMATIVE,should,,,,
CLM-000102,482c3997dafdb61f88a0bc98b379636c5997b59f,Scaling People,Founding documents,Operating cadence,330,HughesJohnson2023-scaling-people.epub > Founding documents > Operating cadence > para 330,epub:spine=11;para=330,I recommend designing and delegating your operating cadence to suit the preferences and competencies of the leadership team.,0,not_cited,,,,0.8,NORMATIVE,recommend,,,,
CLM-000103,482c3997dafdb61f88a0bc98b379636c5997b59f,Scaling People,Founding documents,Elevate ambitions,379,HughesJohnson2023-scaling-people.epub > Founding documents > Elevate ambitions > para 379,epub:spine=11;para=379,"Know where your team is headed next year, in 4 years, and in 10 years, and develop a compelling vision for that future.",0,not_cited,,,,0.65,QUANTITATIVE,4 ,,,,
CLM-000104,482c3997dafdb61f88a0bc98b379636c5997b59f,Scaling People,Founding documents,Make decisions; be accountable,381,HughesJohnson2023-scaling-people.epub > Founding documents > Make decisions; be accountable > para 381,epub:spine=11;para=381,"Effective leaders embrace decision-making in cases of murky ownership, either making the call themselves or collaborating across the necessary teams to drive an outcome.",1,not_cited,,,,0.75,CAUSAL,drive,,,,
CLM-000105,482c3997dafdb61f88a0bc98b379636c5997b59f,Scaling People,Founding documents,Solve problems,383,HughesJohnson2023-scaling-people.epub > Founding documents > Solve problems > para 383,epub:spine=11;para=383,Our leaders must work with their teams and across Stripe to quickly and effectively solve problems—especially when they’re hard.,1,not_cited,,,,0.8,NORMATIVE,must,,,,
CLM-000106,482c3997dafdb61f88a0bc98b379636c5997b59f,Scaling People,Founding documents,Organizational Foundations,428,HughesJohnson2023-scaling-people.epub > Founding documents > Organizational Foundations > para 428,epub:spine=11;para=428,"If you’re having trouble filling out this template, imagine how your teams and reports must feel!",3,not_cited,,,,0.8,NORMATIVE,must,,,,
CLM-000107,482c3997dafdb61f88a0bc98b379636c5997b59f,Scaling People,Founding documents,Organizational Foundations,429,HughesJohnson2023-scaling-people.epub > Founding documents > Organizational Foundations > para 429,epub:spine=11;para=429,This information should be documented and easily accessible on your team’s and division’s internal homepages.,0,not_cited,,,,0.8,NORMATIVE,should,,,,
CLM-000108,482c3997dafdb61f88a0bc98b379636c5997b59f,Scaling People,Founding documents,Objectives and Metrics Checklist,430,HughesJohnson2023-scaling-people.epub > Founding documents > Objectives and Metrics Checklist > para 430,epub:spine=11;para=430,It’s worthwhile to scrutinize any documented objective for clarity and alignment with the team’s or division’s mission and plan to contribute to company success.,0,not_cited,,,,0.75,CAUSAL,contribute to,,,,
CLM-000109,482c3997dafdb61f88a0bc98b379636c5997b59f,Scaling People,Founding documents,Mid-quarter scoring,472,HughesJohnson2023-scaling-people.epub > Founding documents > Mid-quarter scoring > para 472,epub:spine=11;para=472,"At some point in the quarter, the team should get together to discuss progress to date and give it an approximate score.",0,not_cited,,,,0.8,NORMATIVE,should,,,,
CLM-000110,482c3997dafdb61f88a0bc98b379636c5997b59f,Scaling People,Founding documents,Mid-quarter scoring,472,HughesJohnson2023-scaling-people.epub > Founding documents > Mid-quarter scoring > para 472,epub:spine=11;para=472,Items that are off track or at risk should be discussed further so that the team can find ways to redirect their energy and build in time to recover.,3,not_cited,,,,0.8,NORMATIVE,should,,,,
CLM-000111,482c3997dafdb61f88a0bc98b379636c5997b59f,Scaling People,Founding documents,Prepare for the QBR meeting,490,HughesJohnson2023-scaling-people.epub > Founding documents > Prepare for the QBR meeting > para 490,epub:spine=11;para=490,Provide a link to your QBR document in the calendar and leadership guidebook at least 24 hours in advance of the meeting.,0,not_cited,,,,0.65,QUANTITATIVE,24 ,,,,
CLM-000112,482c3997dafdb61f88a0bc98b379636c5997b59f,Scaling People,Founding documents,Narrative (two pages maximum),505,HughesJohnson2023-scaling-people.epub > Founding documents > Narrative (two pages maximum) > para 505,epub:spine=11;para=505,"Your narrative should be grounded in your charter and operating metrics, including your discussion of performance against goals.",2,not_cited,,,,0.8,NORMATIVE,should,,,,
CLM-000113,482c3997dafdb61f88a0bc98b379636c5997b59f,Scaling People,Founding documents,Narrative (two pages maximum),507,HughesJohnson2023-scaling-people.epub > Founding documents > Narrative (two pages maximum) > para 507,epub:spine=11;para=507,"It’s up to the leader to determine how to balance the discussion, but generally most teams should spend at least 50 percent of their discussion on strategy and outlook.",1,not_cited,,,,0.9000000000000001,NORMATIVE|QUANTITATIVE|GENERALIZATION,should|50 |generally,,,,
CLM-000114,482c3997dafdb61f88a0bc98b379636c5997b59f,Scaling People,Founding documents,Narrative (two pages maximum),508,HughesJohnson2023-scaling-people.epub > Founding documents > Narrative (two pages maximum) > para 508,epub:spine=11;para=508,All metrics not included in your narrative should be included in the metrics performance section of your QBR.,1,not_cited,,,,0.8,NORMATIVE,should,,,,
CLM-000115,482c3997dafdb61f88a0bc98b379636c5997b59f,Scaling People,Founding documents,Example outline,510,HughesJohnson2023-scaling-people.epub > Founding documents > Example outline > para 510,epub:spine=11;para=510,1.1 Support your performance against goals with operating and charter metrics.,1,not_cited,,,,0.65,QUANTITATIVE,1.1 ,,,,
CLM-000116,482c3997dafdb61f88a0bc98b379636c5997b59f,Scaling People,Founding documents,Example outline,511,HughesJohnson2023-scaling-people.epub > Founding documents > Example outline > para 511,epub:spine=11;para=511,1.1 Support your performance against goals with operating and charter metrics.,0,not_cited,,,,0.65,QUANTITATIVE,1.1 ,,,,
CLM-000117,482c3997dafdb61f88a0bc98b379636c5997b59f,Scaling People,Founding documents,Example outline,519,HughesJohnson2023-scaling-people.epub > Founding documents > Example outline > para 519,epub:spine=11;para=519,(Read: What should leadership be worried about?),7,not_cited,,,,0.8,NORMATIVE,should,,,,
CLM-000118,482c3997dafdb61f88a0bc98b379636c5997b59f,Scaling People,Founding documents,Example outline,520,HughesJohnson2023-scaling-people.epub > Founding documents > Example outline > para 520,epub:spine=11;para=520,(Read: What should leadership be worried about?),6,not_cited,,,,0.8,NORMATIVE,should,,,,
CLM-000119,482c3997dafdb61f88a0bc98b379636c5997b59f,Scaling People,Founding documents,Example outline,524,HughesJohnson2023-scaling-people.epub > Founding documents > Example outline > para 524,epub:spine=11;para=524,(Read: What should leadership be worried about?),1,not_cited,,,,0.8,NORMATIVE,should,,,,
CLM-000120,482c3997dafdb61f88a0bc98b379636c5997b59f,Scaling People,Founding documents,Notes,540,HughesJohnson2023-scaling-people.epub > Founding documents > Notes > para 540,epub:spine=11;para=540,"20. Edgar H. Schein and Peter Schein, Organizational Culture and Leadership (Hoboken: Wiley, 2017), 17–27.",0,cited,"(Hoboken: Wiley, 2017)",same_sentence,"20. Edgar H. Schein and Peter Schein, Organizational Culture and Leadership (Hoboken: Wiley, 2017), 17–27.",0.65,QUANTITATIVE,20,,,,
CLM-000121,482c3997dafdb61f88a0bc98b379636c5997b59f,Scaling People,Founding documents,Notes,541,HughesJohnson2023-scaling-people.epub > Founding documents > Notes > para 541,epub:spine=11;para=541,"21. Andrew S. Grove, High Output Management (New York: Knopf Doubleday, 2015), 110–114.",0,cited,"(New York: Knopf Doubleday, 2015)",same_sentence,"21. Andrew S. Grove, High Output Management (New York: Knopf Doubleday, 2015), 110–114.",0.65,QUANTITATIVE,21,,,,
CLM-000122,482c3997dafdb61f88a0bc98b379636c5997b59f,Scaling People,Founding documents,Notes,547,HughesJohnson2023-scaling-people.epub > Founding documents > Notes > para 547,epub:spine=11;para=547,"27. Grove, High Output Management , 110–114.",0,not_cited,,,,0.65,QUANTITATIVE,27,,,,
CLM-000123,482c3997dafdb61f88a0bc98b379636c5997b59f,Scaling People,SIDEBAR,,3,HughesJohnson2023-scaling-people.epub > SIDEBAR >  > para 3,epub:spine=13;para=3,"Although leadership hiring may be more customized in ways appropriate to the level of the hire, the fundamentals and cultural import of leader and employee hiring should be similar.",2,not_cited,,,,0.8,NORMATIVE,should,,,,
CLM-000124,482c3997dafdb61f88a0bc98b379636c5997b59f,Scaling People,SIDEBAR,,10,HughesJohnson2023-scaling-people.epub > SIDEBAR >  > para 10,epub:spine=13;para=10,"For hiring at the middle of the pyramid and above, there should be a separate and set hiring team or committee that includes the same interviewers for every candidate, including key cross-functional partners.",1,not_cited,,,,0.8,NORMATIVE,should,,,,
CLM-000125,482c3997dafdb61f88a0bc98b379636c5997b59f,Scaling People,SIDEBAR,,11,HughesJohnson2023-scaling-people.epub > SIDEBAR >  > para 11,epub:spine=13;para=11,(More on this in the section on leadership hiring on page 190.),2,not_cited,,,,0.65,QUANTITATIVE,190,,,,
CLM-000126,482c3997dafdb61f88a0bc98b379636c5997b59f,Scaling People,SIDEBAR,,12,HughesJohnson2023-scaling-people.epub > SIDEBAR >  > para 12,epub:spine=13;para=12,"But if you’re hiring more support managers to add to an existing team, for example, your process can be more prescriptive, because you know what you’re looking for and you generally know how to find qualified people.",2,not_cited,,,,0.65,GENERALIZATION,generally,,,,
CLM-000127,482c3997dafdb61f88a0bc98b379636c5997b59f,Scaling People,SIDEBAR,Stripe’s Capture the Flag,30,HughesJohnson2023-scaling-people.epub > SIDEBAR > Stripe’s Capture the Flag > para 30,epub:spine=13;para=30,He began coding on February 9.,2,not_cited,,,,0.65,QUANTITATIVE,9,,,,
CLM-000128,482c3997dafdb61f88a0bc98b379636c5997b59f,Scaling People,SIDEBAR,Stripe’s Capture the Flag,42,HughesJohnson2023-scaling-people.epub > SIDEBAR > Stripe’s Capture the Flag > para 42,epub:spine=13;para=42,"You will likely need at least one recruiter and possibly a recruiting coordinator to help with scheduling and logistics once you’re past your initial team—say, 10–20 people—and you know that you will be consistently hiring.",1,not_cited,,,,0.65,QUANTITATIVE,10,,,,
CLM-000129,482c3997dafdb61f88a0bc98b379636c5997b59f,Scaling People,SIDEBAR,Stripe’s Capture the Flag,42,HughesJohnson2023-scaling-people.epub > SIDEBAR > Stripe’s Capture the Flag > para 42,epub:spine=13;para=42,"Once you’re hiring multiple people a week, you should think about building a recruiting team with an experienced leader.",2,not_cited,,,,0.8,NORMATIVE,you should,,,,
CLM-000130,482c3997dafdb61f88a0bc98b379636c5997b59f,Scaling People,SIDEBAR,Stripe’s Capture the Flag,42,HughesJohnson2023-scaling-people.epub > SIDEBAR > Stripe’s Capture the Flag > para 42,epub:spine=13;para=42,"Still, a recruiter should never be a substitute for a hiring manager, meaning the individual hiring for the role.",3,not_cited,,,,0.8500000000000001,NORMATIVE|GENERALIZATION,should|never,,,,
CLM-000131,482c3997dafdb61f88a0bc98b379636c5997b59f,Scaling People,SIDEBAR,My COO story,167,HughesJohnson2023-scaling-people.epub > SIDEBAR > My COO story > para 167,epub:spine=13;para=167,"I had an inkling that this hire would round out our team’s color wheel, adding someone in the blue quadrant, which tends to represent more introverted, analytical, and task-oriented people.",3,not_cited,,,,0.65,GENERALIZATION,tends to,,,,
CLM-000132,482c3997dafdb61f88a0bc98b379636c5997b59f,Scaling People,SIDEBAR,Promoting from within or hiring from outside,170,HughesJohnson2023-scaling-people.epub > SIDEBAR > Promoting from within or hiring from outside > para 170,epub:spine=13;para=170,"Once you’ve identified the kind of person you want for your senior or leadership role, the next question you should ask is whether you should promote from within or hire from outside.",0,not_cited,,,,0.8,NORMATIVE,you should,,,,
CLM-000133,482c3997dafdb61f88a0bc98b379636c5997b59f,Scaling People,SIDEBAR,Promoting from within or hiring from outside,176,HughesJohnson2023-scaling-people.epub > SIDEBAR > Promoting from within or hiring from outside > para 176,epub:spine=13;para=176,"Never forget that you are ultimately the recruiter: Leadership candidates are savvy, and they know that the CEO and the rest of the leadership team are the people who will matter to their success or failure.",4,not_cited,,,,0.65,GENERALIZATION,Never,,,,
CLM-000134,482c3997dafdb61f88a0bc98b379636c5997b59f,Scaling People,SIDEBAR,How to determine whether to hire from within or from outside,177,HughesJohnson2023-scaling-people.epub > SIDEBAR > How to determine whether to hire from within or from outside > para 177,epub:spine=13;para=177,"Once you’ve established the requirements and qualifications for the leadership role and have a few profiles of potential hires, go through the decision tree on the next page in order to scan your current talent pool and determine where you should hire from.",0,not_cited,,,,0.8,NORMATIVE,you should,,,,
CLM-000135,482c3997dafdb61f88a0bc98b379636c5997b59f,Scaling People,SIDEBAR,Interviewing education,212,HughesJohnson2023-scaling-people.epub > SIDEBAR > Interviewing education > para 212,epub:spine=13;para=212,"I always learn something revealing when I ask about their specific role, usually something positive like “It was my idea, but the credit goes to the whole team.”",8,not_cited,,,,0.65,GENERALIZATION,always,,,,
CLM-000136,482c3997dafdb61f88a0bc98b379636c5997b59f,Scaling People,SIDEBAR,Interviewing,221,HughesJohnson2023-scaling-people.epub > SIDEBAR > Interviewing > para 221,epub:spine=13;para=221,"For less frequently hired and leadership roles, I recommend having the same people interview all of the candidates.",0,not_cited,,,,0.8,NORMATIVE,recommend,,,,
CLM-000137,482c3997dafdb61f88a0bc98b379636c5997b59f,Scaling People,SIDEBAR,Interviewing,221,HughesJohnson2023-scaling-people.epub > SIDEBAR > Interviewing > para 221,epub:spine=13;para=221,"For example, if you’re looking for an HR partner, someone from the legal team should also be on the hiring team.",3,not_cited,,,,0.8,NORMATIVE,should,,,,
CLM-000138,482c3997dafdb61f88a0bc98b379636c5997b59f,Scaling People,SIDEBAR,Interviewing,221,HughesJohnson2023-scaling-people.epub > SIDEBAR > Interviewing > para 221,epub:spine=13;para=221,"If it’s a finance role that partners with engineering and product, people from those teams should help evaluate the candidate.",4,not_cited,,,,0.8,NORMATIVE,should,,,,
CLM-000139,482c3997dafdb61f88a0bc98b379636c5997b59f,Scaling People,SIDEBAR,Interviewing,222,HughesJohnson2023-scaling-people.epub > SIDEBAR > Interviewing > para 222,epub:spine=13;para=222,"Once your company is big enough that leadership can no longer meet every candidate, I recommend establishing a program similar to Amazon’s Bar Raiser program.",0,not_cited,,,,0.8,NORMATIVE,recommend,,,,
CLM-000140,482c3997dafdb61f88a0bc98b379636c5997b59f,Scaling People,SIDEBAR,Interviewing,222,HughesJohnson2023-scaling-people.epub > SIDEBAR > Interviewing > para 222,epub:spine=13;para=222,"The Bar Raiser is never from the team for which they’re performing the interview, and they run the equivalent of the hiring committee meeting.",4,not_cited,,,,0.65,GENERALIZATION,never,,,,
CLM-000141,482c3997dafdb61f88a0bc98b379636c5997b59f,Scaling People,SIDEBAR,Interviewing,227,HughesJohnson2023-scaling-people.epub > SIDEBAR > Interviewing > para 227,epub:spine=13;para=227,"Often, if interview panel members held differing views on a candidate, I would probe for more details or ask whether there was a champion on the team who felt strongly about hiring the person.",0,not_cited,,,,0.65,GENERALIZATION,Often,,,,
CLM-000142,482c3997dafdb61f88a0bc98b379636c5997b59f,Scaling People,SIDEBAR,Job level selection,236,HughesJohnson2023-scaling-people.epub > SIDEBAR > Job level selection > para 236,epub:spine=13;para=236,"They don’t necessarily capture impact, especially for jobs like engineering, where someone with less experience could still be 10 times more productive than their peers—the much sought-after “10x engineer,” in engineering parlance.",1,not_cited,,,,0.65,QUANTITATIVE,10 ,,,,
CLM-000143,482c3997dafdb61f88a0bc98b379636c5997b59f,Scaling People,SIDEBAR,Job level selection,238,HughesJohnson2023-scaling-people.epub > SIDEBAR > Job level selection > para 238,epub:spine=13;para=238,"Instead, the recruiter and hiring manager must recommend one of two points in the salary band to offer the candidate.",3,not_cited,,,,0.8,NORMATIVE,must,,,,
CLM-000144,482c3997dafdb61f88a0bc98b379636c5997b59f,Scaling People,SIDEBAR,Job level selection,243,HughesJohnson2023-scaling-people.epub > SIDEBAR > Job level selection > para 243,epub:spine=13;para=243,"I think this flexibility is generally a better approach, but the trick is to get an accurate budget for each division, which means you must correctly allocate cross-company expenses and revenue to each team, which is no easy feat.",2,not_cited,,,,0.8500000000000001,NORMATIVE|GENERALIZATION,must|generally,,,,
CLM-000145,482c3997dafdb61f88a0bc98b379636c5997b59f,Scaling People,SIDEBAR,Job level selection,243,HughesJohnson2023-scaling-people.epub > SIDEBAR > Job level selection > para 243,epub:spine=13;para=243,The currency for success should be doing as much as you can with the resources you’re given instead of focusing on how much your team is allocated compared to others.,5,not_cited,,,,0.8,NORMATIVE,should,,,,
CLM-000146,482c3997dafdb61f88a0bc98b379636c5997b59f,Scaling People,SIDEBAR,Candidate selection,247,HughesJohnson2023-scaling-people.epub > SIDEBAR > Candidate selection > para 247,epub:spine=13;para=247,"Unlike companies that leave all hiring to the discretion of the hiring manager, Stripe has a more consultative process in which the hiring manager owns the decision to recommend a hire to final review but consults other interviewers in order to reach a decision.",0,not_cited,,,,0.8,NORMATIVE,recommend,,,,
CLM-000147,482c3997dafdb61f88a0bc98b379636c5997b59f,Scaling People,SIDEBAR,Candidate selection,252,HughesJohnson2023-scaling-people.epub > SIDEBAR > Candidate selection > para 252,epub:spine=13;para=252,"Even if a team desperately needs to fill a position, there’s never a good reason to compromise on a hire.",1,not_cited,,,,0.65,GENERALIZATION,never,,,,
CLM-000148,482c3997dafdb61f88a0bc98b379636c5997b59f,Scaling People,SIDEBAR,Candidate review,254,HughesJohnson2023-scaling-people.epub > SIDEBAR > Candidate review > para 254,epub:spine=13;para=254,"Stripe’s engineering function hires at high volume, and often doesn’t match an engineer to a team until after the hiring process concludes.",0,not_cited,,,,0.65,GENERALIZATION,often,,,,
CLM-000149,482c3997dafdb61f88a0bc98b379636c5997b59f,Scaling People,SIDEBAR,Decision-making framework,264,HughesJohnson2023-scaling-people.epub > SIDEBAR > Decision-making framework > para 264,epub:spine=13;para=264,This framework provides a process to guide CR participants and hiring stakeholders to the correct hire/no-hire decision (defined as “expected to at least successfully meet expectations [SME] in their first performance review based on ladder and level expectations for the approved level”) in a way that enables an equal opportunity for all candidates to demonstrate fit.,0,not_cited,,,,0.75,CAUSAL,enables,,,,
CLM-000150,482c3997dafdb61f88a0bc98b379636c5997b59f,Scaling People,SIDEBAR,Making the offer,300,HughesJohnson2023-scaling-people.epub > SIDEBAR > Making the offer > para 300,epub:spine=13;para=300,Recruiting processes are like extended conversations between the company—usually represented by the recruiter or hiring manager—and the candidate.,0,not_cited,,,,0.65,GENERALIZATION,usually,,,,
CLM-000151,482c3997dafdb61f88a0bc98b379636c5997b59f,Scaling People,SIDEBAR,Transparency,312,HughesJohnson2023-scaling-people.epub > SIDEBAR > Transparency > para 312,epub:spine=13;para=312,You and your recruiting team or search firm must operate with the utmost discretion.,1,not_cited,,,,0.8,NORMATIVE,must,,,,
CLM-000152,482c3997dafdb61f88a0bc98b379636c5997b59f,Scaling People,SIDEBAR,Decision-making,313,HughesJohnson2023-scaling-people.epub > SIDEBAR > Decision-making > para 313,epub:spine=13;para=313,"At this level, people at other levels often don’t know what kind of leadership they need.",2,not_cited,,,,0.65,GENERALIZATION,often,,,,
CLM-000153,482c3997dafdb61f88a0bc98b379636c5997b59f,Scaling People,SIDEBAR,Identify the main stakeholders affected by the leadership hire,320,HughesJohnson2023-scaling-people.epub > SIDEBAR > Identify the main stakeholders affected by the leadership hire > para 320,epub:spine=13;para=320,"This should include the people who will be reporting directly to the new leadership hire, as well as people who would be significantly affected by the new hire and may work closely with them, for example a critical partner team or a team that will lose or gain scope as a result of the hire.",1,not_cited,,,,0.8,NORMATIVE,should,,,,
CLM-000154,482c3997dafdb61f88a0bc98b379636c5997b59f,Scaling People,SIDEBAR,Identify the main stakeholders affected by the leadership hire,320,HughesJohnson2023-scaling-people.epub > SIDEBAR > Identify the main stakeholders affected by the leadership hire > para 320,epub:spine=13;para=320,That team’s manager should be involved in the hiring process in some way.,2,not_cited,,,,0.8,NORMATIVE,should,,,,
CLM-000155,482c3997dafdb61f88a0bc98b379636c5997b59f,Scaling People,SIDEBAR,Conduct an interview loop that includes key colleagues and stakeholder representatives,322,HughesJohnson2023-scaling-people.epub > SIDEBAR > Conduct an interview loop that includes key colleagues and stakeholder representatives > para 322,epub:spine=13;para=322,"Make sure all interviewers know the focus of their particular interview (such as domain expertise, team management, or strategic thinking) and the rubric by which the interviewer should assess the candidate’s answers.",2,not_cited,,,,0.8,NORMATIVE,should,,,,
CLM-000156,482c3997dafdb61f88a0bc98b379636c5997b59f,Scaling People,SIDEBAR,"Set up the hiring deliberation as a feedback-collection forum, not a decision-making forum",323,"HughesJohnson2023-scaling-people.epub > SIDEBAR > Set up the hiring deliberation as a feedback-collection forum, not a decision-making forum > para 323",epub:spine=13;para=323,"At the start of the meeting, the hiring manager should make clear that, unlike other hiring committee processes you may have, this will be a consultative decision: The hiring committee will provide input to the hiring manager, but it is the hiring manager who will ultimately make the decision, pending references.",1,not_cited,,,,0.8,NORMATIVE,should,,,,
CLM-000157,482c3997dafdb61f88a0bc98b379636c5997b59f,Scaling People,SIDEBAR,Hiring internally,333,HughesJohnson2023-scaling-people.epub > SIDEBAR > Hiring internally > para 333,epub:spine=13;para=333,"If you went through the decision tree on page 171 and decided to hire from within, bringing the team along and running a considered process works the same way, but it can be much more lightweight.",0,not_cited,,,,0.65,QUANTITATIVE,171 ,,,,
CLM-000158,482c3997dafdb61f88a0bc98b379636c5997b59f,Scaling People,SIDEBAR,Onboarding,349,HughesJohnson2023-scaling-people.epub > SIDEBAR > Onboarding > para 349,epub:spine=13;para=349,Companies should seek to design the new-hire onboarding process in a way that feels true to the business.,0,not_cited,,,,0.8,NORMATIVE,should,,,,
CLM-000159,482c3997dafdb61f88a0bc98b379636c5997b59f,Scaling People,SIDEBAR,Onboarding,353,HughesJohnson2023-scaling-people.epub > SIDEBAR > Onboarding > para 353,epub:spine=13;para=353,"I strongly believe that company leadership should take part in onboarding new hires, perhaps in a monthly session where leaders talk about company values and operating principles and, better still, share stories of those principles in action.",0,not_cited,,,,0.8,NORMATIVE,should,,,,
CLM-000160,482c3997dafdb61f88a0bc98b379636c5997b59f,Scaling People,SIDEBAR,Onboarding,354,HughesJohnson2023-scaling-people.epub > SIDEBAR > Onboarding > para 354,epub:spine=13;para=354,"You might deliver that content in your first 1:1, or you could hold a special one- to two-hour session in which you provide the new person (or people) context on the team and the current work and priorities—essentially, translating the company operating system to the team level so that the new hire immediately understands how their work ladders up to the overarching plan.",3,not_cited,,,,0.65,QUANTITATIVE,1,,,,
CLM-000161,482c3997dafdb61f88a0bc98b379636c5997b59f,Scaling People,SIDEBAR,Internal mobility,377,HughesJohnson2023-scaling-people.epub > SIDEBAR > Internal mobility > para 377,epub:spine=13;para=377,"In a fast-growing environment, it’s often unavoidable that some people will have many different managers in fairly short time frames, whether or not they change teams.",0,not_cited,,,,0.65,GENERALIZATION,often,,,,
CLM-000162,482c3997dafdb61f88a0bc98b379636c5997b59f,Scaling People,SIDEBAR,Internal mobility,377,HughesJohnson2023-scaling-people.epub > SIDEBAR > Internal mobility > para 377,epub:spine=13;para=377,One way to mitigate the instability that this causes is to share best practices for manager-to-manager transitions.,2,not_cited,,,,0.75,CAUSAL,causes,,,,
CLM-000163,482c3997dafdb61f88a0bc98b379636c5997b59f,Scaling People,SIDEBAR,New leader onboarding,388,HughesJohnson2023-scaling-people.epub > SIDEBAR > New leader onboarding > para 388,epub:spine=13;para=388,"Just as you should aim to build a core hiring approach that’s similar for general and leadership hires, only adjusting it when warranted, you should seek to standardize your onboarding processes, then add some extra elements for incoming leadership hires.",0,not_cited,,,,0.8,NORMATIVE,you should,,,,
CLM-000164,482c3997dafdb61f88a0bc98b379636c5997b59f,Scaling People,SIDEBAR,New leader onboarding,388,HughesJohnson2023-scaling-people.epub > SIDEBAR > New leader onboarding > para 388,epub:spine=13;para=388,"But since leadership hiring and onboarding is more fraught with rejection risk and since the impact of new leadership hires is immediately felt, either positively or negatively, it’s important to invest extra effort into integrating new leaders into the company and building the support systems that will enable their success.",2,not_cited,,,,0.75,CAUSAL,enable,,,,
CLM-000165,482c3997dafdb61f88a0bc98b379636c5997b59f,Scaling People,SIDEBAR,New leader onboarding,389,HughesJohnson2023-scaling-people.epub > SIDEBAR > New leader onboarding > para 389,epub:spine=13;para=389,"It consists of welcome emails, a series of prescheduled meetings and pre-reads in the form of write-ups about the company and key internal documents, and a leadership assessment (the Hogan Personality Inventory 39 ), plus access to a coach.",1,not_cited,,,,0.65,QUANTITATIVE,39,,,,
CLM-000166,482c3997dafdb61f88a0bc98b379636c5997b59f,Scaling People,SIDEBAR,Hiring mistakes,430,HughesJohnson2023-scaling-people.epub > SIDEBAR > Hiring mistakes > para 430,epub:spine=13;para=430,(There’s more on handling performance issues in Chapter 5.),2,not_cited,,,,0.65,QUANTITATIVE,5,,,,
CLM-000167,482c3997dafdb61f88a0bc98b379636c5997b59f,Scaling People,SIDEBAR,Close your hiring loop,438,HughesJohnson2023-scaling-people.epub > SIDEBAR > Close your hiring loop > para 438,epub:spine=13;para=438,"At the micro level, when a hiring mistake happens, the hiring manager should do a quick retrospective on their process.",1,not_cited,,,,0.8,NORMATIVE,should,,,,
CLM-000168,482c3997dafdb61f88a0bc98b379636c5997b59f,Scaling People,SIDEBAR,Close your hiring loop,456,HughesJohnson2023-scaling-people.epub > SIDEBAR > Close your hiring loop > para 456,epub:spine=13;para=456,"If you can automate this data synthesis across your ATS and whatever HR information systems you use (such as Workday), plus your formal performance review approach—see Chapter 5—this will yield invaluable insights, especially as you grow.",3,ambiguous,see Chapter,same_sentence,"If you can automate this data synthesis across your ATS and whatever HR information systems you use (such as Workday), plus your formal performance review approach—see Chapter 5—this will yield invaluable insights, especially as you grow.",0.65,QUANTITATIVE,5,,,,
CLM-000169,482c3997dafdb61f88a0bc98b379636c5997b59f,Scaling People,SIDEBAR,Close your hiring loop,457,HughesJohnson2023-scaling-people.epub > SIDEBAR > Close your hiring loop > para 457,epub:spine=13;para=457,New hire performance data in the person’s first 12 months versus their performance in the hiring process.,0,not_cited,,,,0.65,QUANTITATIVE,12 ,,,,
CLM-000170,482c3997dafdb61f88a0bc98b379636c5997b59f,Scaling People,SIDEBAR,Close your hiring loop,457,HughesJohnson2023-scaling-people.epub > SIDEBAR > Close your hiring loop > para 457,epub:spine=13;para=457,"An easy thing to do is to send a quick performance survey to managers at certain milestones, such as 6 weeks, 12 weeks, or 6 months.",1,not_cited,,,,0.65,QUANTITATIVE,6 ,,,,
CLM-000171,482c3997dafdb61f88a0bc98b379636c5997b59f,Scaling People,SIDEBAR,Interview process:,480,HughesJohnson2023-scaling-people.epub > SIDEBAR > Interview process: > para 480,epub:spine=13;para=480,Onsite interviews Collaboration and conscientiousness: 45 minutes Willingness to be wrong and intrinsic motivation: 45 minutes Structured thinking (hiring manager roleplay): 45 minutes,0,not_cited,,,,0.65,QUANTITATIVE,45 ,,,,
CLM-000172,482c3997dafdb61f88a0bc98b379636c5997b59f,Scaling People,SIDEBAR,Interview process:,483,HughesJohnson2023-scaling-people.epub > SIDEBAR > Interview process: > para 483,epub:spine=13;para=483,Structured thinking (hiring manager roleplay): 45 minutes,0,not_cited,,,,0.65,QUANTITATIVE,45 ,,,,
CLM-000173,482c3997dafdb61f88a0bc98b379636c5997b59f,Scaling People,SIDEBAR,Question 3:,592,HughesJohnson2023-scaling-people.epub > SIDEBAR > Question 3: > para 592,epub:spine=13;para=592,"Does not typically approach the topic of diversity, equity, and inclusion or diversifying pipelines with hiring partners; in specific situations where they’ve had to do this, they have relied heavily on their manager or other stakeholders to do so.",0,not_cited,,,,0.65,GENERALIZATION,typically,,,,
CLM-000174,482c3997dafdb61f88a0bc98b379636c5997b59f,Scaling People,SIDEBAR,Result:,695,HughesJohnson2023-scaling-people.epub > SIDEBAR > Result: > para 695,epub:spine=13;para=695,Implements feedback but does not demonstrate a robust decision-making framework for prioritizing the feedback and determining if it should inform the design or solution.,0,not_cited,,,,0.8,NORMATIVE,should,,,,
CLM-000175,482c3997dafdb61f88a0bc98b379636c5997b59f,Scaling People,SIDEBAR,Result:,698,HughesJohnson2023-scaling-people.epub > SIDEBAR > Result: > para 698,epub:spine=13;para=698,"Is willing to adjust their plan to incorporate feedback and new information but does so without weighing the quality of the feedback (e.g., “Hiring manager said we should do X, so I did X”).",0,not_cited,,,,0.8,NORMATIVE,should,,,,
CLM-000176,482c3997dafdb61f88a0bc98b379636c5997b59f,Scaling People,SIDEBAR,Task:,769,HughesJohnson2023-scaling-people.epub > SIDEBAR > Task: > para 769,epub:spine=13;para=769,Takes coaching from the hiring manager well but relies on them to drive some aspects of the conversation.,0,not_cited,,,,0.75,CAUSAL,drive,,,,
CLM-000177,482c3997dafdb61f88a0bc98b379636c5997b59f,Scaling People,SIDEBAR,Task:,770,HughesJohnson2023-scaling-people.epub > SIDEBAR > Task: > para 770,epub:spine=13;para=770,"Drives the conversation and leverages the hiring manager’s existing knowledge base, knowing when and how to inform others.",0,not_cited,,,,0.75,CAUSAL,Drives,,,,
CLM-000178,482c3997dafdb61f88a0bc98b379636c5997b59f,Scaling People,SIDEBAR,Candidate Review: Decision-Making Framework,914,HughesJohnson2023-scaling-people.epub > SIDEBAR > Candidate Review: Decision-Making Framework > para 914,epub:spine=13;para=914,"Because we often match an engineering hire with a team after they’ve gone through the hiring process, candidate review (CR) acts as both a hiring manager and an equity process.",0,not_cited,,,,0.65,GENERALIZATION,often,,,,
CLM-000179,482c3997dafdb61f88a0bc98b379636c5997b59f,Scaling People,SIDEBAR,Step 1: Candidate submission,918,HughesJohnson2023-scaling-people.epub > SIDEBAR > Step 1: Candidate submission > para 918,epub:spine=13;para=918,"A suggested outcome: Yes for the company, no for my team (this outcome should be very rare and include a clear rationale) Company hire Team hire No hire",0,not_cited,,,,0.8,NORMATIVE,should,,,,
CLM-000180,482c3997dafdb61f88a0bc98b379636c5997b59f,Scaling People,SIDEBAR,Step 1: Candidate submission,919,HughesJohnson2023-scaling-people.epub > SIDEBAR > Step 1: Candidate submission > para 919,epub:spine=13;para=919,"Yes for the company, no for my team (this outcome should be very rare and include a clear rationale)",0,not_cited,,,,0.8,NORMATIVE,should,,,,
CLM-000181,482c3997dafdb61f88a0bc98b379636c5997b59f,Scaling People,SIDEBAR,Step 2: Hiring committee scorecard and hiring manager rationale review,927,HughesJohnson2023-scaling-people.epub > SIDEBAR > Step 2: Hiring committee scorecard and hiring manager rationale review > para 927,epub:spine=13;para=927,"Each score should map directly to the interview rubric and therefore give a reasonably objective, high-level overview of the candidate’s performance.",0,not_cited,,,,0.8,NORMATIVE,should,,,,
CLM-000182,482c3997dafdb61f88a0bc98b379636c5997b59f,Scaling People,SIDEBAR,Step 2: Hiring committee scorecard and hiring manager rationale review,931,HughesJohnson2023-scaling-people.epub > SIDEBAR > Step 2: Hiring committee scorecard and hiring manager rationale review > para 931,epub:spine=13;para=931,"The scorecard should call those out early in the “hiring manager rationale” and/or “resolved FUD (fear, uncertainty, or doubt)” sections of the scorecard.",1,not_cited,,,,0.8,NORMATIVE,should,,,,
CLM-000183,482c3997dafdb61f88a0bc98b379636c5997b59f,Scaling People,SIDEBAR,3. New manager follows up with any action items.,970,HughesJohnson2023-scaling-people.epub > SIDEBAR > 3. New manager follows up with any action items. > para 970,epub:spine=13;para=970,"Once the transition meeting is over, the new manager should follow up with any action items, since they will be owning the relationship going forward.",0,not_cited,,,,0.8,NORMATIVE,should,,,,
CLM-000184,482c3997dafdb61f88a0bc98b379636c5997b59f,Scaling People,SIDEBAR,Management style,990,HughesJohnson2023-scaling-people.epub > SIDEBAR > Management style > para 990,epub:spine=13;para=990,"That said, when I’m new to a project or team, I often get into the work alongside people so I can be a better leader.",2,not_cited,,,,0.65,GENERALIZATION,often,,,,
CLM-000185,482c3997dafdb61f88a0bc98b379636c5997b59f,Scaling People,SIDEBAR,Communication,1015,HughesJohnson2023-scaling-people.epub > SIDEBAR > Communication > para 1015,epub:spine=13;para=1015,"If you add me to a team email celebrating something that I somehow missed, I’ll know that’s the signal for me to weigh in, usually with “Yay!”",0,not_cited,,,,0.65,GENERALIZATION,usually,,,,
CLM-000186,482c3997dafdb61f88a0bc98b379636c5997b59f,Scaling People,SIDEBAR,Operating approach,1034,HughesJohnson2023-scaling-people.epub > SIDEBAR > Operating approach > para 1034,epub:spine=13;para=1034,"Include how you like to work, your day-to-day cadence (including 1:1s, other recurring staff meetings, and your operating cadence), what to loop you in on, longer-term strategic and planning cadence, and how you keep a pulse on your team and meet with them.",0,not_cited,,,,0.65,QUANTITATIVE,1,,,,
CLM-000187,482c3997dafdb61f88a0bc98b379636c5997b59f,Scaling People,SIDEBAR,What makes for a successful NLE?,1053,HughesJohnson2023-scaling-people.epub > SIDEBAR > What makes for a successful NLE? > para 1053,epub:spine=13;para=1053,"Week 1 : Manager, onboarding buddy, company guide, and people partner (weekly for four weeks).",0,not_cited,,,,0.65,QUANTITATIVE,1,,,,
CLM-000188,482c3997dafdb61f88a0bc98b379636c5997b59f,Scaling People,SIDEBAR,What makes for a successful NLE?,1054,HughesJohnson2023-scaling-people.epub > SIDEBAR > What makes for a successful NLE? > para 1054,epub:spine=13;para=1054,"Weeks 2–4 : Team deep dives, new direct reports, new skip-level reports, finance business partner, recruiting partner.",0,not_cited,,,,0.65,QUANTITATIVE,2,,,,
CLM-000189,482c3997dafdb61f88a0bc98b379636c5997b59f,Scaling People,SIDEBAR,What makes for a successful NLE?,1056,HughesJohnson2023-scaling-people.epub > SIDEBAR > What makes for a successful NLE? > para 1056,epub:spine=13;para=1056,"Weeks 5–8 : Key partners, other divisional leaders, and team immersion with people partner.",0,not_cited,,,,0.65,QUANTITATIVE,5,,,,
CLM-000190,482c3997dafdb61f88a0bc98b379636c5997b59f,Scaling People,SIDEBAR,What makes for a successful NLE?,1061,HughesJohnson2023-scaling-people.epub > SIDEBAR > What makes for a successful NLE? > para 1061,epub:spine=13;para=1061,"Send the leader their welcome doc, which typically includes their onboarding support team, this checklist, important 1:1s, team deep dives, suggested reading (company and division level), and suggested comms channels (e.g., Slack channels and email groups to join).",0,not_cited,,,,0.7000000000000001,QUANTITATIVE|GENERALIZATION,1|typically,,,,
CLM-000191,482c3997dafdb61f88a0bc98b379636c5997b59f,Scaling People,Team structures,,4,HughesJohnson2023-scaling-people.epub > Team structures >  > para 4,epub:spine=15;para=4,"When I talk to other leaders about team development, the first concern I often hear is that there are constantly new people joining the company, which means there’s an ongoing need to revamp team processes.",0,not_cited,,,,0.65,GENERALIZATION,often,,,,
CLM-000192,482c3997dafdb61f88a0bc98b379636c5997b59f,Scaling People,Team structures,Team structures,9,HughesJohnson2023-scaling-people.epub > Team structures > Team structures > para 9,epub:spine=15;para=9,"When it comes to structuring teams, always start with your strategy.",1,ambiguous,see Chapter,next_sentence,As you look at your plans and priorities—see Chapter 2 for more on planning—consider how best to arrange your teams to achieve both your short-term goals and your long-term strategic trajectory.,0.65,GENERALIZATION,always,,,,
CLM-000193,482c3997dafdb61f88a0bc98b379636c5997b59f,Scaling People,Team structures,Team structures,9,HughesJohnson2023-scaling-people.epub > Team structures > Team structures > para 9,epub:spine=15;para=9,As you look at your plans and priorities—see Chapter 2 for more on planning—consider how best to arrange your teams to achieve both your short-term goals and your long-term strategic trajectory.,2,ambiguous,see Chapter,same_sentence,As you look at your plans and priorities—see Chapter 2 for more on planning—consider how best to arrange your teams to achieve both your short-term goals and your long-term strategic trajectory.,0.65,QUANTITATIVE,2 ,,,,
CLM-000194,482c3997dafdb61f88a0bc98b379636c5997b59f,Scaling People,Team structures,Team structures,13,HughesJohnson2023-scaling-people.epub > Team structures > Team structures > para 13,epub:spine=15;para=13,"In a fast-moving environment, you should reexamine divisional and team structures at least once a year.",3,not_cited,,,,0.8,NORMATIVE,you should,,,,
CLM-000195,482c3997dafdb61f88a0bc98b379636c5997b59f,Scaling People,Team structures,"Teams, working groups, and projects",16,"HughesJohnson2023-scaling-people.epub > Team structures > Teams, working groups, and projects > para 16",epub:spine=15;para=16,"Too often, the terms “teams,” “projects,” and “working groups” are used interchangeably, to the detriment of the group’s productivity.",0,not_cited,,,,0.65,GENERALIZATION,often,,,,
CLM-000196,482c3997dafdb61f88a0bc98b379636c5997b59f,Scaling People,Team structures,"Teams, working groups, and projects",16,"HughesJohnson2023-scaling-people.epub > Team structures > Teams, working groups, and projects > para 16",epub:spine=15;para=16,Or maybe you tasked a few people with a project when you really should have created a more formal sub-team with stronger long-term accountability.,2,not_cited,,,,0.8,NORMATIVE,should,,,,
CLM-000197,482c3997dafdb61f88a0bc98b379636c5997b59f,Scaling People,Team structures,"Teams, working groups, and projects",22,"HughesJohnson2023-scaling-people.epub > Team structures > Teams, working groups, and projects > para 22",epub:spine=15;para=22,"If a working group needs to persist past a few months, perhaps your overall structure is wrong and that group should be its own team.",3,not_cited,,,,0.8,NORMATIVE,should,,,,
CLM-000198,482c3997dafdb61f88a0bc98b379636c5997b59f,Scaling People,Team structures,"Teams, working groups, and projects",23,"HughesJohnson2023-scaling-people.epub > Team structures > Teams, working groups, and projects > para 23",epub:spine=15;para=23,"Second, the structure’s persistence will be confusing to permanent teams, which should hold the primary scope and accountability for work that must be persistently done.",3,not_cited,,,,0.8,NORMATIVE,should,,,,
CLM-000199,482c3997dafdb61f88a0bc98b379636c5997b59f,Scaling People,Team structures,Code Yellows,26,HughesJohnson2023-scaling-people.epub > Team structures > Code Yellows > para 26,epub:spine=15;para=26,"Although Code Yellows are rare, they’re a great example of how to successfully deploy a working group, usually across functions, to solve a particularly high-risk or existential threat.",1,not_cited,,,,0.65,GENERALIZATION,usually,,,,
CLM-000200,482c3997dafdb61f88a0bc98b379636c5997b59f,Scaling People,Team structures,What does it entail?,33,HughesJohnson2023-scaling-people.epub > Team structures > What does it entail? > para 33,epub:spine=15;para=33,Have the power to convene the leadership team to make decisions with a 24-hour response time SLA (service-level agreement).,0,not_cited,,,,0.65,QUANTITATIVE,24,,,,
CLM-000201,482c3997dafdb61f88a0bc98b379636c5997b59f,Scaling People,Team structures,What does it entail?,34,HughesJohnson2023-scaling-people.epub > Team structures > What does it entail? > para 34,epub:spine=15;para=34,"Typically work longer hours than the average team, including longer hours on weekends when needed.",0,not_cited,,,,0.65,GENERALIZATION,Typically,,,,
CLM-000202,482c3997dafdb61f88a0bc98b379636c5997b59f,Scaling People,Team structures,How long should a Code Yellow last?,36,HughesJohnson2023-scaling-people.epub > Team structures > How long should a Code Yellow last? > para 36,epub:spine=15;para=36,"Generally, a Code Yellow should last as long as is necessary to accomplish its goal.",0,not_cited,,,,0.8500000000000001,NORMATIVE|GENERALIZATION,should|Generally,,,,
CLM-000203,482c3997dafdb61f88a0bc98b379636c5997b59f,Scaling People,Team structures,How can you trigger a Code Yellow?,37,HughesJohnson2023-scaling-people.epub > Team structures > How can you trigger a Code Yellow? > para 37,epub:spine=15;para=37,"If someone thinks there’s a project or situation that warrants this operating mode, they should speak with their manager or reach out directly to someone on the leadership team.",1,not_cited,,,,0.8,NORMATIVE,should,,,,
CLM-000204,482c3997dafdb61f88a0bc98b379636c5997b59f,Scaling People,Team structures,Structuring teams,40,HughesJohnson2023-scaling-people.epub > Team structures > Structuring teams > para 40,epub:spine=15;para=40,"Earlier-stage companies tend to organize teams around functions, such as product, engineering, support, and sales, which makes sense because companies usually start with just one product.",0,not_cited,,,,0.65,GENERALIZATION,tend to,,,,
CLM-000205,482c3997dafdb61f88a0bc98b379636c5997b59f,Scaling People,Team structures,Structuring teams,40,HughesJohnson2023-scaling-people.epub > Team structures > Structuring teams > para 40,epub:spine=15;para=40,"Functional structures are also useful in times of rapid growth, when team members need to concentrate on figuring out how the function works and are rapidly onboarding new people into what is often an evolving set of processes and practices.",1,not_cited,,,,0.65,GENERALIZATION,often,,,,
CLM-000206,482c3997dafdb61f88a0bc98b379636c5997b59f,Scaling People,Team structures,Structuring teams,43,HughesJohnson2023-scaling-people.epub > Team structures > Structuring teams > para 43,epub:spine=15;para=43,"In situations where you have multiple products and want to make a single leader accountable for each one’s performance but also want to centralize product distribution and support, you’ll often end up with a hybrid structure.",6,ambiguous,See Figure,same_paragraph_other,"ance but also want to centralize product distribution and support, you’ll often end up with a hybrid structure. In that case, you’ll need to carefully design the accountability framework and consider where you place what I call the hinge. (See Figure 17 on the next page.)",0.65,GENERALIZATION,often,,,,
CLM-000207,482c3997dafdb61f88a0bc98b379636c5997b59f,Scaling People,Team structures,Eligibility,50,HughesJohnson2023-scaling-people.epub > Team structures > Eligibility > para 50,epub:spine=15;para=50,"Teams that constitute a clearly defined business and can be evaluated on a set of easily agreed-upon metrics that are mostly extrinsic to the company and predominantly within the team’s direct control (e.g., revenue for the product line, margin contributed, 30-day active users) can be organized into structures with a single multidisciplinary manager.",0,not_cited,,,,0.65,QUANTITATIVE,30,,,,
CLM-000208,482c3997dafdb61f88a0bc98b379636c5997b59f,Scaling People,Team structures,Reporting,52,HughesJohnson2023-scaling-people.epub > Team structures > Reporting > para 52,epub:spine=15;para=52,"Product development job families (engineer, engineering manager, product manager) should report directly to the BL or up through the BL, depending on the size of the organization.",0,not_cited,,,,0.8,NORMATIVE,should,,,,
CLM-000209,482c3997dafdb61f88a0bc98b379636c5997b59f,Scaling People,Team structures,Reporting,53,HughesJohnson2023-scaling-people.epub > Team structures > Reporting > para 53,epub:spine=15;para=53,"In practice, this means that managers will collaborate on goal setting and performance reviews, and the individual will likely have separate 1:1s with each manager.",3,not_cited,,,,0.65,QUANTITATIVE,1,,,,
CLM-000210,482c3997dafdb61f88a0bc98b379636c5997b59f,Scaling People,Team structures,Layering your team,77,HughesJohnson2023-scaling-people.epub > Team structures > Layering your team > para 77,epub:spine=15;para=77,"I often start by sketching out the desired team structure on a sheet of paper or a whiteboard, with details on the remit of each role but without names attached.",1,not_cited,,,,0.65,GENERALIZATION,often,,,,
CLM-000211,482c3997dafdb61f88a0bc98b379636c5997b59f,Scaling People,Team structures,Layering your team,81,HughesJohnson2023-scaling-people.epub > Team structures > Layering your team > para 81,epub:spine=15;para=81,"As one should, he started by describing the strategy and the team he’d assembled.",2,not_cited,,,,0.8,NORMATIVE,should,,,,
CLM-000212,482c3997dafdb61f88a0bc98b379636c5997b59f,Scaling People,Team structures,Layering your team,82,HughesJohnson2023-scaling-people.epub > Team structures > Layering your team > para 82,epub:spine=15;para=82,"Too often, managers are caught up in formal reporting structures when they should instead obsess about what the team that will help them win looks like, and then go about assembling that team without respect to formal reporting.",1,not_cited,,,,0.8500000000000001,NORMATIVE|GENERALIZATION,should|often,,,,
CLM-000213,482c3997dafdb61f88a0bc98b379636c5997b59f,Scaling People,Team structures,Layering your team,83,HughesJohnson2023-scaling-people.epub > Team structures > Layering your team > para 83,epub:spine=15;para=83,"(There’s more on internal and external leadership hiring in Chapter 3, and more on team restructuring and change management on page 278.)",1,not_cited,,,,0.65,QUANTITATIVE,3,,,,
CLM-000214,482c3997dafdb61f88a0bc98b379636c5997b59f,Scaling People,Team structures,Diagnosing team state,84,HughesJohnson2023-scaling-people.epub > Team structures > Diagnosing team state > para 84,epub:spine=15;para=84,"You should be able to answer that question at any time, but it’s especially important to take stock when you start managing a new team in order to assess whether it has the structures, plan, and people it needs to deliver excellent results.",4,ambiguous,see Chapter,same_paragraph_other,"Once you’ve determined that you need to invest in a lasting team and not a more temporary structure, assess your starting point. Do you have the team you need? If not, see Chapter 3 and get to work hiring. If you do have the team, or most of it, ask yourself: How is the team doing? You should be able to answer that question at any time, but it’s especially important to take stock when you start managing a",0.8,NORMATIVE,You should,,,,
CLM-000215,482c3997dafdb61f88a0bc98b379636c5997b59f,Scaling People,Team structures,Diagnosing team state,85,HughesJohnson2023-scaling-people.epub > Team structures > Diagnosing team state > para 85,epub:spine=15;para=85,"Identify whether the team’s operating system needs work—see Chapter 2—and make any needed improvements, like clarifying the mission or goals.",1,ambiguous,see Chapter,same_sentence,"Identify whether the team’s operating system needs work—see Chapter 2—and make any needed improvements, like clarifying the mission or goals.",0.65,QUANTITATIVE,2,,,,
CLM-000216,482c3997dafdb61f88a0bc98b379636c5997b59f,Scaling People,Team structures,Diagnosing team state,86,HughesJohnson2023-scaling-people.epub > Team structures > Diagnosing team state > para 86,epub:spine=15;para=86,"To start assessing your team’s state, I recommend surveying the group.",0,not_cited,,,,0.8,NORMATIVE,recommend,,,,
CLM-000217,482c3997dafdb61f88a0bc98b379636c5997b59f,Scaling People,Team structures,Diagnosing team state,87,HughesJohnson2023-scaling-people.epub > Team structures > Diagnosing team state > para 87,epub:spine=15;para=87,"41 If you find that one or more of these dysfunctions is present, have a discussion with the team about the survey results to build mutual self-awareness and determine what you might do to address any issues.",1,not_cited,,,,0.65,QUANTITATIVE,41 ,,,,
CLM-000218,482c3997dafdb61f88a0bc98b379636c5997b59f,Scaling People,Team structures,Diagnosing team state,87,HughesJohnson2023-scaling-people.epub > Team structures > Diagnosing team state > para 87,epub:spine=15;para=87,(See the section on team offsites on page 290.),3,not_cited,,,,0.65,QUANTITATIVE,290,,,,
CLM-000219,482c3997dafdb61f88a0bc98b379636c5997b59f,Scaling People,Team structures,Reorganizations,105,HughesJohnson2023-scaling-people.epub > Team structures > Reorganizations > para 105,epub:spine=15;para=105,"Whether you’re the manager making the change or one of the people affected by it, it’s useful to think about the principles and steps that can lead to the most successful outcomes with the least divisional thrash.",3,not_cited,,,,0.75,CAUSAL,lead to,,,,
CLM-000220,482c3997dafdb61f88a0bc98b379636c5997b59f,Scaling People,Team structures,Why reorganize your team (or teams)?,107,HughesJohnson2023-scaling-people.epub > Team structures > Why reorganize your team (or teams)? > para 107,epub:spine=15;para=107,"This type of trigger is often why teams make structural changes at the end or beginning of a new year or new fiscal year, when companies and teams are setting new priorities and need to adjust.",3,not_cited,,,,0.65,GENERALIZATION,often,,,,
CLM-000221,482c3997dafdb61f88a0bc98b379636c5997b59f,Scaling People,Team structures,Why reorganize your team (or teams)?,108,HughesJohnson2023-scaling-people.epub > Team structures > Why reorganize your team (or teams)? > para 108,epub:spine=15;para=108,Their team must now be led by a different manager.,2,not_cited,,,,0.8,NORMATIVE,must,,,,
CLM-000222,482c3997dafdb61f88a0bc98b379636c5997b59f,Scaling People,Team structures,Why reorganize your team (or teams)?,108,HughesJohnson2023-scaling-people.epub > Team structures > Why reorganize your team (or teams)? > para 108,epub:spine=15;para=108,"Manager changes almost always lead to some team changes, and the more senior the manager, the bigger the reverberations.",4,not_cited,,,,0.8,CAUSAL|GENERALIZATION,lead to|always,,,,
CLM-000223,482c3997dafdb61f88a0bc98b379636c5997b59f,Scaling People,Team structures,Why reorganize your team (or teams)?,109,HughesJohnson2023-scaling-people.epub > Team structures > Why reorganize your team (or teams)? > para 109,epub:spine=15;para=109,"There’s a third trigger I’ve often seen misused: an underperforming team, or a team that otherwise isn’t working well together.",0,ambiguous,see Chapter,same_paragraph_other,"deeper rather than default to restructuring. You may need to bring in a new leader, change how the team works, or do more work to converge around a shared vision. (See the section on underperforming teams on page 320 for more on this, and see Chapter 5 for more on managing leadership performance issues.) You may need to change out some talent or even work on yourself to improve how you lead. Be careful not to use reorgs as a catchall solution for a team’s problems.",0.65,GENERALIZATION,often,,,,
CLM-000224,482c3997dafdb61f88a0bc98b379636c5997b59f,Scaling People,Team structures,Why reorganize your team (or teams)?,109,HughesJohnson2023-scaling-people.epub > Team structures > Why reorganize your team (or teams)? > para 109,epub:spine=15;para=109,"(See the section on underperforming teams on page 320 for more on this, and see Chapter 5 for more on managing leadership performance issues.)",6,ambiguous,see Chapter,same_sentence,"(See the section on underperforming teams on page 320 for more on this, and see Chapter 5 for more on managing leadership performance issues.)",0.65,QUANTITATIVE,320 ,,,,
CLM-000225,482c3997dafdb61f88a0bc98b379636c5997b59f,Scaling People,Team structures,Structure versus stability,114,HughesJohnson2023-scaling-people.epub > Team structures > Structure versus stability > para 114,epub:spine=15;para=114,"If your company has been growing a lot and your teams have been restructuring often, you may want to delay yet another disruption to your employees’ work in favor of stability.",1,not_cited,,,,0.65,GENERALIZATION,often,,,,
CLM-000226,482c3997dafdb61f88a0bc98b379636c5997b59f,Scaling People,Team structures,Phase 0 (one month): Decide whether you need a reorg and determine your new structure,122,HughesJohnson2023-scaling-people.epub > Team structures > Phase 0 (one month): Decide whether you need a reorg and determine your new structure > para 122,epub:spine=15;para=122,"This phase should only involve a very small number of people: your manager, HR, and maybe the peers who could be affected and need to weigh in on a final structure.",0,not_cited,,,,0.8,NORMATIVE,should,,,,
CLM-000227,482c3997dafdb61f88a0bc98b379636c5997b59f,Scaling People,Team structures,Phase 0 (one month): Decide whether you need a reorg and determine your new structure,122,HughesJohnson2023-scaling-people.epub > Team structures > Phase 0 (one month): Decide whether you need a reorg and determine your new structure > para 122,epub:spine=15;para=122,(See the section on team structures on page 262.),2,not_cited,,,,0.65,QUANTITATIVE,262,,,,
CLM-000228,482c3997dafdb61f88a0bc98b379636c5997b59f,Scaling People,Team structures,Phase 0 (one month): Decide whether you need a reorg and determine your new structure,123,HughesJohnson2023-scaling-people.epub > Team structures > Phase 0 (one month): Decide whether you need a reorg and determine your new structure > para 123,epub:spine=15;para=123,"The outcome of this stage should be that you have a design for the new structure with every person accounted for and that you, your manager, and your peers are on board with the change.",1,not_cited,,,,0.8,NORMATIVE,should,,,,
CLM-000229,482c3997dafdb61f88a0bc98b379636c5997b59f,Scaling People,Team structures,Phase 2 (one to two days): Create a communications plan and inform all of those affected,127,HughesJohnson2023-scaling-people.epub > Team structures > Phase 2 (one to two days): Create a communications plan and inform all of those affected > para 127,epub:spine=15;para=127,Tell the teams and people who are most impacted first—usually those who will have a new manager.,0,not_cited,,,,0.65,GENERALIZATION,usually,,,,
CLM-000230,482c3997dafdb61f88a0bc98b379636c5997b59f,Scaling People,Team structures,Phase 2 (one to two days): Create a communications plan and inform all of those affected,129,HughesJohnson2023-scaling-people.epub > Team structures > Phase 2 (one to two days): Create a communications plan and inform all of those affected > para 129,epub:spine=15;para=129,"Reorgs are often an opportunity for leaders and team members to take on more responsibility and step up in the new structure, so treat them as an opportunity, not a cost.",0,not_cited,,,,0.65,GENERALIZATION,often,,,,
CLM-000231,482c3997dafdb61f88a0bc98b379636c5997b59f,Scaling People,Team structures,Career conversations,131,HughesJohnson2023-scaling-people.epub > Team structures > Career conversations > para 131,epub:spine=15;para=131,These conversations never fail to yield important insights about individuals’ motivations and how their own aspirations may or may not fit within the team mission.,2,not_cited,,,,0.65,GENERALIZATION,never,,,,
CLM-000232,482c3997dafdb61f88a0bc98b379636c5997b59f,Scaling People,Team structures,Career conversations,132,HughesJohnson2023-scaling-people.epub > Team structures > Career conversations > para 132,epub:spine=15;para=132,These conversations should take place after a few months of working together so that you know each other well enough to be comfortable talking about ambitions and motivations but before any sort of formal performance review has taken place.,0,not_cited,,,,0.8,NORMATIVE,should,,,,
CLM-000233,482c3997dafdb61f88a0bc98b379636c5997b59f,Scaling People,Team structures,Career conversations,132,HughesJohnson2023-scaling-people.epub > Team structures > Career conversations > para 132,epub:spine=15;para=132,"A bigger-picture discussion like this will help you get to know each other, build trust, and, ideally, inform your ability to make better decisions about what that person should focus on to achieve their career goals, whether inside or outside the team.",1,not_cited,,,,0.8,NORMATIVE,should,,,,
CLM-000234,482c3997dafdb61f88a0bc98b379636c5997b59f,Scaling People,Team structures,Delegating,141,HughesJohnson2023-scaling-people.epub > Team structures > Delegating > para 141,epub:spine=15;para=141,"Successfully delegating work should provide you and your team with more leverage, develop your people, build trust with your team, cultivate mutual reliance across your reports, and help you retain good talent.",3,not_cited,,,,0.8,NORMATIVE,should,,,,
CLM-000235,482c3997dafdb61f88a0bc98b379636c5997b59f,Scaling People,Team structures,Delegating,149,HughesJohnson2023-scaling-people.epub > Team structures > Delegating > para 149,epub:spine=15;para=149,The DRI is sometimes a team leader or executive but could just as often be a team member.,1,not_cited,,,,0.65,GENERALIZATION,often,,,,
CLM-000236,482c3997dafdb61f88a0bc98b379636c5997b59f,Scaling People,Team structures,Delegating,151,HughesJohnson2023-scaling-people.epub > Team structures > Delegating > para 151,epub:spine=15;para=151,"Much like a Code Yellow—see the sidebar on page 266—the most useful aspect of the term is that everyone knows what it means, and thus it affords the DRI the authority to do what’s needed to meet objectives.",1,not_cited,,,,0.65,QUANTITATIVE,266,,,,
CLM-000237,482c3997dafdb61f88a0bc98b379636c5997b59f,Scaling People,Team structures,When to delegate,174,HughesJohnson2023-scaling-people.epub > Team structures > When to delegate > para 174,epub:spine=15;para=174,"If the work you’re doing is not in the upper-right quadrant (high impact–trapdoor outcome) and you’re managing a team or teams, you should almost always delegate it.",0,not_cited,,,,0.8500000000000001,NORMATIVE|GENERALIZATION,you should|always,,,,
CLM-000238,482c3997dafdb61f88a0bc98b379636c5997b59f,Scaling People,Team structures,When to delegate,174,HughesJohnson2023-scaling-people.epub > Team structures > When to delegate > para 174,epub:spine=15;para=174,"For example, sometimes you should delegate high-impact trapdoor decisions to help someone on your team grow.",2,not_cited,,,,0.8,NORMATIVE,you should,,,,
CLM-000239,482c3997dafdb61f88a0bc98b379636c5997b59f,Scaling People,Team structures,Offsites,191,HughesJohnson2023-scaling-people.epub > Team structures > Offsites > para 191,epub:spine=15;para=191,"I won’t get into details of the offsite persona I developed, “late-night Claire,” other than to say that I’m usually early to bed, but the team soon delighted in keeping me up to see what nonsensical strategic ideas and colorful stories emerged.",3,not_cited,,,,0.65,GENERALIZATION,usually,,,,
CLM-000240,482c3997dafdb61f88a0bc98b379636c5997b59f,Scaling People,Team structures,Why have an offsite?,197,HughesJohnson2023-scaling-people.epub > Team structures > Why have an offsite? > para 197,epub:spine=15;para=197,"And it’s not just about the icebreakers—if your team is geographically dispersed, planning together in the same physical location is a particularly powerful way to enable them to work separately.",1,not_cited,,,,0.75,CAUSAL,enable,,,,
CLM-000241,482c3997dafdb61f88a0bc98b379636c5997b59f,Scaling People,Team structures,Why have an offsite?,202,HughesJohnson2023-scaling-people.epub > Team structures > Why have an offsite? > para 202,epub:spine=15;para=202,They’re not for solving talent issues—see the section on restructuring on page 278 for that—but rather for forming stronger bonds within a team that has already been designed to work well together.,1,not_cited,,,,0.65,QUANTITATIVE,278 ,,,,
CLM-000242,482c3997dafdb61f88a0bc98b379636c5997b59f,Scaling People,Team structures,Which type of offsite is most appropriate?,203,HughesJohnson2023-scaling-people.epub > Team structures > Which type of offsite is most appropriate? > para 203,epub:spine=15;para=203,I recommend that more senior teams have more frequent offsites.,3,not_cited,,,,0.8,NORMATIVE,recommend,,,,
CLM-000243,482c3997dafdb61f88a0bc98b379636c5997b59f,Scaling People,Team structures,Which type of offsite is most appropriate?,203,HughesJohnson2023-scaling-people.epub > Team structures > Which type of offsite is most appropriate? > para 203,epub:spine=15;para=203,"For very senior teams, I recommend going off-site at least two or three times a year, adding new members each time.",4,not_cited,,,,0.8,NORMATIVE,recommend,,,,
CLM-000244,482c3997dafdb61f88a0bc98b379636c5997b59f,Scaling People,Team structures,Which type of offsite is most appropriate?,203,HughesJohnson2023-scaling-people.epub > Team structures > Which type of offsite is most appropriate? > para 203,epub:spine=15;para=203,More junior teams should hold an offsite at least annually.,5,not_cited,,,,0.8,NORMATIVE,should,,,,
CLM-000245,482c3997dafdb61f88a0bc98b379636c5997b59f,Scaling People,Team structures,What is your team’s development stage?,204,HughesJohnson2023-scaling-people.epub > Team structures > What is your team’s development stage? > para 204,epub:spine=15;para=204,44 (Note that there isn’t a standardized length of time a team might stay in a particular phase.) Knowing your team’s development phase provides insight into how you should structure the offsite agenda to help them move forward.,2,not_cited,,,,0.8500000000000001,NORMATIVE|QUANTITATIVE,you should|44,,,,
CLM-000246,482c3997dafdb61f88a0bc98b379636c5997b59f,Scaling People,Team structures,What is your team’s development stage?,205,HughesJohnson2023-scaling-people.epub > Team structures > What is your team’s development stage? > para 205,epub:spine=15;para=205,45 Actively work to increase and secure psychological safety in each phase of team development.,1,not_cited,,,,0.65,QUANTITATIVE,45 ,,,,
CLM-000247,482c3997dafdb61f88a0bc98b379636c5997b59f,Scaling People,Team structures,What is your team’s development stage?,234,HughesJohnson2023-scaling-people.epub > Team structures > What is your team’s development stage? > para 234,epub:spine=15;para=234,(Table 8 on the next page offers some examples of task-focused versus team-focused activities.),5,not_cited,,,,0.65,QUANTITATIVE,8 ,,,,
CLM-000248,482c3997dafdb61f88a0bc98b379636c5997b59f,Scaling People,Team structures,Meetings,254,HughesJohnson2023-scaling-people.epub > Team structures > Meetings > para 254,epub:spine=15;para=254,One critical team activity that doesn’t usually take place in a unique location but happens very frequently is the team meeting.,0,not_cited,,,,0.65,GENERALIZATION,usually,,,,
CLM-000249,482c3997dafdb61f88a0bc98b379636c5997b59f,Scaling People,Team structures,Building common understanding,266,HughesJohnson2023-scaling-people.epub > Team structures > Building common understanding > para 266,epub:spine=15;para=266,"If it’s a new team, get on the same page about its purpose—as described in the sections on team missions and charters on page 60—and agree on team norms, such as responding in a timely fashion to requests for input on one another’s work, excusing yourself from the meeting if you have to take care of something that’s distracting you, and so on.",2,not_cited,,,,0.65,QUANTITATIVE,60,,,,
CLM-000250,482c3997dafdb61f88a0bc98b379636c5997b59f,Scaling People,Team structures,Figure out logistics,289,HughesJohnson2023-scaling-people.epub > Team structures > Figure out logistics > para 289,epub:spine=15;para=289,"Because I often lead global teams that span many time zones, I find that agreeing on the meeting time is an important step to build empathy between participants and generate buy-in.",1,not_cited,,,,0.65,GENERALIZATION,often,,,,
CLM-000251,482c3997dafdb61f88a0bc98b379636c5997b59f,Scaling People,Team structures,Operator mode versus creator mode,303,HughesJohnson2023-scaling-people.epub > Team structures > Operator mode versus creator mode > para 303,epub:spine=15;para=303,"So far, I’ve chiefly discussed “operator mode” meetings, or what Paul Graham would call manager meetings, which tend to have clear agendas and are for decisions, updates, priorities, and alignment.",2,not_cited,,,,0.65,GENERALIZATION,tend to,,,,
CLM-000252,482c3997dafdb61f88a0bc98b379636c5997b59f,Scaling People,Team structures,Use a decision-making framework,347,HughesJohnson2023-scaling-people.epub > Team structures > Use a decision-making framework > para 347,epub:spine=15;para=347,"But even with a great framework, the work style composition of your team will often influence how you make decisions.",0,not_cited,,,,0.65,GENERALIZATION,often,,,,
CLM-000253,482c3997dafdb61f88a0bc98b379636c5997b59f,Scaling People,Team structures,A note on leadership team meetings,354,HughesJohnson2023-scaling-people.epub > Team structures > A note on leadership team meetings > para 354,epub:spine=15;para=354,"53 The idea is that leaders must make a commitment to the success of their first team—the leadership team—above that of their second team, the one they directly lead.",1,not_cited,,,,0.8500000000000001,NORMATIVE|QUANTITATIVE,must|53 ,,,,
CLM-000254,482c3997dafdb61f88a0bc98b379636c5997b59f,Scaling People,Team structures,Monday morning: three hours,356,HughesJohnson2023-scaling-people.epub > Team structures > Monday morning: three hours > para 356,epub:spine=15;para=356,(See the chapter appendix on page 341 for a leadership meeting template.),3,not_cited,,,,0.65,QUANTITATIVE,341 ,,,,
CLM-000255,482c3997dafdb61f88a0bc98b379636c5997b59f,Scaling People,Team structures,Monday morning: three hours,361,HughesJohnson2023-scaling-people.epub > Team structures > Monday morning: three hours > para 361,epub:spine=15;para=361,I’ve been asked how often Stripe adds someone to the senior leadership team.,0,not_cited,,,,0.65,GENERALIZATION,often,,,,
CLM-000256,482c3997dafdb61f88a0bc98b379636c5997b59f,Scaling People,Team structures,Monday morning: three hours,361,HughesJohnson2023-scaling-people.epub > Team structures > Monday morning: three hours > para 361,epub:spine=15;para=361,"Often, those people will ask about a spot on the executive team.",3,not_cited,,,,0.65,GENERALIZATION,Often,,,,
CLM-000257,482c3997dafdb61f88a0bc98b379636c5997b59f,Scaling People,Team structures,Monday morning: three hours,364,HughesJohnson2023-scaling-people.epub > Team structures > Monday morning: three hours > para 364,epub:spine=15;para=364,Leaders at other companies seem relieved when I explain that we had to evolve our leadership groupings and meeting structures quite often as we scaled.,0,not_cited,,,,0.65,GENERALIZATION,often,,,,
CLM-000258,482c3997dafdb61f88a0bc98b379636c5997b59f,Scaling People,Team structures,Offsites: two full days every quarter,367,HughesJohnson2023-scaling-people.epub > Team structures > Offsites: two full days every quarter > para 367,epub:spine=15;para=367,But offsites alone won’t enable distributed teams to develop successfully.,3,not_cited,,,,0.75,CAUSAL,enable,,,,
CLM-000259,482c3997dafdb61f88a0bc98b379636c5997b59f,Scaling People,Team structures,Managing distributed and remote teams,370,HughesJohnson2023-scaling-people.epub > Team structures > Managing distributed and remote teams > para 370,epub:spine=15;para=370,"Stripe has had remote employees since its early years, so we often get asked how to support distributed teams and remote work.",0,not_cited,,,,0.65,GENERALIZATION,often,,,,
CLM-000260,482c3997dafdb61f88a0bc98b379636c5997b59f,Scaling People,Team structures,Coordination,372,HughesJohnson2023-scaling-people.epub > Team structures > Coordination > para 372,epub:spine=15;para=372,"People and teams have to be more diligent about what information is documented, how decisions are made, and where discussions are held because they’re operating in different physical locations and often in different time zones.",1,not_cited,,,,0.65,GENERALIZATION,often,,,,
CLM-000261,482c3997dafdb61f88a0bc98b379636c5997b59f,Scaling People,Team structures,Coordination,376,HughesJohnson2023-scaling-people.epub > Team structures > Coordination > para 376,epub:spine=15;para=376,(See Table 9 on page 314 for more on the types of challenges remote teams face and how to address them.),1,ambiguous,See Table,same_sentence,(See Table 9 on page 314 for more on the types of challenges remote teams face and how to address them.),0.65,QUANTITATIVE,9 ,,,,
CLM-000262,482c3997dafdb61f88a0bc98b379636c5997b59f,Scaling People,Team structures,Cohesion,386,HughesJohnson2023-scaling-people.epub > Team structures > Cohesion > para 386,epub:spine=15;para=386,"In May 2019, Stripe launched its fifth engineering hub: remote.",1,not_cited,,,,0.65,QUANTITATIVE,2019,,,,
CLM-000263,482c3997dafdb61f88a0bc98b379636c5997b59f,Scaling People,Team structures,Make room for in-person time,404,HughesJohnson2023-scaling-people.epub > Team structures > Make room for in-person time > para 404,epub:spine=15;para=404,"Usually, the leads would come to San Francisco, where we’d have two days of working offsites and at least one team social event.",3,not_cited,,,,0.65,GENERALIZATION,Usually,,,,
CLM-000264,482c3997dafdb61f88a0bc98b379636c5997b59f,Scaling People,Team structures,Make room for in-person time,404,HughesJohnson2023-scaling-people.epub > Team structures > Make room for in-person time > para 404,epub:spine=15;para=404,Those traveling to San Francisco would typically visit for a full week to meet with other people and teams as well.,4,not_cited,,,,0.65,GENERALIZATION,typically,,,,
CLM-000265,482c3997dafdb61f88a0bc98b379636c5997b59f,Scaling People,Team structures,Make room for in-person time,406,HughesJohnson2023-scaling-people.epub > Team structures > Make room for in-person time > para 406,epub:spine=15;para=406,"When you’re first forming a remote team, plan to meet at least once a quarter, if not more often.",1,not_cited,,,,0.65,GENERALIZATION,often,,,,
CLM-000266,482c3997dafdb61f88a0bc98b379636c5997b59f,Scaling People,Team structures,Going global,409,HughesJohnson2023-scaling-people.epub > Team structures > Going global > para 409,epub:spine=15;para=409,This often comes up for sales teams with respect to the kinds of relationship-building activities clients expect.,1,not_cited,,,,0.65,GENERALIZATION,often,,,,
CLM-000267,482c3997dafdb61f88a0bc98b379636c5997b59f,Scaling People,Team structures,Going global,409,HughesJohnson2023-scaling-people.epub > Team structures > Going global > para 409,epub:spine=15;para=409,Think about how you will help your teams understand prevailing behaviors without feeling like they must follow all of them when conducting business.,4,not_cited,,,,0.8,NORMATIVE,must,,,,
CLM-000268,482c3997dafdb61f88a0bc98b379636c5997b59f,Scaling People,Team structures,Role,413,HughesJohnson2023-scaling-people.epub > Team structures > Role > para 413,epub:spine=15;para=413,"Engineering, product, and design roles typically require more collaboration to get work done, while some roles, like legal and finance, can be done more independently.",1,not_cited,,,,0.65,GENERALIZATION,typically,,,,
CLM-000269,482c3997dafdb61f88a0bc98b379636c5997b59f,Scaling People,Team structures,Manager support,415,HughesJohnson2023-scaling-people.epub > Team structures > Manager support > para 415,epub:spine=15;para=415,"Aside from empathy for the experiences of people not in the same room, managers of remote teams must develop management practices and mitigation strategies for the issues that tend to crop up with remote work.",0,not_cited,,,,0.8500000000000001,NORMATIVE|GENERALIZATION,must|tend to,,,,
CLM-000270,482c3997dafdb61f88a0bc98b379636c5997b59f,Scaling People,Team structures,Manager support,415,HughesJohnson2023-scaling-people.epub > Team structures > Manager support > para 415,epub:spine=15;para=415,"In addition, they should be structured and consistent in how they connect with the team through 1:1s and other information-sharing tactics, like the snippets docs I mentioned in my discussion of Stripe’s leadership meetings.",3,not_cited,,,,0.8500000000000001,NORMATIVE|QUANTITATIVE,should|1,,,,
CLM-000271,482c3997dafdb61f88a0bc98b379636c5997b59f,Scaling People,Team structures,Experience level,417,HughesJohnson2023-scaling-people.epub > Team structures > Experience level > para 417,epub:spine=15;para=417,"Consider the documentation, norms, and practices you’ll need to enable folks to get their work done and to stay connected to their team and to the company, and build those in from day one.",3,not_cited,,,,0.75,CAUSAL,enable,,,,
CLM-000272,482c3997dafdb61f88a0bc98b379636c5997b59f,Scaling People,Team structures,Underperforming teams,418,HughesJohnson2023-scaling-people.epub > Team structures > Underperforming teams > para 418,epub:spine=15;para=418,"If your teams are reviewing their goals and metrics at the right cadence, you should be able to catch that something is off track before the issue becomes too unwieldy, and you’ll hopefully be able to solve the root problem.",1,not_cited,,,,0.8,NORMATIVE,you should,,,,
CLM-000273,482c3997dafdb61f88a0bc98b379636c5997b59f,Scaling People,Team structures,Investigate the root cause by asking some probing questions,420,HughesJohnson2023-scaling-people.epub > Team structures > Investigate the root cause by asking some probing questions > para 420,epub:spine=15;para=420,Test your hypothesis in 1:1s with the relevant team members and see what comes to light.,1,not_cited,,,,0.65,QUANTITATIVE,1,,,,
CLM-000274,482c3997dafdb61f88a0bc98b379636c5997b59f,Scaling People,Team structures,Investigate the root cause by asking some probing questions,420,HughesJohnson2023-scaling-people.epub > Team structures > Investigate the root cause by asking some probing questions > para 420,epub:spine=15;para=420,"If your team members confirm that that’s the case, dig into why there seem to be so many dependencies, or whether the team is missing capabilities or resources that would prevent the bottleneck.",3,not_cited,,,,0.75,CAUSAL,prevent,,,,
CLM-000275,482c3997dafdb61f88a0bc98b379636c5997b59f,Scaling People,Team structures,Have an open conversation about the issue in your team meeting,423,HughesJohnson2023-scaling-people.epub > Team structures > Have an open conversation about the issue in your team meeting > para 423,epub:spine=15;para=423,"Usually, the reasons are more in the team’s control than they think, so push on this.",1,not_cited,,,,0.65,GENERALIZATION,Usually,,,,
CLM-000276,482c3997dafdb61f88a0bc98b379636c5997b59f,Scaling People,Team structures,Have an open conversation about the issue in your team meeting,430,HughesJohnson2023-scaling-people.epub > Team structures > Have an open conversation about the issue in your team meeting > para 430,epub:spine=15;para=430,"If the issue is your team’s skill set or a collaboration issue across team members, continue to develop your hypothesis on the root cause, and seek data to build confidence that you’ve identified the true source of the problem.",0,ambiguous,see Chapter,same_paragraph_other,"u don’t see a positive change, consider shifting one or both people to another team. In addition, consider whether one of the individuals involved may in fact have a performance issue in the form of poor collaboration skills—in which case, see Chapter 5 for more on feedback and performance management.",0.75,CAUSAL,cause,,,,
CLM-000277,482c3997dafdb61f88a0bc98b379636c5997b59f,Scaling People,Team structures,Have an open conversation about the issue in your team meeting,430,HughesJohnson2023-scaling-people.epub > Team structures > Have an open conversation about the issue in your team meeting > para 430,epub:spine=15;para=430,"If it’s an issue with an individual on the team, consult the sections on feedback in Chapter 5 for guidance.",1,ambiguous,see Chapter,same_paragraph_other,"u don’t see a positive change, consider shifting one or both people to another team. In addition, consider whether one of the individuals involved may in fact have a performance issue in the form of poor collaboration skills—in which case, see Chapter 5 for more on feedback and performance management.",0.65,QUANTITATIVE,5 ,,,,
CLM-000278,482c3997dafdb61f88a0bc98b379636c5997b59f,Scaling People,Team structures,Have an open conversation about the issue in your team meeting,430,HughesJohnson2023-scaling-people.epub > Team structures > Have an open conversation about the issue in your team meeting > para 430,epub:spine=15;para=430,"In addition, consider whether one of the individuals involved may in fact have a performance issue in the form of poor collaboration skills—in which case, see Chapter 5 for more on feedback and performance management.",6,ambiguous,see Chapter,same_sentence,"In addition, consider whether one of the individuals involved may in fact have a performance issue in the form of poor collaboration skills—in which case, see Chapter 5 for more on feedback and performance management.",0.65,QUANTITATIVE,5 ,,,,
CLM-000279,482c3997dafdb61f88a0bc98b379636c5997b59f,Scaling People,Team structures,Have an open conversation about the issue in your team meeting,431,HughesJohnson2023-scaling-people.epub > Team structures > Have an open conversation about the issue in your team meeting > para 431,epub:spine=15;para=431,Conduct or ask a neutral party like HR to conduct a series of interviews with team members—like a 360° review process but for a team—and have them write up a summary.,3,not_cited,,,,0.65,QUANTITATIVE,360,,,,
CLM-000280,482c3997dafdb61f88a0bc98b379636c5997b59f,Scaling People,Team structures,Have an open conversation about the issue in your team meeting,432,HughesJohnson2023-scaling-people.epub > Team structures > Have an open conversation about the issue in your team meeting > para 432,epub:spine=15;para=432,"In my experience, missing a goal is often due to a dependency, or many dependencies, on other teams.",0,not_cited,,,,0.65,GENERALIZATION,often,,,,
CLM-000281,482c3997dafdb61f88a0bc98b379636c5997b59f,Scaling People,Team structures,Have an open conversation about the issue in your team meeting,432,HughesJohnson2023-scaling-people.epub > Team structures > Have an open conversation about the issue in your team meeting > para 432,epub:spine=15;para=432,I often think of my work as a manager as clearing the path my team will need to travel.,5,not_cited,,,,0.65,GENERALIZATION,often,,,,
CLM-000282,482c3997dafdb61f88a0bc98b379636c5997b59f,Scaling People,Team structures,Working with other teams,434,HughesJohnson2023-scaling-people.epub > Team structures > Working with other teams > para 434,epub:spine=15;para=434,"For the 10 percent of cases where teams disagree about the work, escalate to the common decision-maker for both teams.",4,not_cited,,,,0.65,QUANTITATIVE,10 ,,,,
CLM-000283,482c3997dafdb61f88a0bc98b379636c5997b59f,Scaling People,Team structures,Working with other teams,437,HughesJohnson2023-scaling-people.epub > Team structures > Working with other teams > para 437,epub:spine=15;para=437,(See Table 6 on page 265 for more on the differences between working groups and teams.),2,ambiguous,See Table,same_sentence,(See Table 6 on page 265 for more on the differences between working groups and teams.),0.65,QUANTITATIVE,6 ,,,,
CLM-000284,482c3997dafdb61f88a0bc98b379636c5997b59f,Scaling People,Team structures,Working with other teams,438,HughesJohnson2023-scaling-people.epub > Team structures > Working with other teams > para 438,epub:spine=15;para=438,"Because I tend to be independent in how I accomplish work, relying more on my own teams than on peers, and because I’m innately collaborative and empathetic, I have more than once neglected to expose a critical dependency that was failing until it was too late.",2,not_cited,,,,0.75,COMPARATIVE|GENERALIZATION,more than|tend to,,,,
CLM-000285,482c3997dafdb61f88a0bc98b379636c5997b59f,Scaling People,Team structures,Working with other teams,440,HughesJohnson2023-scaling-people.epub > Team structures > Working with other teams > para 440,epub:spine=15;para=440,"Finally, in a nod to Operating Principle 3—distinguish between management and leadership—it’s useful to take a look back and assess whether you had the right strategy.",0,not_cited,,,,0.65,QUANTITATIVE,3,,,,
CLM-000286,482c3997dafdb61f88a0bc98b379636c5997b59f,Scaling People,Team structures,Diversity and inclusion,460,HughesJohnson2023-scaling-people.epub > Team structures > Diversity and inclusion > para 460,epub:spine=15;para=460,"60 As a manager, you’re responsible for the output of your team, and building a strong and diverse team that is also high-functioning is one of the most effective ways to accomplish your goals.",3,not_cited,,,,0.65,QUANTITATIVE,60 ,,,,
CLM-000287,482c3997dafdb61f88a0bc98b379636c5997b59f,Scaling People,Team structures,Diversity and inclusion,460,HughesJohnson2023-scaling-people.epub > Team structures > Diversity and inclusion > para 460,epub:spine=15;para=460,"Homogeneous teams may execute more quickly, but they don’t generally push the thinking.",4,not_cited,,,,0.65,GENERALIZATION,generally,,,,
CLM-000288,482c3997dafdb61f88a0bc98b379636c5997b59f,Scaling People,Team structures,Diversity and inclusion,462,HughesJohnson2023-scaling-people.epub > Team structures > Diversity and inclusion > para 462,epub:spine=15;para=462,"It’s not something you should ever force, but it’s important to ask yourself how well you know your team.",2,not_cited,,,,0.8,NORMATIVE,you should,,,,
CLM-000289,482c3997dafdb61f88a0bc98b379636c5997b59f,Scaling People,Team structures,Diversity and inclusion,462,HughesJohnson2023-scaling-people.epub > Team structures > Diversity and inclusion > para 462,epub:spine=15;para=462,"As a manager, you should constantly seek to bring different perspectives and thinking into your division, facilitate open communication, and celebrate the perspectives and insights every team member offers to benefit your users—who, I’m betting, are diverse themselves—and, by proxy, your business.",3,not_cited,,,,0.8,NORMATIVE,you should,,,,
CLM-000290,482c3997dafdb61f88a0bc98b379636c5997b59f,Scaling People,Team structures,Hiring,470,HughesJohnson2023-scaling-people.epub > Team structures > Hiring > para 470,epub:spine=15;para=470,"63 With that in mind, the manager’s role becomes even more important once they’ve built a more diverse team.",4,not_cited,,,,0.65,QUANTITATIVE,63 ,,,,
CLM-000291,482c3997dafdb61f88a0bc98b379636c5997b59f,Scaling People,Team structures,"Performance assessment, reward, and recognition",473,"HughesJohnson2023-scaling-people.epub > Team structures > Performance assessment, reward, and recognition > para 473",epub:spine=15;para=473,"Have clear criteria for assessing potential candidates—see Chapter 3—and build equity checks into your people processes, like calibration for performance management and pay parity analysis for compensation.",2,ambiguous,see Chapter,same_sentence,"Have clear criteria for assessing potential candidates—see Chapter 3—and build equity checks into your people processes, like calibration for performance management and pay parity analysis for compensation.",0.65,QUANTITATIVE,3,,,,
CLM-000292,482c3997dafdb61f88a0bc98b379636c5997b59f,Scaling People,Team structures,Running teams,474,HughesJohnson2023-scaling-people.epub > Team structures > Running teams > para 474,epub:spine=15;para=474,"Like your company processes, the way you run your team should give people equal chances to prove themselves.",0,not_cited,,,,0.8,NORMATIVE,should,,,,
CLM-000293,482c3997dafdb61f88a0bc98b379636c5997b59f,Scaling People,Team structures,Running teams,476,HughesJohnson2023-scaling-people.epub > Team structures > Running teams > para 476,epub:spine=15;para=476,"Finally, although I am a believer in building diverse teams, understanding one another’s differences, and being sensitive to the fact that we can never truly know someone else’s experiences—particularly those of a person from a historically underrepresented group if you’re not a member of that group—I am also a believer in teams uniting around their shared qualities and dreams.",0,not_cited,,,,0.65,GENERALIZATION,never,,,,
CLM-000294,482c3997dafdb61f88a0bc98b379636c5997b59f,Scaling People,Team structures,Running teams,476,HughesJohnson2023-scaling-people.epub > Team structures > Running teams > para 476,epub:spine=15;para=476,"Leaders should bring in diverse team members and celebrate and understand their perspectives while also uniting the group around a common vision, with common appreciation for what is true about all of us: our shared human experience and our desire for love and respect.",1,not_cited,,,,0.8,NORMATIVE,should,,,,
CLM-000295,482c3997dafdb61f88a0bc98b379636c5997b59f,Scaling People,Team structures,Team communication,483,HughesJohnson2023-scaling-people.epub > Team structures > Team communication > para 483,epub:spine=15;para=483,"So much of the work of a manager comes back to communication, whether 1:1 or with the team, division, or company.",1,not_cited,,,,0.65,QUANTITATIVE,1,,,,
CLM-000296,482c3997dafdb61f88a0bc98b379636c5997b59f,Scaling People,Team structures,Team communication,485,HughesJohnson2023-scaling-people.epub > Team structures > Team communication > para 485,epub:spine=15;para=485,"I recommend including a “pass-downs” agenda item in your team meeting to share information from company leadership that’s relevant for your team members to know, either for context or because it directly impacts their work.",2,not_cited,,,,0.8,NORMATIVE,recommend,,,,
CLM-000297,482c3997dafdb61f88a0bc98b379636c5997b59f,Scaling People,Team structures,Team communication,485,HughesJohnson2023-scaling-people.epub > Team structures > Team communication > para 485,epub:spine=15;para=485,"(Usually, you’ll receive this from your own manager.)",3,not_cited,,,,0.65,GENERALIZATION,Usually,,,,
CLM-000298,482c3997dafdb61f88a0bc98b379636c5997b59f,Scaling People,Team structures,Team communication,488,HughesJohnson2023-scaling-people.epub > Team structures > Team communication > para 488,epub:spine=15;para=488,"The commute home, anywhere from 45–60 minutes, was a perfect time to reflect on everything I’d learned that day, consider what information the people in my division needed to have, and, when I wasn’t driving, to share it out, usually via chat or email, to individuals or teams.",2,not_cited,,,,0.7000000000000001,QUANTITATIVE|GENERALIZATION,45|usually,,,,
CLM-000299,482c3997dafdb61f88a0bc98b379636c5997b59f,Scaling People,Team structures,Offsite welcome email,548,HughesJohnson2023-scaling-people.epub > Team structures > Offsite welcome email > para 548,epub:spine=15;para=548,"[Ahead of the offsite, share documentation and directions and tell participants what they should bring. On the day of the offsite, share information like the Wi-Fi access code, directions to the restroom, where you’ll be eating lunch, etc.]",0,not_cited,,,,0.8,NORMATIVE,should,,,,
CLM-000300,482c3997dafdb61f88a0bc98b379636c5997b59f,Scaling People,Team structures,Discussion topics,607,HughesJohnson2023-scaling-people.epub > Team structures > Discussion topics > para 607,epub:spine=15;para=607,Leadership recruiting weekly update (10 mins),0,not_cited,,,,0.65,QUANTITATIVE,10 ,,,,
CLM-000301,482c3997dafdb61f88a0bc98b379636c5997b59f,Scaling People,Team structures,How to unblock,635,HughesJohnson2023-scaling-people.epub > Team structures > How to unblock > para 635,epub:spine=15;para=635,"2.3 If escalating to a single manager, the expectation is that they’ll make a decision.",7,not_cited,,,,0.65,QUANTITATIVE,2.3 ,,,,
CLM-000302,482c3997dafdb61f88a0bc98b379636c5997b59f,Scaling People,Team structures,How to unblock,638,HughesJohnson2023-scaling-people.epub > Team structures > How to unblock > para 638,epub:spine=15;para=638,"2.3 If escalating to a single manager, the expectation is that they’ll make a decision.",0,not_cited,,,,0.65,QUANTITATIVE,2.3 ,,,,
CLM-000303,482c3997dafdb61f88a0bc98b379636c5997b59f,Scaling People,Team structures,What to do if you get a unilateral request to unblock,646,HughesJohnson2023-scaling-people.epub > Team structures > What to do if you get a unilateral request to unblock > para 646,epub:spine=15;para=646,"If the manager gets three yeses, they should message the missing colleague and ask them to attend.",0,not_cited,,,,0.8,NORMATIVE,should,,,,
CLM-000304,482c3997dafdb61f88a0bc98b379636c5997b59f,Scaling People,Team structures,Example,649,HughesJohnson2023-scaling-people.epub > Team structures > Example > para 649,epub:spine=15;para=649,"However, it’s on the team’s roadmap, and Charlie should wait until it’s supported.",2,not_cited,,,,0.8,NORMATIVE,should,,,,
CLM-000305,482c3997dafdb61f88a0bc98b379636c5997b59f,Scaling People,Team structures,Stripe alignment model,674,HughesJohnson2023-scaling-people.epub > Team structures > Stripe alignment model > para 674,epub:spine=15;para=674,Bharath reviews the document and decides that the widget team should not stand up a new storage system and Option A should be chosen.,1,not_cited,,,,0.8,NORMATIVE,should,,,,
CLM-000306,482c3997dafdb61f88a0bc98b379636c5997b59f,Scaling People,Team structures,Notes,676,HughesJohnson2023-scaling-people.epub > Team structures > Notes > para 676,epub:spine=15;para=676,"41. Patrick Lencioni, The Five Dysfunctions of a Team: A Leadership Fable (San Francisco: Jossey-Bass, 2012).",0,cited,"(San Francisco: Jossey-Bass, 2012)",same_sentence,"41. Patrick Lencioni, The Five Dysfunctions of a Team: A Leadership Fable (San Francisco: Jossey-Bass, 2012).",0.65,QUANTITATIVE,41,,,,
CLM-000307,482c3997dafdb61f88a0bc98b379636c5997b59f,Scaling People,Team structures,Notes,677,HughesJohnson2023-scaling-people.epub > Team structures > Notes > para 677,epub:spine=15;para=677,"42. Max Landsberg, The Tools of Leadership: Vision, Inspiration, Momentum (London: Profile Books, 2011), 51–55.",0,cited,"(London: Profile Books, 2011)",same_sentence,"42. Max Landsberg, The Tools of Leadership: Vision, Inspiration, Momentum (London: Profile Books, 2011), 51–55.",0.65,QUANTITATIVE,42,,,,
CLM-000308,482c3997dafdb61f88a0bc98b379636c5997b59f,Scaling People,Team structures,Notes,680,HughesJohnson2023-scaling-people.epub > Team structures > Notes > para 680,epub:spine=15;para=680,"45. Charles Duhigg, “What Google Learned from Its Quest to Build the Perfect Team,” New York Times Magazine , February 25, 2016, https://www.nytimes.com/2016/02/28/magazine/what-google-learned-from-its-quest-to-build-the-perfect-team.html .",0,cited,https://www.nytimes.com/2016/02/28/magazine/what-google-learned-from-its-quest-to-build-the-perfect-team.html,same_sentence,"45. Charles Duhigg, “What Google Learned from Its Quest to Build the Perfect Team,” New York Times Magazine , February 25, 2016, https://www.nytimes.com/2016/02/28/magazine/what-google-learned-from-its-quest-to-build-the-perfect-team.html .",0.65,QUANTITATIVE,45,,,,
CLM-000309,482c3997dafdb61f88a0bc98b379636c5997b59f,Scaling People,Team structures,Notes,684,HughesJohnson2023-scaling-people.epub > Team structures > Notes > para 684,epub:spine=15;para=684,"49. Paul Graham, “Maker’s Schedule, Manager’s Schedule,” PaulGraham.com, July 2009, http://www.paulgraham.com/makersschedule.html .",0,cited,http://www.paulgraham.com/makersschedule.html,same_sentence,"49. Paul Graham, “Maker’s Schedule, Manager’s Schedule,” PaulGraham.com, July 2009, http://www.paulgraham.com/makersschedule.html .",0.65,QUANTITATIVE,49,,,,
CLM-000310,482c3997dafdb61f88a0bc98b379636c5997b59f,Scaling People,Team structures,Notes,689,HughesJohnson2023-scaling-people.epub > Team structures > Notes > para 689,epub:spine=15;para=689,"54. David Singleton, “Stripe’s Fifth Engineering Hub Is Remote,” Stripe Blog, May 2, 2019, https://stripe.com/blog/remote-hub .",0,cited,https://stripe.com/blog/remote-hub,same_sentence,"54. David Singleton, “Stripe’s Fifth Engineering Hub Is Remote,” Stripe Blog, May 2, 2019, https://stripe.com/blog/remote-hub .",0.65,QUANTITATIVE,54,,,,
CLM-000311,482c3997dafdb61f88a0bc98b379636c5997b59f,Scaling People,Team structures,Notes,693,HughesJohnson2023-scaling-people.epub > Team structures > Notes > para 693,epub:spine=15;para=693,"58. Harvard Business School professor Frances Frei once shared with me this (paraphrased) observation from Carol Dweck, who is best known for her work on developing a growth mindset: “There are two types of parenting, and one is right. You can either prepare the path for the child or prepare the child for the path.” (The correct answer: Prepare the child for the path.) As a manager, I think you need to pay attention to both dimensions: Sometimes your role is to prepare the path for your team, but above all, you must prepare your team for the path.",0,not_cited,,,,0.8500000000000001,NORMATIVE|QUANTITATIVE,must|58,,,,
CLM-000312,482c3997dafdb61f88a0bc98b379636c5997b59f,Scaling People,Hypothesis-based coaching,,1,HughesJohnson2023-scaling-people.epub > Hypothesis-based coaching >  > para 1,epub:spine=17;para=1,"In my experience, many managers wait too long to offer coaching—often until a formal performance conversation—unless the direct report specifically asks for feedback or help on work.",4,not_cited,,,,0.65,GENERALIZATION,often,,,,
CLM-000313,482c3997dafdb61f88a0bc98b379636c5997b59f,Scaling People,Hypothesis-based coaching,,7,HughesJohnson2023-scaling-people.epub > Hypothesis-based coaching >  > para 7,epub:spine=17;para=7,"During my entire early career in multiple organizations, I never had a formal performance review.",0,not_cited,,,,0.65,GENERALIZATION,never,,,,
CLM-000314,482c3997dafdb61f88a0bc98b379636c5997b59f,Scaling People,Hypothesis-based coaching,Hypothesis-based coaching,13,HughesJohnson2023-scaling-people.epub > Hypothesis-based coaching > Hypothesis-based coaching > para 13,epub:spine=17;para=13,"Managers are often afraid to share their hypotheses with their reports because they think it means they’re judging their people, which they perceive to be bad management.",0,not_cited,,,,0.65,GENERALIZATION,often,,,,
CLM-000315,482c3997dafdb61f88a0bc98b379636c5997b59f,Scaling People,Hypothesis-based coaching,Hypothesis-based coaching,15,HughesJohnson2023-scaling-people.epub > Hypothesis-based coaching > Hypothesis-based coaching > para 15,epub:spine=17;para=15,You can then jointly explore whether the hunch you have about the root cause of a performance challenge is true.,1,not_cited,,,,0.75,CAUSAL,cause,,,,
CLM-000316,482c3997dafdb61f88a0bc98b379636c5997b59f,Scaling People,Hypothesis-based coaching,Test your hypothesis,33,HughesJohnson2023-scaling-people.epub > Hypothesis-based coaching > Test your hypothesis > para 33,epub:spine=17;para=33,"In this example, the manager used a tactic I consider a best practice: Before you promote someone, have them perform some of the duties they’d have to take on in the role in order to see how they’ll fare, and see if they’re aware of any gaps in their abilities.",3,not_cited,,,,0.8,NORMATIVE,best practice,,,,
CLM-000317,482c3997dafdb61f88a0bc98b379636c5997b59f,Scaling People,Hypothesis-based coaching,Creating a culture of informal feedback,54,HughesJohnson2023-scaling-people.epub > Hypothesis-based coaching > Creating a culture of informal feedback > para 54,epub:spine=17;para=54,"To build a healthy feedback culture, model the behavior in both team meetings and 1:1s.",0,not_cited,,,,0.65,QUANTITATIVE,1,,,,
CLM-000318,482c3997dafdb61f88a0bc98b379636c5997b59f,Scaling People,Hypothesis-based coaching,Creating a culture of informal feedback,54,HughesJohnson2023-scaling-people.epub > Hypothesis-based coaching > Creating a culture of informal feedback > para 54,epub:spine=17;para=54,"Often, team feedback—that is, feedback about the performance of the team—should be data-driven and can be presented as an honest assessment of how things are going.",3,not_cited,,,,0.8500000000000001,NORMATIVE|GENERALIZATION,should|Often,,,,
CLM-000319,482c3997dafdb61f88a0bc98b379636c5997b59f,Scaling People,Hypothesis-based coaching,Creating a culture of informal feedback,54,HughesJohnson2023-scaling-people.epub > Hypothesis-based coaching > Creating a culture of informal feedback > para 54,epub:spine=17;para=54,Your team should come to expect that you’ll tell them honestly whether you think they performed well last quarter or whether a project was executed well.,4,not_cited,,,,0.8,NORMATIVE,should,,,,
CLM-000320,482c3997dafdb61f88a0bc98b379636c5997b59f,Scaling People,Hypothesis-based coaching,Creating a culture of informal feedback,55,HughesJohnson2023-scaling-people.epub > Hypothesis-based coaching > Creating a culture of informal feedback > para 55,epub:spine=17;para=55,"You should also personally solicit and welcome feedback, especially when you’re still setting the tone of a working relationship—when new teams are forming norms or when you’re just starting to manage a new employee.",0,not_cited,,,,0.8,NORMATIVE,You should,,,,
CLM-000321,482c3997dafdb61f88a0bc98b379636c5997b59f,Scaling People,Hypothesis-based coaching,The formal review process,66,HughesJohnson2023-scaling-people.epub > Hypothesis-based coaching > The formal review process > para 66,epub:spine=17;para=66,"Although I do believe continuous feedback—in both directions—is a hallmark of a strong employee-manager relationship, I don’t think it should replace a written document.",1,not_cited,,,,0.8,NORMATIVE,should,,,,
CLM-000322,482c3997dafdb61f88a0bc98b379636c5997b59f,Scaling People,Hypothesis-based coaching,The formal review process,67,HughesJohnson2023-scaling-people.epub > Hypothesis-based coaching > The formal review process > para 67,epub:spine=17;para=67,"When I talk to people at companies that don’t have formal performance reviews, I often find that promotion and performance rating processes are still taking place in some form, but they’re happening behind the scenes—often without the knowledge of the person being “reviewed.”",2,not_cited,,,,0.65,GENERALIZATION,often,,,,
CLM-000323,482c3997dafdb61f88a0bc98b379636c5997b59f,Scaling People,Hypothesis-based coaching,The formal review process,68,HughesJohnson2023-scaling-people.epub > Hypothesis-based coaching > The formal review process > para 68,epub:spine=17;para=68,"To build trust in the performance assessment system, people need to know how they’re going to be measured, that the measurement will be considered fairly, and how results will lead to recognition and reward (additional responsibility, promotions, or compensation increases).",0,not_cited,,,,0.75,CAUSAL,lead to,,,,
CLM-000324,482c3997dafdb61f88a0bc98b379636c5997b59f,Scaling People,Hypothesis-based coaching,The formal review process,70,HughesJohnson2023-scaling-people.epub > Hypothesis-based coaching > The formal review process > para 70,epub:spine=17;para=70,Rubrics for how someone’s performance will be measured—see the section on job levels and ladders on page 179,0,not_cited,,,,0.65,QUANTITATIVE,179,,,,
CLM-000325,482c3997dafdb61f88a0bc98b379636c5997b59f,Scaling People,Hypothesis-based coaching,The formal review process,75,HughesJohnson2023-scaling-people.epub > Hypothesis-based coaching > The formal review process > para 75,epub:spine=17;para=75,"“The people I tend to hire and work with, we tend to be compassionately blunt with each other. Literally everyone I work with tends to feel comfortable saying ‘You could have done that thing better.’ One of the earliest guys I hired to do a bunch of the management stuff at SocialNet was very frustrated that I wasn’t enabling him to do the things he needed to do. His comment was ‘I wouldn’t hire you to run a McDonald’s!’ I was like, ‘I wouldn’t hire me to run a McDonald’s, either. It would be a disaster.’ Then I asked, ‘Why are you saying that?’ He said, ‘Well, we need to do this, this, and this, and this in the project management. And you’re not enabling me to do that.’ I was like, ‘All right, let’s talk about how we enable you to do that.’ ” — Reid Hoffman , partner, Greylock Partners, cofounder and former executive chairman, LinkedIn",0,not_cited,,,,0.8,CAUSAL|GENERALIZATION,enable|tend to,,,,
CLM-000326,482c3997dafdb61f88a0bc98b379636c5997b59f,Scaling People,Hypothesis-based coaching,The formal review process,80,HughesJohnson2023-scaling-people.epub > Hypothesis-based coaching > The formal review process > para 80,epub:spine=17;para=80,The manager plays a critical role in making sure the process functions as it should.,0,not_cited,,,,0.8,NORMATIVE,should,,,,
CLM-000327,482c3997dafdb61f88a0bc98b379636c5997b59f,Scaling People,Hypothesis-based coaching,Minimum viable people processes,82,HughesJohnson2023-scaling-people.epub > Hypothesis-based coaching > Minimum viable people processes > para 82,epub:spine=17;para=82,"Oftentimes, seeking perfection in your performance process results in having nothing at all in place, which is far worse than having something that’s just fine or good.",3,not_cited,,,,0.85,CAUSAL|COMPARATIVE,results in|worse than,,,,
CLM-000328,482c3997dafdb61f88a0bc98b379636c5997b59f,Scaling People,Hypothesis-based coaching,Performance feedback,89,HughesJohnson2023-scaling-people.epub > Hypothesis-based coaching > Performance feedback > para 89,epub:spine=17;para=89,"They often consist of feedback from peers and direct reports, if the report under review is a manager, in addition to the main content: a manager’s assessment of the employee’s performance.",1,not_cited,,,,0.65,GENERALIZATION,often,,,,
CLM-000329,482c3997dafdb61f88a0bc98b379636c5997b59f,Scaling People,Hypothesis-based coaching,Performance feedback,90,HughesJohnson2023-scaling-people.epub > Hypothesis-based coaching > Performance feedback > para 90,epub:spine=17;para=90,"No matter your company process or timeline, I recommend managers hold performance review discussions with their reports semi-regularly—at least quarterly or biannually.",0,not_cited,,,,0.8,NORMATIVE,recommend,,,,
CLM-000330,482c3997dafdb61f88a0bc98b379636c5997b59f,Scaling People,Hypothesis-based coaching,Peer reviews,92,HughesJohnson2023-scaling-people.epub > Hypothesis-based coaching > Peer reviews > para 92,epub:spine=17;para=92,Have the employee select three to five peers to submit brief feedback; the manager should agree that these are the best peers to provide input.,0,not_cited,,,,0.8,NORMATIVE,should,,,,
CLM-000331,482c3997dafdb61f88a0bc98b379636c5997b59f,Scaling People,Hypothesis-based coaching,Manager review,101,HughesJohnson2023-scaling-people.epub > Hypothesis-based coaching > Manager review > para 101,epub:spine=17;para=101,"A manager should read these two components and submit their own feedback, plus a promotion nomination, if applicable.",0,not_cited,,,,0.8,NORMATIVE,should,,,,
CLM-000332,482c3997dafdb61f88a0bc98b379636c5997b59f,Scaling People,Hypothesis-based coaching,Manager review,106,HughesJohnson2023-scaling-people.epub > Hypothesis-based coaching > Manager review > para 106,epub:spine=17;para=106,"Share your recommended performance designation for the employee, such as: Does not meet expectations Partially meets expectations Successfully meets expectations Exceeds expectations Greatly exceeds expectations",0,not_cited,,,,0.8,NORMATIVE,recommended,,,,
CLM-000333,482c3997dafdb61f88a0bc98b379636c5997b59f,Scaling People,Hypothesis-based coaching,Manager review,112,HughesJohnson2023-scaling-people.epub > Hypothesis-based coaching > Manager review > para 112,epub:spine=17;para=112,"Either way, you may want to run an additional talent review process using a more comprehensive rubric for assessing performance and potential, 71 since backward-looking performance is only one component of talent identification.",4,not_cited,,,,0.65,QUANTITATIVE,71 ,,,,
CLM-000334,482c3997dafdb61f88a0bc98b379636c5997b59f,Scaling People,Hypothesis-based coaching,Manager review,113,HughesJohnson2023-scaling-people.epub > Hypothesis-based coaching > Manager review > para 113,epub:spine=17;para=113,The manager review should be written after the manager has read the peer and self-assessment feedback.,1,not_cited,,,,0.8,NORMATIVE,should,,,,
CLM-000335,482c3997dafdb61f88a0bc98b379636c5997b59f,Scaling People,Hypothesis-based coaching,Manager review,113,HughesJohnson2023-scaling-people.epub > Hypothesis-based coaching > Manager review > para 113,epub:spine=17;para=113,The manager should then submit their feedback and their promotion and performance designation recommendations into the calibration process.,2,not_cited,,,,0.8,NORMATIVE,should,,,,
CLM-000336,482c3997dafdb61f88a0bc98b379636c5997b59f,Scaling People,Hypothesis-based coaching,A manager’s advice for delivering performance reviews,122,HughesJohnson2023-scaling-people.epub > Hypothesis-based coaching > A manager’s advice for delivering performance reviews > para 122,epub:spine=17;para=122,"By redirecting backward-looking comments to forward-looking discussion, it’s more obvious that the point of a performance review is to help the person succeed going forward, so people tend to be more open to really hearing the feedback.",0,not_cited,,,,0.65,GENERALIZATION,tend to,,,,
CLM-000337,482c3997dafdb61f88a0bc98b379636c5997b59f,Scaling People,Hypothesis-based coaching,Calibration,124,HughesJohnson2023-scaling-people.epub > Hypothesis-based coaching > Calibration > para 124,epub:spine=17;para=124,"Once a company has formal performance review practices in place, it should also have a process by which groups of managers and leaders compare results across their performance assessments to seek fairness.",0,not_cited,,,,0.8,NORMATIVE,should,,,,
CLM-000338,482c3997dafdb61f88a0bc98b379636c5997b59f,Scaling People,Hypothesis-based coaching,Calibration,125,HughesJohnson2023-scaling-people.epub > Hypothesis-based coaching > Calibration > para 125,epub:spine=17;para=125,"Calibration should accompany any formal performance assessment process and should therefore occur on the same timeline—usually annually, but potentially more frequently if you have biannual performance reviews.",0,not_cited,,,,0.8500000000000001,NORMATIVE|GENERALIZATION,should|usually,,,,
CLM-000339,482c3997dafdb61f88a0bc98b379636c5997b59f,Scaling People,Hypothesis-based coaching,Calibration,125,HughesJohnson2023-scaling-people.epub > Hypothesis-based coaching > Calibration > para 125,epub:spine=17;para=125,"You could also allow promotion nominations to happen twice a year, even if the full 360° performance review process only occurs once a year.",1,not_cited,,,,0.65,QUANTITATIVE,twice,,,,
CLM-000340,482c3997dafdb61f88a0bc98b379636c5997b59f,Scaling People,Hypothesis-based coaching,Calibration,126,HughesJohnson2023-scaling-people.epub > Hypothesis-based coaching > Calibration > para 126,epub:spine=17;para=126,"In a small company, calibration usually consists of a roll-up process in which a leader, perhaps with an HR partner, leads different sets of managers in discussing the performance designations and promotion recommendations for related groups of employees.",2,not_cited,,,,0.65,GENERALIZATION,usually,,,,
CLM-000341,482c3997dafdb61f88a0bc98b379636c5997b59f,Scaling People,Hypothesis-based coaching,Calibration,126,HughesJohnson2023-scaling-people.epub > Hypothesis-based coaching > Calibration > para 126,epub:spine=17;para=126,"For example, all of the Level 4 and above managers in engineering might meet to discuss the Level 3 and below individual contributor engineers.",3,not_cited,,,,0.65,QUANTITATIVE,4 ,,,,
CLM-000342,482c3997dafdb61f88a0bc98b379636c5997b59f,Scaling People,Hypothesis-based coaching,Calibration,127,HughesJohnson2023-scaling-people.epub > Hypothesis-based coaching > Calibration > para 127,epub:spine=17;para=127,"The calibration leader should review the data ahead of time and look for outliers (one manager who submitted higher performance designations than all the others, for example), understand the rubric, and be prepared to push on any irregularities, whether at the team or individual level.",0,not_cited,,,,0.8,NORMATIVE,should,,,,
CLM-000343,482c3997dafdb61f88a0bc98b379636c5997b59f,Scaling People,Hypothesis-based coaching,Calibration,127,HughesJohnson2023-scaling-people.epub > Hypothesis-based coaching > Calibration > para 127,epub:spine=17;para=127,"Over time, these meetings should be less about reviewing each person in detail and more about gut-checking what each designation means, plus finding individual examples so that every manager can calibrate to what, say, “meets expectations” means for a certain role and level.",1,not_cited,,,,0.8,NORMATIVE,should,,,,
CLM-000344,482c3997dafdb61f88a0bc98b379636c5997b59f,Scaling People,Hypothesis-based coaching,Calibration,136,HughesJohnson2023-scaling-people.epub > Hypothesis-based coaching > Calibration > para 136,epub:spine=17;para=136,"Make sure you agree on what it looks like to not meet expectations and to exceed expectations for Level 1 employees across teams, then discuss any edge cases.",2,not_cited,,,,0.65,QUANTITATIVE,1 ,,,,
CLM-000345,482c3997dafdb61f88a0bc98b379636c5997b59f,Scaling People,Hypothesis-based coaching,Calibration,140,HughesJohnson2023-scaling-people.epub > Hypothesis-based coaching > Calibration > para 140,epub:spine=17;para=140,"The senior leadership review session can ensure that the results across functions broadly align with an expected distribution (I don’t believe in forced distributions, but high n counts should result in similar distributions), and that the percentage of employees being promoted feels equitable and in line with compensation budgets.",1,not_cited,,,,0.95,NORMATIVE|CAUSAL,should|result in,,,,
CLM-000346,482c3997dafdb61f88a0bc98b379636c5997b59f,Scaling People,Hypothesis-based coaching,Calibration,142,HughesJohnson2023-scaling-people.epub > Hypothesis-based coaching > Calibration > para 142,epub:spine=17;para=142,The ultimate result of calibration is usually a spreadsheet or updates to your HR tool that record any changes to performance designations and promotion status.,0,not_cited,,,,0.65,GENERALIZATION,usually,,,,
CLM-000347,482c3997dafdb61f88a0bc98b379636c5997b59f,Scaling People,Hypothesis-based coaching,Calibration,142,HughesJohnson2023-scaling-people.epub > Hypothesis-based coaching > Calibration > para 142,epub:spine=17;para=142,"Following that, there’s usually a two-week period in which managers deliver the reviews in performance conversations with their reports.",2,not_cited,,,,0.65,GENERALIZATION,usually,,,,
CLM-000348,482c3997dafdb61f88a0bc98b379636c5997b59f,Scaling People,Hypothesis-based coaching,Calibration roles,143,HughesJohnson2023-scaling-people.epub > Hypothesis-based coaching > Calibration roles > para 143,epub:spine=17;para=143,"Take note, for example, if you tend to submit performance recommendations that are too harsh (lower average designations or fewer promotion candidates) or too lenient.",2,not_cited,,,,0.65,GENERALIZATION,tend to,,,,
CLM-000349,482c3997dafdb61f88a0bc98b379636c5997b59f,Scaling People,Hypothesis-based coaching,Calibration roles,144,HughesJohnson2023-scaling-people.epub > Hypothesis-based coaching > Calibration roles > para 144,epub:spine=17;para=144,"As the leader, you should be familiar with many of the people on your teams, and certainly with all of the key work performed by your teams.",1,not_cited,,,,0.8,NORMATIVE,you should,,,,
CLM-000350,482c3997dafdb61f88a0bc98b379636c5997b59f,Scaling People,Hypothesis-based coaching,Calibration roles,145,HughesJohnson2023-scaling-people.epub > Hypothesis-based coaching > Calibration roles > para 145,epub:spine=17;para=145,If you think about performance distribution as a normal curve—which it should be once your company has over 30 people—it’s usually fairly obvious which team members sit in the bottom and top tails.,4,not_cited,,,,0.9000000000000001,NORMATIVE|QUANTITATIVE|GENERALIZATION,should|30 |usually,,,,
CLM-000351,482c3997dafdb61f88a0bc98b379636c5997b59f,Scaling People,Hypothesis-based coaching,Calibration roles,145,HughesJohnson2023-scaling-people.epub > Hypothesis-based coaching > Calibration roles > para 145,epub:spine=17;para=145,"These are where the most vigorous discussions should occur, and your role in all cases is to hold the performance bar higher and seek to reward the people who truly exceeded it.",12,not_cited,,,,0.8,NORMATIVE,should,,,,
CLM-000352,482c3997dafdb61f88a0bc98b379636c5997b59f,Scaling People,Hypothesis-based coaching,Compensation,148,HughesJohnson2023-scaling-people.epub > Hypothesis-based coaching > Compensation > para 148,epub:spine=17;para=148,"A simple compensation philosophy might be: “Compensation should be market-competitive to help attract and retain top talent, with higher rewards for higher performance.”",0,not_cited,,,,0.8,NORMATIVE,should,,,,
CLM-000353,482c3997dafdb61f88a0bc98b379636c5997b59f,Scaling People,Hypothesis-based coaching,Understand the motivators,156,HughesJohnson2023-scaling-people.epub > Hypothesis-based coaching > Understand the motivators > para 156,epub:spine=17;para=156,Always use compensation as a means to reinforce strong performance rather than framing rewards as an outcome unto themselves.,2,not_cited,,,,0.65,GENERALIZATION,Always,,,,
CLM-000354,482c3997dafdb61f88a0bc98b379636c5997b59f,Scaling People,Hypothesis-based coaching,Managing disappointment,160,HughesJohnson2023-scaling-people.epub > Hypothesis-based coaching > Managing disappointment > para 160,epub:spine=17;para=160,"In my experience, this is usually either someone who has not heard your performance feedback or a high performer who has high expectations of rewards.",1,not_cited,,,,0.65,GENERALIZATION,usually,,,,
CLM-000355,482c3997dafdb61f88a0bc98b379636c5997b59f,Scaling People,Hypothesis-based coaching,Managing disappointment,163,HughesJohnson2023-scaling-people.epub > Hypothesis-based coaching > Managing disappointment > para 163,epub:spine=17;para=163,"Every company should have these basic people processes—performance feedback, calibration, and compensation—in place fairly early on.",0,not_cited,,,,0.8,NORMATIVE,should,,,,
CLM-000356,482c3997dafdb61f88a0bc98b379636c5997b59f,Scaling People,Hypothesis-based coaching,Pushers and pullers,169,HughesJohnson2023-scaling-people.epub > Hypothesis-based coaching > Pushers and pullers > para 169,epub:spine=17;para=169,"Pullers can become such automatic go-tos for important projects that other employees don’t get a chance to develop and contribute to high-priority work, and thus feel unnoticed by leadership.",3,not_cited,,,,0.75,CAUSAL,contribute to,,,,
CLM-000357,482c3997dafdb61f88a0bc98b379636c5997b59f,Scaling People,Hypothesis-based coaching,Anticipate when the work will become boring,207,HughesJohnson2023-scaling-people.epub > Hypothesis-based coaching > Anticipate when the work will become boring > para 207,epub:spine=17;para=207,"I think one reason for any success I’ve had as a manager is that I’ve always “played the person,” meaning I’ve put their own path at the forefront, no matter the potential destination.",0,ambiguous,"title:""played the person,""",same_paragraph_other,"I think one reason for any success I’ve had as a manager is that I’ve always “played the person,” meaning I’ve put their own path at the forefront, no matter the potential destination. Although I act and make decisions for the good of the organization, when it comes to individual development, I’ve sometimes found th",0.65,GENERALIZATION,always,,,,
CLM-000358,482c3997dafdb61f88a0bc98b379636c5997b59f,Scaling People,Hypothesis-based coaching,Remember: There’s more opportunity than you think,209,HughesJohnson2023-scaling-people.epub > Hypothesis-based coaching > Remember: There’s more opportunity than you think > para 209,epub:spine=17;para=209,Remember Operating Principle 3: Distinguish between management and leadership.,1,not_cited,,,,0.65,QUANTITATIVE,3,,,,
CLM-000359,482c3997dafdb61f88a0bc98b379636c5997b59f,Scaling People,Hypothesis-based coaching,Let go,213,HughesJohnson2023-scaling-people.epub > Hypothesis-based coaching > Let go > para 213,epub:spine=17;para=213,Stalling a high performer will always come at the detriment of the longer-term health of your relationship with the person and your team’s output.,1,not_cited,,,,0.65,GENERALIZATION,always,,,,
CLM-000360,482c3997dafdb61f88a0bc98b379636c5997b59f,Scaling People,Hypothesis-based coaching,"Manage for potential, not experience",216,"HughesJohnson2023-scaling-people.epub > Hypothesis-based coaching > Manage for potential, not experience > para 216",epub:spine=17;para=216,There’s a certain type of person I’ve managed that tends to be the most creative: the person who has the off-the-wall idea or thinks about a problem from an entirely different angle than the rest of the team.,0,not_cited,,,,0.65,GENERALIZATION,tends to,,,,
CLM-000361,482c3997dafdb61f88a0bc98b379636c5997b59f,Scaling People,Hypothesis-based coaching,"Manage for potential, not experience",216,"HughesJohnson2023-scaling-people.epub > Hypothesis-based coaching > Manage for potential, not experience > para 216",epub:spine=17;para=216,"These folks can sometimes feel very disruptive, but they’re often the ones who engineer the breakthrough your team was seeking but couldn’t find.",1,not_cited,,,,0.65,GENERALIZATION,often,,,,
CLM-000362,482c3997dafdb61f88a0bc98b379636c5997b59f,Scaling People,Hypothesis-based coaching,"Manage for potential, not experience",217,"HughesJohnson2023-scaling-people.epub > Hypothesis-based coaching > Manage for potential, not experience > para 217",epub:spine=17;para=217,"Often, our team wouldn’t get back to them for days.",2,not_cited,,,,0.65,GENERALIZATION,Often,,,,
CLM-000363,482c3997dafdb61f88a0bc98b379636c5997b59f,Scaling People,Hypothesis-based coaching,"Manage for potential, not experience",217,"HughesJohnson2023-scaling-people.epub > Hypothesis-based coaching > Manage for potential, not experience > para 217",epub:spine=17;para=217,"Google had never tried peer-to-peer support before, but one member of my team constantly brought it up as our best bet.",3,not_cited,,,,0.65,GENERALIZATION,never,,,,
CLM-000364,482c3997dafdb61f88a0bc98b379636c5997b59f,Scaling People,Hypothesis-based coaching,Retaining top talent,226,HughesJohnson2023-scaling-people.epub > Hypothesis-based coaching > Retaining top talent > para 226,epub:spine=17;para=226,"This is often the case for specialized teams, like business development.",1,not_cited,,,,0.65,GENERALIZATION,often,,,,
CLM-000365,482c3997dafdb61f88a0bc98b379636c5997b59f,Scaling People,Hypothesis-based coaching,Retaining top talent,226,HughesJohnson2023-scaling-people.epub > Hypothesis-based coaching > Retaining top talent > para 226,epub:spine=17;para=226,"These teams usually attract talented individuals, but because they often stay small and focus on projects with consistent inputs and outputs, there aren’t a lot of obvious ways to challenge the team.",2,not_cited,,,,0.65,GENERALIZATION,usually,,,,
CLM-000366,482c3997dafdb61f88a0bc98b379636c5997b59f,Scaling People,Hypothesis-based coaching,The steady middle,232,HughesJohnson2023-scaling-people.epub > Hypothesis-based coaching > The steady middle > para 232,epub:spine=17;para=232,"Every manager should consider their team as a portfolio of talent, and each person in that talent portfolio should be assessed and either supported, coached to better performance, or moved into a more suitable role, team, or company.",2,not_cited,,,,0.8,NORMATIVE,should,,,,
CLM-000367,482c3997dafdb61f88a0bc98b379636c5997b59f,Scaling People,Hypothesis-based coaching,The steady middle,233,HughesJohnson2023-scaling-people.epub > Hypothesis-based coaching > The steady middle > para 233,epub:spine=17;para=233,"The latter type of team might be better suited to medium performers, and those medium performers should have development plans and be recognized for their contributions.",1,not_cited,,,,0.8,NORMATIVE,should,,,,
CLM-000368,482c3997dafdb61f88a0bc98b379636c5997b59f,Scaling People,Hypothesis-based coaching,The steady middle,233,HughesJohnson2023-scaling-people.epub > Hypothesis-based coaching > The steady middle > para 233,epub:spine=17;para=233,"Provided they’re contributing well, you should allow for that stasis, seek their feedback on how to improve the team, and take time to celebrate their consistent performance—which may look less like compensation rewards and more like verbal recognition and special assignments.",3,not_cited,,,,0.8,NORMATIVE,you should,,,,
CLM-000369,482c3997dafdb61f88a0bc98b379636c5997b59f,Scaling People,Hypothesis-based coaching,Managing low performers,236,HughesJohnson2023-scaling-people.epub > Hypothesis-based coaching > Managing low performers > para 236,epub:spine=17;para=236,"Second, low performers are usually an enormous drag on the rest of the team and can be pernicious underminers of morale.",2,not_cited,,,,0.65,GENERALIZATION,usually,,,,
CLM-000370,482c3997dafdb61f88a0bc98b379636c5997b59f,Scaling People,Hypothesis-based coaching,Edge cases,239,HughesJohnson2023-scaling-people.epub > Hypothesis-based coaching > Edge cases > para 239,epub:spine=17;para=239,Performance issues aren’t always the result of lack of skill or will.,0,not_cited,,,,0.65,GENERALIZATION,always,,,,
CLM-000371,482c3997dafdb61f88a0bc98b379636c5997b59f,Scaling People,Hypothesis-based coaching,Edge cases,240,HughesJohnson2023-scaling-people.epub > Hypothesis-based coaching > Edge cases > para 240,epub:spine=17;para=240,"There are, rightly, protections in place for employees who are struggling in other parts of their lives, and you should be aware of the legal and regulatory requirements to support them.",2,not_cited,,,,0.8,NORMATIVE,you should,,,,
CLM-000372,482c3997dafdb61f88a0bc98b379636c5997b59f,Scaling People,Hypothesis-based coaching,No surprises,244,HughesJohnson2023-scaling-people.epub > Hypothesis-based coaching > No surprises > para 244,epub:spine=17;para=244,"If your employee walks into a 1:1 and is surprised to learn that you’re putting them on a formal performance improvement plan, you’ve done something wrong.",0,not_cited,,,,0.65,QUANTITATIVE,1,,,,
CLM-000373,482c3997dafdb61f88a0bc98b379636c5997b59f,Scaling People,Hypothesis-based coaching,No surprises,244,HughesJohnson2023-scaling-people.epub > Hypothesis-based coaching > No surprises > para 244,epub:spine=17;para=244,"By the time those bigger decisions have been made, you and the employee should have had at least two or three feedback conversations in which you’ve discussed their performance and, importantly, explicitly stated that their work is not meeting the expectations of the role.",1,not_cited,,,,0.8,NORMATIVE,should,,,,
CLM-000374,482c3997dafdb61f88a0bc98b379636c5997b59f,Scaling People,Hypothesis-based coaching,No surprises,245,HughesJohnson2023-scaling-people.epub > Hypothesis-based coaching > No surprises > para 245,epub:spine=17;para=245,"This is why you can’t hold off on giving your reports any measure of feedback, and it’s why I recommend prioritizing feedback over almost any other management practice, especially for employees who seem to be missing the mark.",3,not_cited,,,,0.8,NORMATIVE,recommend,,,,
CLM-000375,482c3997dafdb61f88a0bc98b379636c5997b59f,Scaling People,Hypothesis-based coaching,No surprises,246,HughesJohnson2023-scaling-people.epub > Hypothesis-based coaching > No surprises > para 246,epub:spine=17;para=246,"But in most cases, you’re looking at a pattern of performance issues over time—but not too long a time—and you should have had ample opportunity to point out the problems.",1,not_cited,,,,0.8,NORMATIVE,you should,,,,
CLM-000376,482c3997dafdb61f88a0bc98b379636c5997b59f,Scaling People,Hypothesis-based coaching,No surprises,246,HughesJohnson2023-scaling-people.epub > Hypothesis-based coaching > No surprises > para 246,epub:spine=17;para=246,"Provide feedback, especially on a performance issue, early and often.",3,not_cited,,,,0.65,GENERALIZATION,often,,,,
CLM-000377,482c3997dafdb61f88a0bc98b379636c5997b59f,Scaling People,Hypothesis-based coaching,Use documentation to foster clarity and trust,248,HughesJohnson2023-scaling-people.epub > Hypothesis-based coaching > Use documentation to foster clarity and trust > para 248,epub:spine=17;para=248,"If you’re in a more serious performance situation, you should have notified HR already, and you should be sharing the documented feedback with your HR contact as well.",4,not_cited,,,,0.8,NORMATIVE,you should,,,,
CLM-000378,482c3997dafdb61f88a0bc98b379636c5997b59f,Scaling People,Hypothesis-based coaching,Show compassion,249,HughesJohnson2023-scaling-people.epub > Hypothesis-based coaching > Show compassion > para 249,epub:spine=17;para=249,"Managers should always manage compassionately, but compassionate management is not what many people do.",1,not_cited,,,,0.8500000000000001,NORMATIVE|GENERALIZATION,should|always,,,,
CLM-000379,482c3997dafdb61f88a0bc98b379636c5997b59f,Scaling People,Hypothesis-based coaching,Move deliberately,251,HughesJohnson2023-scaling-people.epub > Hypothesis-based coaching > Move deliberately > para 251,epub:spine=17;para=251,"Ideally, it takes no more than three months to reach a resolution for any given performance issue.",1,not_cited,,,,0.7,COMPARATIVE,more than,,,,
CLM-000380,482c3997dafdb61f88a0bc98b379636c5997b59f,Scaling People,Hypothesis-based coaching,Phases of managing low performers,256,HughesJohnson2023-scaling-people.epub > Hypothesis-based coaching > Phases of managing low performers > para 256,epub:spine=17;para=256,"Phase 1 : Get aligned about the performance challenge (one to three conversations, two weeks).",0,not_cited,,,,0.65,QUANTITATIVE,1,,,,
CLM-000381,482c3997dafdb61f88a0bc98b379636c5997b59f,Scaling People,Hypothesis-based coaching,Phases of managing low performers,262,HughesJohnson2023-scaling-people.epub > Hypothesis-based coaching > Phases of managing low performers > para 262,epub:spine=17;para=262,Potential outcome 1 : Follow a performance improvement plan; the employee’s performance improves.,0,not_cited,,,,0.65,QUANTITATIVE,1,,,,
CLM-000382,482c3997dafdb61f88a0bc98b379636c5997b59f,Scaling People,Hypothesis-based coaching,Phases of managing low performers,263,HughesJohnson2023-scaling-people.epub > Hypothesis-based coaching > Phases of managing low performers > para 263,epub:spine=17;para=263,Potential outcome 2 : Move the employee to another team.,0,not_cited,,,,0.65,QUANTITATIVE,2,,,,
CLM-000383,482c3997dafdb61f88a0bc98b379636c5997b59f,Scaling People,Hypothesis-based coaching,Phase 0: Your one-off feedback becomes a pattern; form a hypothesis on the outcome,271,HughesJohnson2023-scaling-people.epub > Hypothesis-based coaching > Phase 0: Your one-off feedback becomes a pattern; form a hypothesis on the outcome > para 271,epub:spine=17;para=271,"In my experience, once you outline a performance improvement plan, employees will often ask, “Do you think I can succeed?”",1,not_cited,,,,0.65,GENERALIZATION,often,,,,
CLM-000384,482c3997dafdb61f88a0bc98b379636c5997b59f,Scaling People,Hypothesis-based coaching,Response 1: denial,282,HughesJohnson2023-scaling-people.epub > Hypothesis-based coaching > Response 1: denial > para 282,epub:spine=17;para=282,"If you’ve learned something new about the employee and their situation—for example, perhaps another team missed a critical delivery date that impacted this person’s deadline—and believe you might have been wrong about your initial assessment, you should end the conversation with an agreement that you’re going to gather more data and will check back in.",0,not_cited,,,,0.8,NORMATIVE,you should,,,,
CLM-000385,482c3997dafdb61f88a0bc98b379636c5997b59f,Scaling People,Hypothesis-based coaching,Document your discussion,292,HughesJohnson2023-scaling-people.epub > Hypothesis-based coaching > Document your discussion > para 292,epub:spine=17;para=292,See the chapter appendix on page 418 for more email templates to document the performance improvement process.,0,not_cited,,,,0.65,QUANTITATIVE,418 ,,,,
CLM-000386,482c3997dafdb61f88a0bc98b379636c5997b59f,Scaling People,Hypothesis-based coaching,Potential outcome 1: Agree on and execute a performance improvement plan,300,HughesJohnson2023-scaling-people.epub > Hypothesis-based coaching > Potential outcome 1: Agree on and execute a performance improvement plan > para 300,epub:spine=17;para=300,"If your initial conversation has not resulted in a quick mutual decision for the employee to depart, then a formal performance improvement plan (sometimes called a PIP) should be drafted by the manager and then agreed to by the direct report.",0,not_cited,,,,0.8,NORMATIVE,should,,,,
CLM-000387,482c3997dafdb61f88a0bc98b379636c5997b59f,Scaling People,Hypothesis-based coaching,Sample conversation introducing the performance improvement plan,317,HughesJohnson2023-scaling-people.epub > Hypothesis-based coaching > Sample conversation introducing the performance improvement plan > para 317,epub:spine=17;para=317,"The manager’s role is always to support the person through this process, but it’s also important to keep an eye on the degree of difficulty, the employee’s motivation level, and your hypothesis about the outcome.",4,not_cited,,,,0.65,GENERALIZATION,always,,,,
CLM-000388,482c3997dafdb61f88a0bc98b379636c5997b59f,Scaling People,Hypothesis-based coaching,Potential outcome 2: Move roles or teams,319,HughesJohnson2023-scaling-people.epub > Hypothesis-based coaching > Potential outcome 2: Move roles or teams > para 319,epub:spine=17;para=319,"Usually, this decision comes out of the inquiry phase of your performance feedback conversation.",0,not_cited,,,,0.65,GENERALIZATION,Usually,,,,
CLM-000389,482c3997dafdb61f88a0bc98b379636c5997b59f,Scaling People,Hypothesis-based coaching,Potential outcome 2: Move roles or teams,320,HughesJohnson2023-scaling-people.epub > Hypothesis-based coaching > Potential outcome 2: Move roles or teams > para 320,epub:spine=17;para=320,"If you do identify a role that might be a better fit for the employee, you’ll also want to work with the recruiting team, since there should be a process for internal mobility into open roles.",3,not_cited,,,,0.8,NORMATIVE,should,,,,
CLM-000390,482c3997dafdb61f88a0bc98b379636c5997b59f,Scaling People,Hypothesis-based coaching,How to think about managing managers,324,HughesJohnson2023-scaling-people.epub > Hypothesis-based coaching > How to think about managing managers > para 324,epub:spine=17;para=324,Managers will often come to you with a management problem.,0,not_cited,,,,0.65,GENERALIZATION,often,,,,
CLM-000391,482c3997dafdb61f88a0bc98b379636c5997b59f,Scaling People,Hypothesis-based coaching,Individual 1:1s versus manager 1:1s,335,HughesJohnson2023-scaling-people.epub > Hypothesis-based coaching > Individual 1:1s versus manager 1:1s > para 335,epub:spine=17;para=335,Example topics discussed in individual contributor 1:1s and manager 1:1s.,1,not_cited,,,,0.65,QUANTITATIVE,1,,,,
CLM-000392,482c3997dafdb61f88a0bc98b379636c5997b59f,Scaling People,Hypothesis-based coaching,Individual 1:1s versus manager 1:1s,336,HughesJohnson2023-scaling-people.epub > Hypothesis-based coaching > Individual 1:1s versus manager 1:1s > para 336,epub:spine=17;para=336,Table 10 above offers some examples of questions you might address in an individual contributor 1:1 versus in a manager 1:1.,1,not_cited,,,,0.65,QUANTITATIVE,10 ,,,,
CLM-000393,482c3997dafdb61f88a0bc98b379636c5997b59f,Scaling People,Hypothesis-based coaching,Managing when you’re not the expert,339,HughesJohnson2023-scaling-people.epub > Hypothesis-based coaching > Managing when you’re not the expert > para 339,epub:spine=17;para=339,"Once you start managing managers, you’ll often encounter situations where you haven’t done the day-to-day job of the team you’re managing.",0,not_cited,,,,0.65,GENERALIZATION,often,,,,
CLM-000394,482c3997dafdb61f88a0bc98b379636c5997b59f,Scaling People,Hypothesis-based coaching,Managing when you’re not the expert,351,HughesJohnson2023-scaling-people.epub > Hypothesis-based coaching > Managing when you’re not the expert > para 351,epub:spine=17;para=351,"Every time he does this, he returns energized by what he’s learned—usually a lot about how to improve engineering productivity—and by how things have changed, usually for the better, since his last such foray.",2,not_cited,,,,0.65,GENERALIZATION,usually,,,,
CLM-000395,482c3997dafdb61f88a0bc98b379636c5997b59f,Scaling People,Hypothesis-based coaching,Senior-level departure conversations,378,HughesJohnson2023-scaling-people.epub > Hypothesis-based coaching > Senior-level departure conversations > para 378,epub:spine=17;para=378,Senior employee firing tends to be a conversation that takes place over the course of a few months and most often will not involve a formal performance improvement plan.,0,not_cited,,,,0.65,GENERALIZATION,tends to,,,,
CLM-000396,482c3997dafdb61f88a0bc98b379636c5997b59f,Scaling People,Hypothesis-based coaching,Senior-level departure conversations,381,HughesJohnson2023-scaling-people.epub > Hypothesis-based coaching > Senior-level departure conversations > para 381,epub:spine=17;para=381,"In this situation, the best tool at your disposal is a severance matrix, the framework your HR and employment legal teams should have developed for what might be offered for a termination departure.",2,not_cited,,,,0.8,NORMATIVE,should,,,,
CLM-000397,482c3997dafdb61f88a0bc98b379636c5997b59f,Scaling People,Hypothesis-based coaching,Legal considerations,382,HughesJohnson2023-scaling-people.epub > Hypothesis-based coaching > Legal considerations > para 382,epub:spine=17;para=382,"If this happens, the best thing to do is to make sure you have the right support—usually from your HR and legal teams or external counsel—to help you manage the situation.",1,not_cited,,,,0.65,GENERALIZATION,usually,,,,
CLM-000398,482c3997dafdb61f88a0bc98b379636c5997b59f,Scaling People,Hypothesis-based coaching,Gross misconduct and layoffs,388,HughesJohnson2023-scaling-people.epub > Hypothesis-based coaching > Gross misconduct and layoffs > para 388,epub:spine=17;para=388,"Although it’s less common for a manager to handle these conversations, it’s helpful to be prepared to understand them should they arise.",1,not_cited,,,,0.8,NORMATIVE,should,,,,
CLM-000399,482c3997dafdb61f88a0bc98b379636c5997b59f,Scaling People,Hypothesis-based coaching,Firing for gross misconduct,389,HughesJohnson2023-scaling-people.epub > Hypothesis-based coaching > Firing for gross misconduct > para 389,epub:spine=17;para=389,"If someone has clearly violated your company’s code of conduct, the termination conversation is usually straightforward, although it might come after an internal investigation and thus occur some days after the incident was observed, discovered, or reported.",0,not_cited,,,,0.65,GENERALIZATION,usually,,,,
CLM-000400,482c3997dafdb61f88a0bc98b379636c5997b59f,Scaling People,Hypothesis-based coaching,Firing for gross misconduct,389,HughesJohnson2023-scaling-people.epub > Hypothesis-based coaching > Firing for gross misconduct > para 389,epub:spine=17;para=389,I recommend having one conversation in which you explain that the person has violated the code of conduct and lay out the terms of departure.,1,not_cited,,,,0.8,NORMATIVE,recommend,,,,
CLM-000401,482c3997dafdb61f88a0bc98b379636c5997b59f,Scaling People,Hypothesis-based coaching,Layoffs,391,HughesJohnson2023-scaling-people.epub > Hypothesis-based coaching > Layoffs > para 391,epub:spine=17;para=391,Since layoffs are often accompanied by broader changes to the organization—see the section on managing through uncertainty on page 323—there’s generally an overarching communication and change management plan you should follow.,0,not_cited,,,,0.9000000000000001,NORMATIVE|QUANTITATIVE|GENERALIZATION,you should|323|often,,,,
CLM-000402,482c3997dafdb61f88a0bc98b379636c5997b59f,Scaling People,Hypothesis-based coaching,Initial documentation of feedback after meeting,493,HughesJohnson2023-scaling-people.epub > Hypothesis-based coaching > Initial documentation of feedback after meeting > para 493,epub:spine=17;para=493,(1:1 and/or performance review of “partially meets expectations”),0,not_cited,,,,0.65,QUANTITATIVE,1,,,,
CLM-000403,482c3997dafdb61f88a0bc98b379636c5997b59f,Scaling People,Hypothesis-based coaching,Insufficient progress (after a reasonable period),528,HughesJohnson2023-scaling-people.epub > Hypothesis-based coaching > Insufficient progress (after a reasonable period) > para 528,epub:spine=17;para=528,"At our next 1:1, I think we should realistically discuss whether you are going to be able to meet performance expectations for [ladder and level].",0,not_cited,,,,0.8500000000000001,NORMATIVE|QUANTITATIVE,should|1,,,,
CLM-000404,482c3997dafdb61f88a0bc98b379636c5997b59f,Scaling People,Hypothesis-based coaching,Performance Improvement Plan Template,530,HughesJohnson2023-scaling-people.epub > Hypothesis-based coaching > Performance Improvement Plan Template > para 530,epub:spine=17;para=530,The duration of a PIP should provide a reasonable amount of time to fairly assess a person’s performance against set metrics (typically four to six weeks).,1,not_cited,,,,0.8500000000000001,NORMATIVE|GENERALIZATION,should|typically,,,,
CLM-000405,482c3997dafdb61f88a0bc98b379636c5997b59f,Scaling People,Hypothesis-based coaching,Performance Improvement Plan Template,531,HughesJohnson2023-scaling-people.epub > Hypothesis-based coaching > Performance Improvement Plan Template > para 531,epub:spine=17;para=531,A PIP should not be the first time a person receives performance feedback.,0,not_cited,,,,0.8,NORMATIVE,should,,,,
CLM-000406,482c3997dafdb61f88a0bc98b379636c5997b59f,Scaling People,Hypothesis-based coaching,Performance Improvement Plan Template,531,HughesJohnson2023-scaling-people.epub > Hypothesis-based coaching > Performance Improvement Plan Template > para 531,epub:spine=17;para=531,"You should have already had several documented conversations identifying areas needing development, including providing examples of the person’s performance gaps and offering support to empower them to meet expectations.",1,not_cited,,,,0.8,NORMATIVE,You should,,,,
CLM-000407,482c3997dafdb61f88a0bc98b379636c5997b59f,Scaling People,Hypothesis-based coaching,Performance improvement plan,577,HughesJohnson2023-scaling-people.epub > Hypothesis-based coaching > Performance improvement plan > para 577,epub:spine=17;para=577,"Given the duration and seriousness of your performance deficiencies, failure to successfully meet the expectations outlined in this PIP may result in termination of your employment.",0,not_cited,,,,0.75,CAUSAL,result in,,,,
CLM-000408,482c3997dafdb61f88a0bc98b379636c5997b59f,Scaling People,Hypothesis-based coaching,Performance improvement plan,577,HughesJohnson2023-scaling-people.epub > Hypothesis-based coaching > Performance improvement plan > para 577,epub:spine=17;para=577,"If you successfully complete the PIP, please note that you must maintain this level of performance moving forward, and further underperformance may result in termination of your employment without a further PIP.",1,not_cited,,,,0.95,NORMATIVE|CAUSAL,must|result in,,,,
CLM-000409,482c3997dafdb61f88a0bc98b379636c5997b59f,Scaling People,Hypothesis-based coaching,Notes,596,HughesJohnson2023-scaling-people.epub > Hypothesis-based coaching > Notes > para 596,epub:spine=17;para=596,"For example, an L3 engineer should be able to scope a project, coordinate among peers, and drive an improvement to the product and the underlying code independently, from start to finish.",2,not_cited,,,,0.95,NORMATIVE|CAUSAL,should|drive,,,,
CLM-000410,482c3997dafdb61f88a0bc98b379636c5997b59f,Scaling People,Hypothesis-based coaching,Notes,597,HughesJohnson2023-scaling-people.epub > Hypothesis-based coaching > Notes > para 597,epub:spine=17;para=597,"73. Culture Amp’s “10 Performance Review Biases and How to Avoid Them” is a helpful resource, https://www.cultureamp.com/blog/performance-review-bias .",0,cited,https://www.cultureamp.com/blog/performance-review-bias,same_sentence,"73. Culture Amp’s “10 Performance Review Biases and How to Avoid Them” is a helpful resource, https://www.cultureamp.com/blog/performance-review-bias .",0.65,QUANTITATIVE,73,,,,
CLM-000411,482c3997dafdb61f88a0bc98b379636c5997b59f,Scaling People,Manage your time and energy,Working well with your own manager,27,HughesJohnson2023-scaling-people.epub > Manage your time and energy > Working well with your own manager > para 27,epub:spine=19;para=27,"Your manager should get leverage from you, and you should get leverage from them.",1,not_cited,,,,0.8,NORMATIVE,should,,,,
CLM-000412,482c3997dafdb61f88a0bc98b379636c5997b59f,Scaling People,Manage your time and energy,Working well with your own manager,27,HughesJohnson2023-scaling-people.epub > Manage your time and energy > Working well with your own manager > para 27,epub:spine=19;para=27,"Help your own manager be their best, and never surprise them with late news of challenges hitting your team or poor results.",5,not_cited,,,,0.65,GENERALIZATION,never,,,,
CLM-000413,482c3997dafdb61f88a0bc98b379636c5997b59f,Scaling People,Manage your time and energy,Working with other managers,35,HughesJohnson2023-scaling-people.epub > Manage your time and energy > Working with other managers > para 35,epub:spine=19;para=35,"Share information about your team’s mission and goals with key partners and stakeholders, and seek out those you need to work with, especially those who might create or prevent obstacles.",1,not_cited,,,,0.75,CAUSAL,prevent,,,,
CLM-000414,482c3997dafdb61f88a0bc98b379636c5997b59f,Scaling People,Manage your time and energy,Working with other managers,35,HughesJohnson2023-scaling-people.epub > Manage your time and energy > Working with other managers > para 35,epub:spine=19;para=35,"Remember that other leaders are great resources, both as sounding boards for handling tough situations—there’s nothing better than practicing a hard 1:1 with another manager—and as sources of information about what matters and how to flourish in the organization.",2,not_cited,,,,0.75,COMPARATIVE|QUANTITATIVE,better than|1,,,,
CLM-000415,482c3997dafdb61f88a0bc98b379636c5997b59f,Scaling People,Manage your time and energy,Working with other managers,37,HughesJohnson2023-scaling-people.epub > Manage your time and energy > Working with other managers > para 37,epub:spine=19;para=37,"Map your team’s partners and stakeholders, and either hold 1:1s with them or sit in on meetings for key individuals or teams.",0,not_cited,,,,0.65,QUANTITATIVE,1,,,,
CLM-000416,482c3997dafdb61f88a0bc98b379636c5997b59f,Scaling People,Manage your time and energy,Consider your career,55,HughesJohnson2023-scaling-people.epub > Manage your time and energy > Consider your career > para 55,epub:spine=19;para=55,I’m always surprised when someone is waiting for their manager or some other exogenous force to tap them on the shoulder with an opportunity or an idea for their career.,2,not_cited,,,,0.65,GENERALIZATION,always,,,,
CLM-000417,482c3997dafdb61f88a0bc98b379636c5997b59f,Scaling People,Acknowledgments,,9,HughesJohnson2023-scaling-people.epub > Acknowledgments >  > para 9,epub:spine=21;para=9,"They also took on “Cheshire,” which was the code name for my book project, and, in the face of countless pressures and my own distraction, they never let it disappear.",2,not_cited,,,,0.65,GENERALIZATION,never,,,,
CLM-000418,482c3997dafdb61f88a0bc98b379636c5997b59f,Scaling People,Index,,32,HughesJohnson2023-scaling-people.epub > Index >  > para 32,epub:spine=22;para=32,"conversations about, with team, 283 – 84 , 335 – 37",0,not_cited,,,,0.65,QUANTITATIVE,283,,,,
CLM-000419,482c3997dafdb61f88a0bc98b379636c5997b59f,Scaling People,Index,,76,HughesJohnson2023-scaling-people.epub > Index >  > para 76,epub:spine=22;para=76,"developer productivity, investing in, 76 – 78",0,not_cited,,,,0.65,QUANTITATIVE,76,,,,
CLM-000420,482c3997dafdb61f88a0bc98b379636c5997b59f,Scaling People,Index,,104,HughesJohnson2023-scaling-people.epub > Index >  > para 104,epub:spine=22;para=104,"performance reviews and, 362 , 364 , 366 – 68",0,not_cited,,,,0.65,QUANTITATIVE,362,,,,
CLM-000421,482c3997dafdb61f88a0bc98b379636c5997b59f,Scaling People,Index,,164,HughesJohnson2023-scaling-people.epub > Index >  > para 164,epub:spine=22;para=164,"performance reviews at, 350 , 434",0,not_cited,,,,0.65,QUANTITATIVE,350,,,,
CLM-000422,482c3997dafdb61f88a0bc98b379636c5997b59f,Scaling People,Index,,169,HughesJohnson2023-scaling-people.epub > Index >  > para 169,epub:spine=22;para=169,"team communication at, 331",0,not_cited,,,,0.65,QUANTITATIVE,331,,,,
CLM-000423,482c3997dafdb61f88a0bc98b379636c5997b59f,Scaling People,Index,,198,HughesJohnson2023-scaling-people.epub > Index >  > para 198,epub:spine=22;para=198,"for leadership, 142 , 144 , 157 – 58 , 160 , 162 – 70 , 190 – 98",0,not_cited,,,,0.65,QUANTITATIVE,142,,,,
CLM-000424,482c3997dafdb61f88a0bc98b379636c5997b59f,Scaling People,Index,,211,HughesJohnson2023-scaling-people.epub > Index >  > para 211,epub:spine=22;para=211,"HR teams, role of, 387 , 408",0,not_cited,,,,0.65,QUANTITATIVE,387,,,,
CLM-000425,482c3997dafdb61f88a0bc98b379636c5997b59f,Scaling People,Index,,298,HughesJohnson2023-scaling-people.epub > Index >  > para 298,epub:spine=22;para=298,"team, 97 , 296 – 304 , 306 – 8 , 310 – 11",0,not_cited,,,,0.65,QUANTITATIVE,97,,,,
CLM-000426,482c3997dafdb61f88a0bc98b379636c5997b59f,Scaling People,Index,,319,HughesJohnson2023-scaling-people.epub > Index >  > para 319,epub:spine=22;para=319,"task-focused vs. team-focused activities for, 293 – 94",0,not_cited,,,,0.65,QUANTITATIVE,293,,,,
CLM-000427,482c3997dafdb61f88a0bc98b379636c5997b59f,Scaling People,Index,,320,HughesJohnson2023-scaling-people.epub > Index >  > para 320,epub:spine=22;para=320,"team development stages and, 292 – 93",0,not_cited,,,,0.65,QUANTITATIVE,292,,,,
CLM-000428,482c3997dafdb61f88a0bc98b379636c5997b59f,Scaling People,Index,,335,HughesJohnson2023-scaling-people.epub > Index >  > para 335,epub:spine=22;para=335,"individual vs. manager, 398 , 399",0,not_cited,,,,0.65,QUANTITATIVE,398,,,,
CLM-000429,482c3997dafdb61f88a0bc98b379636c5997b59f,Scaling People,Index,,351,HughesJohnson2023-scaling-people.epub > Index >  > para 351,epub:spine=22;para=351,"management and, 70 – 71 , 72",0,not_cited,,,,0.65,QUANTITATIVE,70,,,,
CLM-000430,482c3997dafdb61f88a0bc98b379636c5997b59f,Scaling People,Index,,404,HughesJohnson2023-scaling-people.epub > Index >  > para 404,epub:spine=22;para=404,"performance reviews and, 362 , 364 , 415",0,not_cited,,,,0.65,QUANTITATIVE,362,,,,
CLM-000431,482c3997dafdb61f88a0bc98b379636c5997b59f,Scaling People,Index,,428,HughesJohnson2023-scaling-people.epub > Index >  > para 428,epub:spine=22;para=428,"recruiting team, building, 149 , 173",0,not_cited,,,,0.65,QUANTITATIVE,149,,,,
CLM-000432,482c3997dafdb61f88a0bc98b379636c5997b59f,Scaling People,Index,,450,HughesJohnson2023-scaling-people.epub > Index >  > para 450,epub:spine=22;para=450,"testing for, in interviews, 174",0,not_cited,,,,0.65,QUANTITATIVE,174,,,,
CLM-000433,482c3997dafdb61f88a0bc98b379636c5997b59f,Scaling People,Index,,467,HughesJohnson2023-scaling-people.epub > Index >  > para 467,epub:spine=22;para=467,"in performance reviews, 414",0,not_cited,,,,0.65,QUANTITATIVE,414,,,,
CLM-000434,482c3997dafdb61f88a0bc98b379636c5997b59f,Scaling People,Index,,477,HughesJohnson2023-scaling-people.epub > Index >  > para 477,epub:spine=22;para=477,"developer productivity and, 76 – 78",0,not_cited,,,,0.65,QUANTITATIVE,76,,,,
CLM-000435,482c3997dafdb61f88a0bc98b379636c5997b59f,Scaling People,Index,,478,HughesJohnson2023-scaling-people.epub > Index >  > para 478,epub:spine=22;para=478,"distributed and remote teams, 311 – 14 , 316",0,not_cited,,,,0.65,QUANTITATIVE,311,,,,
CLM-000436,482c3997dafdb61f88a0bc98b379636c5997b59f,Scaling People,Index,,486,HughesJohnson2023-scaling-people.epub > Index >  > para 486,epub:spine=22;para=486,"leadership team, 308 , 310 – 11",0,not_cited,,,,0.65,QUANTITATIVE,308,,,,
CLM-000437,482c3997dafdb61f88a0bc98b379636c5997b59f,Scaling People,Index,,493,HughesJohnson2023-scaling-people.epub > Index >  > para 493,epub:spine=22;para=493,"performance reviews at, 371",0,not_cited,,,,0.65,QUANTITATIVE,371,,,,
CLM-000438,482c3997dafdb61f88a0bc98b379636c5997b59f,Scaling People,Index,,532,HughesJohnson2023-scaling-people.epub > Index >  > para 532,epub:spine=22;para=532,"time management, 431 – 34",0,not_cited,,,,0.65,QUANTITATIVE,431,,,,
CLM-000439,482c3997dafdb61f88a0bc98b379636c5997b59f,Scaling People,About the Author,,1,HughesJohnson2023-scaling-people.epub > About the Author >  > para 1,epub:spine=23;para=1,"Prior to Stripe, Claire spent 10 years at Google leading various business teams, including overseeing aspects of Gmail, Google Apps, and consumer operations, as well as serving as a vice president for AdWords, Google Offers, and Google’s self-driving car project.",0,not_cited,,,,0.65,QUANTITATIVE,10 ,,,,
