claim_id,book_id,book_title,chapter_title,section_title,paragraph_index,location_text,ebook_locator,claim_text,sentence_index,citation_status,citation_marker_text,citation_marker_location_text,citation_context,confidence,trigger_rule,trigger_terms,notes,verified,verifier,verification_notes
CLM-000001,51232aa625f0bee54b790b1af18d8865472c0c63,The Manager's Path: A Guide for Tech Leaders Navigating Growth and Change,Praise for The Manager’s Path,,0,Fournier2017-managers-path.epub > Praise for The Manager’s Path >  > para 0,epub:spine=0;para=0,"And because engineering managers have a great responsibility to their reports to learn how to manage well, you should read this book and learn how it is done.",2,not_cited,,,,0.8,NORMATIVE,you should,,,,
CLM-000002,51232aa625f0bee54b790b1af18d8865472c0c63,The Manager's Path: A Guide for Tech Leaders Navigating Growth and Change,Praise for The Manager’s Path,,1,Fournier2017-managers-path.epub > Praise for The Manager’s Path >  > para 1,epub:spine=0;para=1,"As Camille says in Chapter 5, “This book is for engineering managers. It’s not a generic management book.”",0,not_cited,,,,0.65,QUANTITATIVE,5,,,,
CLM-000003,51232aa625f0bee54b790b1af18d8865472c0c63,The Manager's Path: A Guide for Tech Leaders Navigating Growth and Change,Praise for The Manager’s Path,,1,Fournier2017-managers-path.epub > Praise for The Manager’s Path >  > para 1,epub:spine=0;para=1,"Without hesitation I recommend this book for literally everyone who works in or around software engineering, at whatever level, whether or not you believe management is for you.",1,not_cited,,,,0.8,NORMATIVE,recommend,,,,
CLM-000004,51232aa625f0bee54b790b1af18d8865472c0c63,The Manager's Path: A Guide for Tech Leaders Navigating Growth and Change,Praise for The Manager’s Path,,1,Fournier2017-managers-path.epub > Praise for The Manager’s Path >  > para 1,epub:spine=0;para=1,"In software engineering we often treat management as something between a fate to be avoided, an obstacle, and a reward for being the loudest person in the room.",2,not_cited,,,,0.65,GENERALIZATION,often,,,,
CLM-000005,51232aa625f0bee54b790b1af18d8865472c0c63,The Manager's Path: A Guide for Tech Leaders Navigating Growth and Change,Revision History for the First Edition,,14,Fournier2017-managers-path.epub > Revision History for the First Edition >  > para 14,epub:spine=2;para=14,2017-03-08: First Release,0,not_cited,,,,0.65,QUANTITATIVE,2017,,,,
CLM-000006,51232aa625f0bee54b790b1af18d8865472c0c63,The Manager's Path: A Guide for Tech Leaders Navigating Growth and Change,Revision History for the First Edition,,15,Fournier2017-managers-path.epub > Revision History for the First Edition >  > para 15,epub:spine=2;para=15,isbn=9781491973899 for release details.,1,ambiguous,http://oreilly.com/catalog/errata.csp,prev_sentence,See http://oreilly.com/catalog/errata.csp?,0.65,QUANTITATIVE,9781491973899 ,,,,
CLM-000007,51232aa625f0bee54b790b1af18d8865472c0c63,The Manager's Path: A Guide for Tech Leaders Navigating Growth and Change,Introduction,,4,Fournier2017-managers-path.epub > Introduction >  > para 4,epub:spine=5;para=4,"From the first steps as a mentor to the challenges of senior leadership, I have tried to highlight the main themes and lessons that you typically learn at each step along the way.",1,not_cited,,,,0.65,GENERALIZATION,typically,,,,
CLM-000008,51232aa625f0bee54b790b1af18d8865472c0c63,The Manager's Path: A Guide for Tech Leaders Navigating Growth and Change,Introduction,,5,Fournier2017-managers-path.epub > Introduction >  > para 5,epub:spine=5;para=5,"If you are interested in improving on purely the people management side of leadership, books like First, Break All the Rules 1 are excellent references.",3,not_cited,,,,0.65,QUANTITATIVE,1 ,,,,
CLM-000009,51232aa625f0bee54b790b1af18d8865472c0c63,The Manager's Path: A Guide for Tech Leaders Navigating Growth and Change,How to Read This Book,,8,Fournier2017-managers-path.epub > How to Read This Book >  > para 8,epub:spine=5;para=8,"The last chapter on the management path, Chapter 8 , is all about senior leadership.",5,not_cited,,,,0.65,QUANTITATIVE,8,,,,
CLM-000010,51232aa625f0bee54b790b1af18d8865472c0c63,The Manager's Path: A Guide for Tech Leaders Navigating Growth and Change,How to Read This Book,,14,Fournier2017-managers-path.epub > How to Read This Book >  > para 14,epub:spine=5;para=14,"Chapter 9 is a bit of a wildcard, aimed at those trying to set up, change, or improve the culture of their team.",0,not_cited,,,,0.65,QUANTITATIVE,9 ,,,,
CLM-000011,51232aa625f0bee54b790b1af18d8865472c0c63,The Manager's Path: A Guide for Tech Leaders Navigating Growth and Change,What to Expect from a Manager,,2,Fournier2017-managers-path.epub > What to Expect from a Manager >  > para 2,epub:spine=6;para=2,"Unfortunately, I’ve come to see that there are people who have never in their careers had a good manager.",1,ambiguous,"title:""benign neglect.""",same_paragraph_other,"he foundation on which you build your own management philosophy. Unfortunately, I’ve come to see that there are people who have never in their careers had a good manager. Friends of mine talk about their best managers as managing them with “benign neglect.” The engineer just kind of knows what to work on, and the manager just leaves them alone entirely. In the most extreme case, one person reported meeting only twice with his manager in the span of six months, one of those ti",0.65,GENERALIZATION,never,,,,
CLM-000012,51232aa625f0bee54b790b1af18d8865472c0c63,The Manager's Path: A Guide for Tech Leaders Navigating Growth and Change,What to Expect from a Manager,,2,Fournier2017-managers-path.epub > What to Expect from a Manager >  > para 2,epub:spine=6;para=2,"In the most extreme case, one person reported meeting only twice with his manager in the span of six months, one of those times to receive a promotion.",4,ambiguous,"title:""benign neglect.""",same_paragraph_other,"he foundation on which you build your own management philosophy. Unfortunately, I’ve come to see that there are people who have never in their careers had a good manager. Friends of mine talk about their best managers as managing them with “benign neglect.” The engineer just kind of knows what to work on, and the manager just leaves them alone entirely. In the most extreme case, one person reported meeting only twice with his manager in the span of six months, one of those ti",0.65,QUANTITATIVE,twice,,,,
CLM-000013,51232aa625f0bee54b790b1af18d8865472c0c63,The Manager's Path: A Guide for Tech Leaders Navigating Growth and Change,What to Expect from a Manager,,5,Fournier2017-managers-path.epub > What to Expect from a Manager >  > para 5,epub:spine=6;para=5,"At a minimum, there are a few tasks that you should expect your manager to perform as needed, in order to keep you and your team on track.",0,not_cited,,,,0.8,NORMATIVE,you should,,,,
CLM-000014,51232aa625f0bee54b790b1af18d8865472c0c63,The Manager's Path: A Guide for Tech Leaders Navigating Growth and Change,What to Expect from a Manager,One-on-One Meetings,6,Fournier2017-managers-path.epub > What to Expect from a Manager > One-on-One Meetings > para 6,epub:spine=6;para=6,One-on-one meetings (1-1s) with your direct manager are an essential feature of a good working relationship.,0,not_cited,,,,0.65,QUANTITATIVE,1,,,,
CLM-000015,51232aa625f0bee54b790b1af18d8865472c0c63,The Manager's Path: A Guide for Tech Leaders Navigating Growth and Change,What to Expect from a Manager,One-on-One Meetings,8,Fournier2017-managers-path.epub > What to Expect from a Manager > One-on-One Meetings > para 8,epub:spine=6;para=8,"The bedrock of strong teams is human connection, which leads to trust.",4,not_cited,,,,0.75,CAUSAL,leads to,,,,
CLM-000016,51232aa625f0bee54b790b1af18d8865472c0c63,The Manager's Path: A Guide for Tech Leaders Navigating Growth and Change,What to Expect from a Manager,One-on-One Meetings,9,Fournier2017-managers-path.epub > What to Expect from a Manager > One-on-One Meetings > para 9,epub:spine=6;para=9,The second purpose of a 1-1 is a regular opportunity for you to speak privately with your manager about whatever needs discussing.,0,not_cited,,,,0.65,QUANTITATIVE,1,,,,
CLM-000017,51232aa625f0bee54b790b1af18d8865472c0c63,The Manager's Path: A Guide for Tech Leaders Navigating Growth and Change,What to Expect from a Manager,One-on-One Meetings,9,Fournier2017-managers-path.epub > What to Expect from a Manager > One-on-One Meetings > para 9,epub:spine=6;para=9,"You should expect your 1-1s to be scheduled with some predictability so that you can plan for them, because it is not your manager’s job to completely control the 1-1 agenda.",1,not_cited,,,,0.8500000000000001,NORMATIVE|QUANTITATIVE,You should|1,,,,
CLM-000018,51232aa625f0bee54b790b1af18d8865472c0c63,The Manager's Path: A Guide for Tech Leaders Navigating Growth and Change,What to Expect from a Manager,One-on-One Meetings,9,Fournier2017-managers-path.epub > What to Expect from a Manager > One-on-One Meetings > para 9,epub:spine=6;para=9,"It is hard to do this if your manager does not regularly meet with you, or constantly cancels or changes your 1-1s.",3,not_cited,,,,0.65,QUANTITATIVE,1,,,,
CLM-000019,51232aa625f0bee54b790b1af18d8865472c0c63,The Manager's Path: A Guide for Tech Leaders Navigating Growth and Change,What to Expect from a Manager,One-on-One Meetings,10,Fournier2017-managers-path.epub > What to Expect from a Manager > One-on-One Meetings > para 10,epub:spine=6;para=10,"If you are a manager reporting up to senior management, you may use your 1-1 to discuss the status of critical projects, or projects that are still in the nascent stage where there’s not necessarily a lot written down yet.",1,not_cited,,,,0.65,QUANTITATIVE,1,,,,
CLM-000020,51232aa625f0bee54b790b1af18d8865472c0c63,The Manager's Path: A Guide for Tech Leaders Navigating Growth and Change,What to Expect from a Manager,Feedback and Workplace Guidance,13,Fournier2017-managers-path.epub > What to Expect from a Manager > Feedback and Workplace Guidance > para 13,epub:spine=6;para=13,"You do want to get this feedback, though, because the only thing worse than getting behavioral feedback is not getting it at all, or getting it only during your performance review.",0,not_cited,,,,0.7,COMPARATIVE,worse than,,,,
CLM-000021,51232aa625f0bee54b790b1af18d8865472c0c63,The Manager's Path: A Guide for Tech Leaders Navigating Growth and Change,What to Expect from a Manager,Feedback and Workplace Guidance,14,Fournier2017-managers-path.epub > What to Expect from a Manager > Feedback and Workplace Guidance > para 14,epub:spine=6;para=14,"Praising in public is considered to be a best practice because it helps the manager let everyone know that someone has done something laudable, and reinforces what positive behavior looks like.",3,not_cited,,,,0.8,NORMATIVE,best practice,,,,
CLM-000022,51232aa625f0bee54b790b1af18d8865472c0c63,The Manager's Path: A Guide for Tech Leaders Navigating Growth and Change,What to Expect from a Manager,Feedback and Workplace Guidance,15,Fournier2017-managers-path.epub > What to Expect from a Manager > Feedback and Workplace Guidance > para 15,epub:spine=6;para=15,"If you’ve written a design doc, she should be able to provide ideas of areas for improvement.",2,not_cited,,,,0.8,NORMATIVE,should,,,,
CLM-000023,51232aa625f0bee54b790b1af18d8865472c0c63,The Manager's Path: A Guide for Tech Leaders Navigating Growth and Change,What to Expect from a Manager,Feedback and Workplace Guidance,15,Fournier2017-managers-path.epub > What to Expect from a Manager > Feedback and Workplace Guidance > para 15,epub:spine=6;para=15,"As engineers, we get code feedback mostly from our peers, but you will do things other than code, and your manager should act as a resource to help you improve those things.",3,not_cited,,,,0.8,NORMATIVE,should,,,,
CLM-000024,51232aa625f0bee54b790b1af18d8865472c0c63,The Manager's Path: A Guide for Tech Leaders Navigating Growth and Change,What to Expect from a Manager,Feedback and Workplace Guidance,16,Fournier2017-managers-path.epub > What to Expect from a Manager > Feedback and Workplace Guidance > para 16,epub:spine=6;para=16,"If you’re at a company with a career ladder, sitting down with your manager and asking her what areas you need to focus on to get promoted is usually a good idea if you are actively seeking a promotion.",1,not_cited,,,,0.65,GENERALIZATION,usually,,,,
CLM-000025,51232aa625f0bee54b790b1af18d8865472c0c63,The Manager's Path: A Guide for Tech Leaders Navigating Growth and Change,What to Expect from a Manager,Feedback and Workplace Guidance,16,Fournier2017-managers-path.epub > What to Expect from a Manager > Feedback and Workplace Guidance > para 16,epub:spine=6;para=16,"If you’re struggling with a teammate or a person on another team, your manager should be there to help you navigate that situation, and she can work with the other person or team as necessary to help you get to resolution.",2,not_cited,,,,0.8,NORMATIVE,should,,,,
CLM-000026,51232aa625f0bee54b790b1af18d8865472c0c63,The Manager's Path: A Guide for Tech Leaders Navigating Growth and Change,What to Expect from a Manager,Feedback and Workplace Guidance,17,Fournier2017-managers-path.epub > What to Expect from a Manager > Feedback and Workplace Guidance > para 17,epub:spine=6;para=17,"Your manager should be the person who shows you the larger picture of how your work fits into the team’s goals, and helps you feel a sense of purpose in the day-to-day work.",2,not_cited,,,,0.8,NORMATIVE,should,,,,
CLM-000027,51232aa625f0bee54b790b1af18d8865472c0c63,The Manager's Path: A Guide for Tech Leaders Navigating Growth and Change,What to Expect from a Manager,Feedback and Workplace Guidance,18,Fournier2017-managers-path.epub > What to Expect from a Manager > Feedback and Workplace Guidance > para 18,epub:spine=6;para=18,"It’s even more important as you become more senior that you feel comfortable driving your 1-1s and bringing topics for discussion or feedback to your manager, because she is otherwise unlikely to spend a lot of time on this outside of performance reviews.",3,not_cited,,,,0.65,QUANTITATIVE,1,,,,
CLM-000028,51232aa625f0bee54b790b1af18d8865472c0c63,The Manager's Path: A Guide for Tech Leaders Navigating Growth and Change,What to Expect from a Manager,Training and Career Growth,23,Fournier2017-managers-path.epub > What to Expect from a Manager > Training and Career Growth > para 23,epub:spine=6;para=23,"In whatever way promotions happen, your manager should have an idea of whether you are qualified to be promoted.",0,not_cited,,,,0.8,NORMATIVE,should,,,,
CLM-000029,51232aa625f0bee54b790b1af18d8865472c0c63,The Manager's Path: A Guide for Tech Leaders Navigating Growth and Change,What to Expect from a Manager,Ask the CTO: Big Ambitions,26,Fournier2017-managers-path.epub > What to Expect from a Manager > Ask the CTO: Big Ambitions > para 26,epub:spine=6;para=26,"Realize that stretching yourself is about more than just learning new technologies: great CTOs have strong communication skills, project management skills, and product sense, in addition to good technical sense.",2,not_cited,,,,0.7,COMPARATIVE,more than,,,,
CLM-000030,51232aa625f0bee54b790b1af18d8865472c0c63,The Manager's Path: A Guide for Tech Leaders Navigating Growth and Change,How to Be Managed,Give Your Manager a Break,40,Fournier2017-managers-path.epub > How to Be Managed > Give Your Manager a Break > para 40,epub:spine=6;para=40,"You should absolutely provide feedback to your manager, but understand that she may not listen or change no matter how much you think she should.",2,not_cited,,,,0.8,NORMATIVE,You should,,,,
CLM-000031,51232aa625f0bee54b790b1af18d8865472c0c63,The Manager's Path: A Guide for Tech Leaders Navigating Growth and Change,How to Be Managed,Give Your Manager a Break,40,Fournier2017-managers-path.epub > How to Be Managed > Give Your Manager a Break > para 40,epub:spine=6;para=40,"If you find yourself resenting every manager you work for, you may need to think about whether the cause is them or you.",4,not_cited,,,,0.75,CAUSAL,cause,,,,
CLM-000032,51232aa625f0bee54b790b1af18d8865472c0c63,The Manager's Path: A Guide for Tech Leaders Navigating Growth and Change,Chapter 2. Mentoring,,0,Fournier2017-managers-path.epub > Chapter 2. Mentoring >  > para 0,epub:spine=7;para=0,The first act of people management for many engineers is often unofficial.,0,not_cited,,,,0.65,GENERALIZATION,often,,,,
CLM-000033,51232aa625f0bee54b790b1af18d8865472c0c63,The Manager's Path: A Guide for Tech Leaders Navigating Growth and Change,Being a Mentor,Mentoring an Intern,8,Fournier2017-managers-path.epub > Being a Mentor > Mentoring an Intern > para 8,epub:spine=7;para=8,"Remember, you’re practicing skills that you will need should you decide in the future to become a manager.",6,not_cited,,,,0.8,NORMATIVE,should,,,,
CLM-000034,51232aa625f0bee54b790b1af18d8865472c0c63,The Manager's Path: A Guide for Tech Leaders Navigating Growth and Change,Being a Mentor,Ask the CTO: Mentoring a Summer Intern,18,Fournier2017-managers-path.epub > Being a Mentor > Ask the CTO: Mentoring a Summer Intern > para 18,epub:spine=7;para=18,"If he completes it before the end of the program, great — he should hopefully know enough about some part of your code base to do other work for the rest of the time.",6,not_cited,,,,0.8,NORMATIVE,should,,,,
CLM-000035,51232aa625f0bee54b790b1af18d8865472c0c63,The Manager's Path: A Guide for Tech Leaders Navigating Growth and Change,Being a Mentor,Ask the CTO: Mentoring a Summer Intern,19,Fournier2017-managers-path.epub > Being a Mentor > Ask the CTO: Mentoring a Summer Intern > para 19,epub:spine=7;para=19,"If your team does regular demo days or team meetings, the presentation should probably follow that format.",4,not_cited,,,,0.8,NORMATIVE,should,,,,
CLM-000036,51232aa625f0bee54b790b1af18d8865472c0c63,The Manager's Path: A Guide for Tech Leaders Navigating Growth and Change,Being a Mentor,Technical or Career Mentoring,27,Fournier2017-managers-path.epub > Being a Mentor > Technical or Career Mentoring > para 27,epub:spine=7;para=27,"I’m only going to say a few words on this topic, because this type of mentoring is usually not directly related to the path of management.",0,not_cited,,,,0.65,GENERALIZATION,usually,,,,
CLM-000037,51232aa625f0bee54b790b1af18d8865472c0c63,The Manager's Path: A Guide for Tech Leaders Navigating Growth and Change,Being a Mentor,Technical or Career Mentoring,28,Fournier2017-managers-path.epub > Being a Mentor > Technical or Career Mentoring > para 28,epub:spine=7;para=28,This type of mentoring is usually not a formal relationship and may be an expected part of the job for senior engineers because it delivers so much value to the team.,4,not_cited,,,,0.65,GENERALIZATION,usually,,,,
CLM-000038,51232aa625f0bee54b790b1af18d8865472c0c63,The Manager's Path: A Guide for Tech Leaders Navigating Growth and Change,Being a Mentor,Technical or Career Mentoring,29,Fournier2017-managers-path.epub > Being a Mentor > Technical or Career Mentoring > para 29,epub:spine=7;para=29,"Many companies run formal mentoring programs where they match people up across teams, and while these programs can sometimes enhance networks, they are often an ambiguous obligation for both the mentor and the mentee.",0,not_cited,,,,0.65,GENERALIZATION,often,,,,
CLM-000039,51232aa625f0bee54b790b1af18d8865472c0c63,The Manager's Path: A Guide for Tech Leaders Navigating Growth and Change,"Good Manager, Bad Manager: The Alpha Geek",,33,"Fournier2017-managers-path.epub > Good Manager, Bad Manager: The Alpha Geek >  > para 33",epub:spine=7;para=33,"The alpha geek is driven to be the best engineer on the team, to always have the right answer, and to be the person who solves all the hard problems.",1,not_cited,,,,0.65,GENERALIZATION,always,,,,
CLM-000040,51232aa625f0bee54b790b1af18d8865472c0c63,The Manager's Path: A Guide for Tech Leaders Navigating Growth and Change,"Good Manager, Bad Manager: The Alpha Geek",,34,"Fournier2017-managers-path.epub > Good Manager, Bad Manager: The Alpha Geek >  > para 34",epub:spine=7;para=34,"The alpha geek is usually an excellent, effective engineer who goes into management either because she was pushed into it or because she believes that the smartest person on the team should be the manager.",0,not_cited,,,,0.8500000000000001,NORMATIVE|GENERALIZATION,should|usually,,,,
CLM-000041,51232aa625f0bee54b790b1af18d8865472c0c63,The Manager's Path: A Guide for Tech Leaders Navigating Growth and Change,"Good Manager, Bad Manager: The Alpha Geek",,36,"Fournier2017-managers-path.epub > Good Manager, Bad Manager: The Alpha Geek >  > para 36",epub:spine=7;para=36,"The alpha geek believes that every developer should know exactly what she knows, and if you don’t know something, she will gleefully point out your ignorance.",2,not_cited,,,,0.8,NORMATIVE,should,,,,
CLM-000042,51232aa625f0bee54b790b1af18d8865472c0c63,The Manager's Path: A Guide for Tech Leaders Navigating Growth and Change,"Good Manager, Bad Manager: The Alpha Geek",,39,"Fournier2017-managers-path.epub > Good Manager, Bad Manager: The Alpha Geek >  > para 39",epub:spine=7;para=39,"Highly technical hands-on managers can be good for small teams of senior engineers, but alpha geeks are often better off kept out of management and given more of a focus on technical strategy and system design.",1,not_cited,,,,0.65,GENERALIZATION,often,,,,
CLM-000043,51232aa625f0bee54b790b1af18d8865472c0c63,The Manager's Path: A Guide for Tech Leaders Navigating Growth and Change,"Good Manager, Bad Manager: The Alpha Geek",,39,"Fournier2017-managers-path.epub > Good Manager, Bad Manager: The Alpha Geek >  > para 39",epub:spine=7;para=39,"You tend to see alpha geeks in the CTO role at technology-focused startups, where they are given a design and development focus across from an execution-focused Vice President of Engineering.",2,not_cited,,,,0.65,GENERALIZATION,tend to,,,,
CLM-000044,51232aa625f0bee54b790b1af18d8865472c0c63,The Manager's Path: A Guide for Tech Leaders Navigating Growth and Change,"Good Manager, Bad Manager: The Alpha Geek",,40,"Fournier2017-managers-path.epub > Good Manager, Bad Manager: The Alpha Geek >  > para 40",epub:spine=7;para=40,"Alpha geeks who believe that their value comes from knowing more than others can also hide information in order to maintain their edge, which makes everyone on the team less effective.",2,not_cited,,,,0.7,COMPARATIVE,more than,,,,
CLM-000045,51232aa625f0bee54b790b1af18d8865472c0c63,The Manager's Path: A Guide for Tech Leaders Navigating Growth and Change,Tips for the Manager of a Mentor,,44,Fournier2017-managers-path.epub > Tips for the Manager of a Mentor >  > para 44,epub:spine=7;para=44,"Whatever the source of the mentoring arrangement, common mentoring pitfalls include viewing it as a low-status “emotional labor” position, assuming that “like” must mentor “like,” and failing to use the opportunity to observe potential on your team firsthand.",0,not_cited,,,,0.8,NORMATIVE,must,,,,
CLM-000046,51232aa625f0bee54b790b1af18d8865472c0c63,The Manager's Path: A Guide for Tech Leaders Navigating Growth and Change,Tips for the Manager of a Mentor,,45,Fournier2017-managers-path.epub > Tips for the Manager of a Mentor >  > para 45,epub:spine=7;para=45,"Because the outcome can be hard to quantitatively measure, emotional labor is often dismissed as less important work than writing software.",1,not_cited,,,,0.65,GENERALIZATION,often,,,,
CLM-000047,51232aa625f0bee54b790b1af18d8865472c0c63,The Manager's Path: A Guide for Tech Leaders Navigating Growth and Change,Chapter 3. Tech Lead,,1,Fournier2017-managers-path.epub > Chapter 3. Tech Lead >  > para 1,epub:spine=8;para=1,"One particularly memorable struggle was a person who was an amazing engineer, wrote great code, but hated talking to people and often got distracted by technical details.",1,not_cited,,,,0.65,GENERALIZATION,often,,,,
CLM-000048,51232aa625f0bee54b790b1af18d8865472c0c63,The Manager's Path: A Guide for Tech Leaders Navigating Growth and Change,Chapter 3. Tech Lead,,1,Fournier2017-managers-path.epub > Chapter 3. Tech Lead >  > para 1,epub:spine=8;para=1,"The idea that the tech lead role should automatically be given to the most experienced engineer, the one who can handle the most complex features or who writes the best code, is a common misconception that even experienced managers fall for.",6,not_cited,,,,0.8,NORMATIVE,should,,,,
CLM-000049,51232aa625f0bee54b790b1af18d8865472c0c63,The Manager's Path: A Guide for Tech Leaders Navigating Growth and Change,Chapter 3. Tech Lead,,2,Fournier2017-managers-path.epub > Chapter 3. Tech Lead >  > para 2,epub:spine=8;para=2,"The tech lead may not have exactly the same role from company to company, or even from team to team within a company, but we know from the title that it is expected to be both a technical position and a leadership role, and that it is often a temporary set of responsibilities rather than a permanent title.",6,not_cited,,,,0.65,GENERALIZATION,often,,,,
CLM-000050,51232aa625f0bee54b790b1af18d8865472c0c63,The Manager's Path: A Guide for Tech Leaders Navigating Growth and Change,Chapter 3. Tech Lead,,3,Fournier2017-managers-path.epub > Chapter 3. Tech Lead >  > para 3,epub:spine=8;para=3,"These standards include: Regular (weekly) 1-1 touchbases Regular feedback on career growth, progression towards goals, areas for improvement, and praise as warranted Working with reports to identify areas for learning and helping them grow in these areas via project work, external learning, or additional mentoring If a tech lead is not managing directly, they are still expected to provide mentorship and guidance to the other members of the team.",2,not_cited,,,,0.65,QUANTITATIVE,1,,,,
CLM-000051,51232aa625f0bee54b790b1af18d8865472c0c63,The Manager's Path: A Guide for Tech Leaders Navigating Growth and Change,Chapter 3. Tech Lead,,3,Fournier2017-managers-path.epub > Chapter 3. Tech Lead >  > para 3,epub:spine=8;para=3,"It is not required that an engineer work as a tech lead to progress, but it is the most common way for engineers to grow from senior engineer 1 -> 2 and is required to grow from senior engineer 2 to engineering lead.",7,not_cited,,,,0.8,CAUSAL|QUANTITATIVE,lead to|1,,,,
CLM-000052,51232aa625f0bee54b790b1af18d8865472c0c63,The Manager's Path: A Guide for Tech Leaders Navigating Growth and Change,Chapter 3. Tech Lead,,3,Fournier2017-managers-path.epub > Chapter 3. Tech Lead >  > para 3,epub:spine=8;para=3,"Realistically it is very hard to grow past senior engineer 2 without ever having acted as a tech lead, even on the individual contributor track, due to the importance at senior levels of leadership and responsibility.",8,not_cited,,,,0.65,QUANTITATIVE,2 ,,,,
CLM-000053,51232aa625f0bee54b790b1af18d8865472c0c63,The Manager's Path: A Guide for Tech Leaders Navigating Growth and Change,Chapter 3. Tech Lead,,8,Fournier2017-managers-path.epub > Chapter 3. Tech Lead >  > para 8,epub:spine=8;para=8,"A leader, responsible for a (software) development team, who spends at least 30 percent of their time writing code with the team.",0,not_cited,,,,0.65,QUANTITATIVE,30 ,,,,
CLM-000054,51232aa625f0bee54b790b1af18d8865472c0c63,The Manager's Path: A Guide for Tech Leaders Navigating Growth and Change,Chapter 3. Tech Lead,,9,Fournier2017-managers-path.epub > Chapter 3. Tech Lead >  > para 9,epub:spine=8;para=9,"This is a senior engineering role, but it’s a mistake to tie the notion of tech lead to one that boils down to the best or most experienced engineer on the team.",3,not_cited,,,,0.75,CAUSAL,lead to,,,,
CLM-000055,51232aa625f0bee54b790b1af18d8865472c0c63,The Manager's Path: A Guide for Tech Leaders Navigating Growth and Change,All Great Tech Leads Know This One Weird Trick,,15,Fournier2017-managers-path.epub > All Great Tech Leads Know This One Weird Trick >  > para 15,epub:spine=8;para=15,"What’s worse, you’ll often need to balance doing things you know how to do and enjoy doing, such as writing code, with things you don’t know how to do.",2,not_cited,,,,0.65,GENERALIZATION,often,,,,
CLM-000056,51232aa625f0bee54b790b1af18d8865472c0c63,The Manager's Path: A Guide for Tech Leaders Navigating Growth and Change,All Great Tech Leads Know This One Weird Trick,,17,Fournier2017-managers-path.epub > All Great Tech Leads Know This One Weird Trick >  > para 17,epub:spine=8;para=17,"Even with careful scheduling, you won’t often have the time to focus for several-day stretches on coding problems.",0,not_cited,,,,0.65,GENERALIZATION,often,,,,
CLM-000057,51232aa625f0bee54b790b1af18d8865472c0c63,The Manager's Path: A Guide for Tech Leaders Navigating Growth and Change,Being a Tech Lead 101,Software developer and team leader,22,Fournier2017-managers-path.epub > Being a Tech Lead 101 > Software developer and team leader > para 22,epub:spine=8;para=22,"In your position as tech lead, you should continue writing code, but not too much .",3,not_cited,,,,0.8,NORMATIVE,you should,,,,
CLM-000058,51232aa625f0bee54b790b1af18d8865472c0c63,The Manager's Path: A Guide for Tech Leaders Navigating Growth and Change,Being a Tech Lead 101,Software developer and team leader,22,Fournier2017-managers-path.epub > Being a Tech Lead 101 > Software developer and team leader > para 22,epub:spine=8;para=22,Your product manager should know as early as possible about any possible challenges.,5,not_cited,,,,0.8,NORMATIVE,should,,,,
CLM-000059,51232aa625f0bee54b790b1af18d8865472c0c63,The Manager's Path: A Guide for Tech Leaders Navigating Growth and Change,Being a Tech Lead 101,Software developer and team leader,22,Fournier2017-managers-path.epub > Being a Tech Lead 101 > Software developer and team leader > para 22,epub:spine=8;para=22,Teams often fail because they overworked themselves on a feature that their product manager would have been willing to compromise on.,8,not_cited,,,,0.65,GENERALIZATION,often,,,,
CLM-000060,51232aa625f0bee54b790b1af18d8865472c0c63,The Manager's Path: A Guide for Tech Leaders Navigating Growth and Change,Being a Tech Lead 101,Ask the CTO: I Hate Being a Tech Lead!,26,Fournier2017-managers-path.epub > Being a Tech Lead 101 > Ask the CTO: I Hate Being a Tech Lead! > para 26,epub:spine=8;para=26,"The tech lead is expected to make sure the team fully understands the project requirements, the work is planned, and the team is effective and performing well, all without necessarily having any management responsibilities and usually without any specific training.",3,not_cited,,,,0.65,GENERALIZATION,usually,,,,
CLM-000061,51232aa625f0bee54b790b1af18d8865472c0c63,The Manager's Path: A Guide for Tech Leaders Navigating Growth and Change,Being a Tech Lead 101,Ask the CTO: I Hate Being a Tech Lead!,26,Fournier2017-managers-path.epub > Being a Tech Lead 101 > Ask the CTO: I Hate Being a Tech Lead! > para 26,epub:spine=8;para=26,"And, realistically, most managers will expect their tech leads to continue to write almost as much code as they did before they took on the lead role.",4,not_cited,,,,0.75,CAUSAL,leads to,,,,
CLM-000062,51232aa625f0bee54b790b1af18d8865472c0c63,The Manager's Path: A Guide for Tech Leaders Navigating Growth and Change,Managing Projects,,33,Fournier2017-managers-path.epub > Managing Projects >  > para 33,epub:spine=8;para=33,"There are some projects, usually described by words like infrastructure , platform , or system , that require architecture or significant advanced planning.",6,not_cited,,,,0.65,GENERALIZATION,usually,,,,
CLM-000063,51232aa625f0bee54b790b1af18d8865472c0c63,The Manager's Path: A Guide for Tech Leaders Navigating Growth and Change,Managing Projects,,35,Fournier2017-managers-path.epub > Managing Projects >  > para 35,epub:spine=8;para=35,"Still, project management has to happen, and as tech lead, you should be doing it when it is needed, especially for deeply technical projects.",2,not_cited,,,,0.8,NORMATIVE,you should,,,,
CLM-000064,51232aa625f0bee54b790b1af18d8865472c0c63,The Manager's Path: A Guide for Tech Leaders Navigating Growth and Change,Managing a Project,,43,Fournier2017-managers-path.epub > Managing a Project >  > para 43,epub:spine=8;para=43,"Project management is the act of breaking a complex end goal down into smaller pieces, putting those pieces in roughly the most effective order they should be done, identifying which pieces can be done in parallel and which must be done in sequence, and attempting to tease out the unknowns of the project that may cause it to slow down or fail completely.",0,not_cited,,,,0.95,NORMATIVE|CAUSAL,should|cause,,,,
CLM-000065,51232aa625f0bee54b790b1af18d8865472c0c63,The Manager's Path: A Guide for Tech Leaders Navigating Growth and Change,Decision Point: Stay on the Technical Track or Become a Manager,Real Life of a Senior Individual Contributor,59,Fournier2017-managers-path.epub > Decision Point: Stay on the Technical Track or Become a Manager > Real Life of a Senior Individual Contributor > para 59,epub:spine=8;para=59,"You have a lot of control over your day-to-day, and certainly fewer meetings than your management counterparts, but your days are not always spent in a blissful flow state.",2,not_cited,,,,0.65,GENERALIZATION,always,,,,
CLM-000066,51232aa625f0bee54b790b1af18d8865472c0c63,The Manager's Path: A Guide for Tech Leaders Navigating Growth and Change,Decision Point: Stay on the Technical Track or Become a Manager,Real Life of a Senior Individual Contributor,63,Fournier2017-managers-path.epub > Decision Point: Stay on the Technical Track or Become a Manager > Real Life of a Senior Individual Contributor > para 63,epub:spine=8;para=63,You can often choose your projects and can easily move between teams if you want something new.,2,not_cited,,,,0.65,GENERALIZATION,often,,,,
CLM-000067,51232aa625f0bee54b790b1af18d8865472c0c63,The Manager's Path: A Guide for Tech Leaders Navigating Growth and Change,Decision Point: Stay on the Technical Track or Become a Manager,Real Life of a Senior Individual Contributor,63,Fournier2017-managers-path.epub > Decision Point: Stay on the Technical Track or Become a Manager > Real Life of a Senior Individual Contributor > para 63,epub:spine=8;para=63,And you just found out that you get paid more than your manager!,3,not_cited,,,,0.7,COMPARATIVE,more than,,,,
CLM-000068,51232aa625f0bee54b790b1af18d8865472c0c63,The Manager's Path: A Guide for Tech Leaders Navigating Growth and Change,Decision Point: Stay on the Technical Track or Become a Manager,Imagined Life of a Manager,66,Fournier2017-managers-path.epub > Decision Point: Stay on the Technical Track or Become a Manager > Imagined Life of a Manager > para 66,epub:spine=8;para=66,"Other managers are always interested in hearing what you think, and they can see how effectively you’ve gotten your team working, how clearly you care about the health of the organization, and how genuine your interest is in just making everyone better.",1,not_cited,,,,0.65,GENERALIZATION,always,,,,
CLM-000069,51232aa625f0bee54b790b1af18d8865472c0c63,The Manager's Path: A Guide for Tech Leaders Navigating Growth and Change,Decision Point: Stay on the Technical Track or Become a Manager,Real Life of a Manager,70,Fournier2017-managers-path.epub > Decision Point: Stay on the Technical Track or Become a Manager > Real Life of a Manager > para 70,epub:spine=8;para=70,"You can focus your team on some things, like writing better tests, but they still have a product roadmap to implement, and they have their own ideas for what technical tasks should be prioritized.",2,not_cited,,,,0.8,NORMATIVE,should,,,,
CLM-000070,51232aa625f0bee54b790b1af18d8865472c0c63,The Manager's Path: A Guide for Tech Leaders Navigating Growth and Change,Decision Point: Stay on the Technical Track or Become a Manager,Real Life of a Manager,70,Fournier2017-managers-path.epub > Decision Point: Stay on the Technical Track or Become a Manager > Real Life of a Manager > para 70,epub:spine=8;para=70,"So, more than making decisions yourself, you’re helping the team make decisions.",3,not_cited,,,,0.7,COMPARATIVE,more than,,,,
CLM-000071,51232aa625f0bee54b790b1af18d8865472c0c63,The Manager's Path: A Guide for Tech Leaders Navigating Growth and Change,Decision Point: Stay on the Technical Track or Become a Manager,Real Life of a Manager,73,Fournier2017-managers-path.epub > Decision Point: Stay on the Technical Track or Become a Manager > Real Life of a Manager > para 73,epub:spine=8;para=73,"When you discovered that the staff engineer who works for you makes more than you do, you almost lost it, so you’d better figure out how to get that bigger team fast.",7,not_cited,,,,0.7,COMPARATIVE,more than,,,,
CLM-000072,51232aa625f0bee54b790b1af18d8865472c0c63,The Manager's Path: A Guide for Tech Leaders Navigating Growth and Change,"Good Manager, Bad Manager: The Process Czar",,75,"Fournier2017-managers-path.epub > Good Manager, Bad Manager: The Process Czar >  > para 75",epub:spine=8;para=75,"They may have a very precise idea of how on-call should work, how code reviews must be done, or how the release process has to operate.",2,not_cited,,,,0.8,NORMATIVE,should,,,,
CLM-000073,51232aa625f0bee54b790b1af18d8865472c0c63,The Manager's Path: A Guide for Tech Leaders Navigating Growth and Change,"Good Manager, Bad Manager: The Process Czar",,76,"Fournier2017-managers-path.epub > Good Manager, Bad Manager: The Process Czar >  > para 76",epub:spine=8;para=76,"Process czars are often found in QA, helpdesk, or product management groups.",0,not_cited,,,,0.65,GENERALIZATION,often,,,,
CLM-000074,51232aa625f0bee54b790b1af18d8865472c0c63,The Manager's Path: A Guide for Tech Leaders Navigating Growth and Change,"Good Manager, Bad Manager: The Process Czar",,76,"Fournier2017-managers-path.epub > Good Manager, Bad Manager: The Process Czar >  > para 76",epub:spine=8;para=76,They can be incredibly valuable members of a project management team because they tend to make sure that no task is forgotten and that everything is wrapped up in the way it should be.,3,not_cited,,,,0.8500000000000001,NORMATIVE|GENERALIZATION,should|tend to,,,,
CLM-000075,51232aa625f0bee54b790b1af18d8865472c0c63,The Manager's Path: A Guide for Tech Leaders Navigating Growth and Change,"Good Manager, Bad Manager: The Process Czar",,79,"Fournier2017-managers-path.epub > Good Manager, Bad Manager: The Process Czar >  > para 79",epub:spine=8;para=79,"The opposite of the process czar is not a manager who gives up on process completely, but rather someone who understands that processes must meet the needs of the team and the work.",0,not_cited,,,,0.8,NORMATIVE,must,,,,
CLM-000076,51232aa625f0bee54b790b1af18d8865472c0c63,The Manager's Path: A Guide for Tech Leaders Navigating Growth and Change,"Good Manager, Bad Manager: The Process Czar",,85,"Fournier2017-managers-path.epub > Good Manager, Bad Manager: The Process Czar >  > para 85",epub:spine=8;para=85,"As with many of the manager pitfalls, an obsession with process can be related to a fear of failure and a desire to control things to prevent the unexpected.",1,not_cited,,,,0.75,CAUSAL,prevent,,,,
CLM-000077,51232aa625f0bee54b790b1af18d8865472c0c63,The Manager's Path: A Guide for Tech Leaders Navigating Growth and Change,How to Be a Great Tech Lead,Be a Team Player,88,Fournier2017-managers-path.epub > How to Be a Great Tech Lead > Be a Team Player > para 88,epub:spine=8;para=88,"You want to encourage others on your team to learn the entire system, and you want to give them chances to stretch themselves, but you needn’t always be self-sacrificing in what you choose to work on.",6,not_cited,,,,0.65,GENERALIZATION,always,,,,
CLM-000078,51232aa625f0bee54b790b1af18d8865472c0c63,The Manager's Path: A Guide for Tech Leaders Navigating Growth and Change,How to Be a Great Tech Lead,Lead Technical Decisions,90,Fournier2017-managers-path.epub > How to Be a Great Tech Lead > Lead Technical Decisions > para 90,epub:spine=8;para=90,"Determine which decisions must be made by you, which decisions should be delegated to others with more expertise, and which decisions require the whole team to resolve.",0,not_cited,,,,0.8,NORMATIVE,must,,,,
CLM-000079,51232aa625f0bee54b790b1af18d8865472c0c63,The Manager's Path: A Guide for Tech Leaders Navigating Growth and Change,Starting a New Reporting Relationship Off Right,Encourage Participation by Updating the New Hire Documentation,21,Fournier2017-managers-path.epub > Starting a New Reporting Relationship Off Right > Encourage Participation by Updating the New Hire Documentation > para 21,epub:spine=9;para=21,A best practice in many engineering teams is to create a set of onboarding documents that are edited by every new hire as he gets up to speed.,1,not_cited,,,,0.8,NORMATIVE,best practice,,,,
CLM-000080,51232aa625f0bee54b790b1af18d8865472c0c63,The Manager's Path: A Guide for Tech Leaders Navigating Growth and Change,Starting a New Reporting Relationship Off Right,Get Feedback from Your New Hire,23,Fournier2017-managers-path.epub > Starting a New Reporting Relationship Off Right > Get Feedback from Your New Hire > para 23,epub:spine=9;para=23,One final piece of advice: get as much feedback as you can about the new hire’s perspective on the team in that first 90 days.,0,not_cited,,,,0.65,QUANTITATIVE,90 ,,,,
CLM-000081,51232aa625f0bee54b790b1af18d8865472c0c63,The Manager's Path: A Guide for Tech Leaders Navigating Growth and Change,Starting a New Reporting Relationship Off Right,Get Feedback from Your New Hire,23,Fournier2017-managers-path.epub > Starting a New Reporting Relationship Off Right > Get Feedback from Your New Hire > para 23,epub:spine=9;para=23,"This is a rare period, where a new person comes in with fresh eyes and often sees things that are hard for the established team members to see.",1,not_cited,,,,0.65,GENERALIZATION,often,,,,
CLM-000082,51232aa625f0bee54b790b1af18d8865472c0c63,The Manager's Path: A Guide for Tech Leaders Navigating Growth and Change,Starting a New Reporting Relationship Off Right,Get Feedback from Your New Hire,23,Fournier2017-managers-path.epub > Starting a New Reporting Relationship Off Right > Get Feedback from Your New Hire > para 23,epub:spine=9;para=23,"On the other hand, remember that people in their first 90 days lack the context that the overall team possesses, so take their observations with the requisite grain of salt, and definitely don’t encourage people in this period to criticize the established processes or systems in a way that makes the existing team feel attacked.",2,not_cited,,,,0.65,QUANTITATIVE,90 ,,,,
CLM-000083,51232aa625f0bee54b790b1af18d8865472c0c63,The Manager's Path: A Guide for Tech Leaders Navigating Growth and Change,Communicating with Your Team,Have Regular 1-1s,25,Fournier2017-managers-path.epub > Communicating with Your Team > Have Regular 1-1s > para 25,epub:spine=9;para=25,"That being said, if you’re not a CTO with years and years of management experience, you should probably start by assuming that you need to do regularly scheduled 1-1s.",5,not_cited,,,,0.8500000000000001,NORMATIVE|QUANTITATIVE,you should|1,,,,
CLM-000084,51232aa625f0bee54b790b1af18d8865472c0c63,The Manager's Path: A Guide for Tech Leaders Navigating Growth and Change,Communicating with Your Team,Adjusting 1-1s,33,Fournier2017-managers-path.epub > Communicating with Your Team > Adjusting 1-1s > para 33,epub:spine=9;para=33,Keeping your 1-1s regular through times of uncertainty will help stabilize your team and slow down the rumor mill.,2,not_cited,,,,0.65,QUANTITATIVE,1,,,,
CLM-000085,51232aa625f0bee54b790b1af18d8865472c0c63,The Manager's Path: A Guide for Tech Leaders Navigating Growth and Change,Different 1-1 Styles,The Feedback Meeting,39,Fournier2017-managers-path.epub > Different 1-1 Styles > The Feedback Meeting > para 39,epub:spine=9;para=39,"If you have an employee with performance issues, feedback meetings should happen more frequently, and if you’re thinking of firing someone I advise you to document these feedback meetings.",0,not_cited,,,,0.8,NORMATIVE,should,,,,
CLM-000086,51232aa625f0bee54b790b1af18d8865472c0c63,The Manager's Path: A Guide for Tech Leaders Navigating Growth and Change,Different 1-1 Styles,The Progress Report,41,Fournier2017-managers-path.epub > Different 1-1 Styles > The Progress Report > para 41,epub:spine=9;para=41,"If your 1-1s are frequently status updates, try breaking out of the habit by asking your reports to prepare answers to questions that are unrelated to the current project status, or ask them to come prepared with questions for you to answer about the team, the company, or anything else.",3,not_cited,,,,0.65,QUANTITATIVE,1,,,,
CLM-000087,51232aa625f0bee54b790b1af18d8865472c0c63,The Manager's Path: A Guide for Tech Leaders Navigating Growth and Change,"Good Manager, Bad Manager: Micromanager, Delegator",,51,"Fournier2017-managers-path.epub > Good Manager, Bad Manager: Micromanager, Delegator >  > para 51",epub:spine=9;para=51,"If your value to the team has shifted from the thing you’re good at (writing code) to the thing you don’t yet know how to do well (managing people), it can be tempting to treat your reports as if they should be mini-mes.",3,not_cited,,,,0.8,NORMATIVE,should,,,,
CLM-000088,51232aa625f0bee54b790b1af18d8865472c0c63,The Manager's Path: A Guide for Tech Leaders Navigating Growth and Change,"Good Manager, Bad Manager: Micromanager, Delegator",,52,"Fournier2017-managers-path.epub > Good Manager, Bad Manager: Micromanager, Delegator >  > para 52",epub:spine=9;para=52,"There’s nothing worse than feeling like you can’t make a single decision on your own, or feeling like every single piece of work you do has to be double- and triple-checked by your manager.",3,not_cited,,,,0.7,COMPARATIVE,worse than,,,,
CLM-000089,51232aa625f0bee54b790b1af18d8865472c0c63,The Manager's Path: A Guide for Tech Leaders Navigating Growth and Change,Practical Advice for Delegating Effectively,Adjust Your Focus Depending on the Stage of Projects,58,Fournier2017-managers-path.epub > Practical Advice for Delegating Effectively > Adjust Your Focus Depending on the Stage of Projects > para 58,epub:spine=9;para=58,"If you’re managing a single team or two directly, you should know all of the details of the project status as part of your regular team processes (like morning standup meetings).",0,not_cited,,,,0.8,NORMATIVE,you should,,,,
CLM-000090,51232aa625f0bee54b790b1af18d8865472c0c63,The Manager's Path: A Guide for Tech Leaders Navigating Growth and Change,Practical Advice for Delegating Effectively,Adjust Your Focus Depending on the Stage of Projects,58,Fournier2017-managers-path.epub > Practical Advice for Delegating Effectively > Adjust Your Focus Depending on the Stage of Projects > para 58,epub:spine=9;para=58,"During the normal workflow, though, it’s usually enough to know what’s moving forward and what is taking longer than expected, especially if you can use that information to reshuffle work or help a struggling team member.",4,not_cited,,,,0.65,GENERALIZATION,usually,,,,
CLM-000091,51232aa625f0bee54b790b1af18d8865472c0c63,The Manager's Path: A Guide for Tech Leaders Navigating Growth and Change,Practical Advice for Delegating Effectively,Establish Standards for Code and Systems,59,Fournier2017-managers-path.epub > Practical Advice for Delegating Effectively > Establish Standards for Code and Systems > para 59,epub:spine=9;para=59,"For me, basic standards meant things like how much unit testing we expected to happen with each change (generally speaking, as some tests were always required), and at what point technical decisions should be reviewed by a larger group (like when someone wants to add a new language or framework to the stack).",3,not_cited,,,,0.8500000000000001,NORMATIVE|GENERALIZATION,should|generally,,,,
CLM-000092,51232aa625f0bee54b790b1af18d8865472c0c63,The Manager's Path: A Guide for Tech Leaders Navigating Growth and Change,Creating a Culture of Continuous Feedback,,67,Fournier2017-managers-path.epub > Creating a Culture of Continuous Feedback >  > para 67,epub:spine=9;para=67,"You don’t have to do this in public, but every week there should be at least one thing you can recognize about someone on your team.",9,not_cited,,,,0.8,NORMATIVE,should,,,,
CLM-000093,51232aa625f0bee54b790b1af18d8865472c0c63,The Manager's Path: A Guide for Tech Leaders Navigating Growth and Change,Creating a Culture of Continuous Feedback,,68,Fournier2017-managers-path.epub > Creating a Culture of Continuous Feedback >  > para 68,epub:spine=9;para=68,"It’s not always a core need for doing the job well, and there will be many times when you don’t have either the qualifications or the capability to provide the coaching that everyone on your team needs.",15,not_cited,,,,0.65,GENERALIZATION,always,,,,
CLM-000094,51232aa625f0bee54b790b1af18d8865472c0c63,The Manager's Path: A Guide for Tech Leaders Navigating Growth and Change,Performance Reviews,,69,Fournier2017-managers-path.epub > Performance Reviews >  > para 69,epub:spine=9;para=69,"However, it’s not a replacement for a more formal, 360-based performance review process.",1,not_cited,,,,0.65,QUANTITATIVE,360,,,,
CLM-000095,51232aa625f0bee54b790b1af18d8865472c0c63,The Manager's Path: A Guide for Tech Leaders Navigating Growth and Change,Performance Reviews,,70,Fournier2017-managers-path.epub > Performance Reviews >  > para 70,epub:spine=9;para=70,"The 360 model is a performance review that includes feedback from, in addition to a person’s manager, his teammates, anyone who reports to him, and coworkers he regularly interacts with, as well as a self-review.",0,not_cited,,,,0.65,QUANTITATIVE,360 ,,,,
CLM-000096,51232aa625f0bee54b790b1af18d8865472c0c63,The Manager's Path: A Guide for Tech Leaders Navigating Growth and Change,Performance Reviews,"Give yourself enough time, and start early",75,"Fournier2017-managers-path.epub > Performance Reviews > Give yourself enough time, and start early > para 75",epub:spine=9;para=75,"Even in an open process, as the manager you should still read that feedback and use it as part of your review writing, since the manager review is still often considered the most important summary of all review feedback.",1,not_cited,,,,0.8500000000000001,NORMATIVE|GENERALIZATION,you should|often,,,,
CLM-000097,51232aa625f0bee54b790b1af18d8865472c0c63,The Manager's Path: A Guide for Tech Leaders Navigating Growth and Change,Performance Reviews,Ask the CTO: Identifying Potential,92,Fournier2017-managers-path.epub > Performance Reviews > Ask the CTO: Identifying Potential > para 92,epub:spine=9;para=92,"A person who has never shown reasonable performance, and who has been with a company long enough for you to observe performance, probably doesn’t actually have potential, at least within that company.",1,not_cited,,,,0.65,GENERALIZATION,never,,,,
CLM-000098,51232aa625f0bee54b790b1af18d8865472c0c63,The Manager's Path: A Guide for Tech Leaders Navigating Growth and Change,Cultivating Careers,,100,Fournier2017-managers-path.epub > Cultivating Careers >  > para 100,epub:spine=9;para=100,"The evidence for promotion often takes the form of projects or features they’ve completed independently, participation in on-call rotations or other support, and engagement in team meetings and team planning.",4,not_cited,,,,0.65,GENERALIZATION,often,,,,
CLM-000099,51232aa625f0bee54b790b1af18d8865472c0c63,The Manager's Path: A Guide for Tech Leaders Navigating Growth and Change,Challenging Situations: Firing Underperformers,,105,Fournier2017-managers-path.epub > Challenging Situations: Firing Underperformers >  > para 105,epub:spine=9;para=105,One of the hardest things that any manager must do is to fire someone for underperformance.,0,not_cited,,,,0.8,NORMATIVE,must,,,,
CLM-000100,51232aa625f0bee54b790b1af18d8865472c0c63,The Manager's Path: A Guide for Tech Leaders Navigating Growth and Change,Challenging Situations: Firing Underperformers,,107,Fournier2017-managers-path.epub > Challenging Situations: Firing Underperformers >  > para 107,epub:spine=9;para=107,"Whatever the procedure is at your company, the process of coaching someone out should begin long before any performance improvement document is filed with HR, and long before the actual act of firing.",0,not_cited,,,,0.8,NORMATIVE,should,,,,
CLM-000101,51232aa625f0bee54b790b1af18d8865472c0c63,The Manager's Path: A Guide for Tech Leaders Navigating Growth and Change,Challenging Situations: Firing Underperformers,,112,Fournier2017-managers-path.epub > Challenging Situations: Firing Underperformers >  > para 112,epub:spine=9;para=112,You’ll always need to have a record of negative feedback to fire someone in any environment where HR is active and a standard performance improvement plan is required.,0,not_cited,,,,0.65,GENERALIZATION,always,,,,
CLM-000102,51232aa625f0bee54b790b1af18d8865472c0c63,The Manager's Path: A Guide for Tech Leaders Navigating Growth and Change,Chapter 5. Managing a Team,,0,Fournier2017-managers-path.epub > Chapter 5. Managing a Team >  > para 0,epub:spine=10;para=0,"It’s a short step from managing a person or two to managing a whole team, but managing a team is more than just doing the job of managing the individuals.",0,not_cited,,,,0.7,COMPARATIVE,more than,,,,
CLM-000103,51232aa625f0bee54b790b1af18d8865472c0c63,The Manager's Path: A Guide for Tech Leaders Navigating Growth and Change,Chapter 5. Managing a Team,,2,Fournier2017-managers-path.epub > Chapter 5. Managing a Team >  > para 2,epub:spine=10;para=2,"More than writing code, they hold responsibility for identifying bottlenecks in the process and roadblocks to success for their team and clearing these roadblocks.",1,not_cited,,,,0.7,COMPARATIVE,More than,,,,
CLM-000104,51232aa625f0bee54b790b1af18d8865472c0c63,The Manager's Path: A Guide for Tech Leaders Navigating Growth and Change,Chapter 5. Managing a Team,,2,Fournier2017-managers-path.epub > Chapter 5. Managing a Team >  > para 2,epub:spine=10;para=2,"As part of keeping the team focused, the engineering lead will partner closely with the product lead to manage project scope and ensure the technical deliverables are met.",4,not_cited,,,,0.75,CAUSAL,lead to,,,,
CLM-000105,51232aa625f0bee54b790b1af18d8865472c0c63,The Manager's Path: A Guide for Tech Leaders Navigating Growth and Change,Staying Technical,,10,Fournier2017-managers-path.epub > Staying Technical >  > para 10,epub:spine=10;para=10,"Furthermore, if you truly wish to command the respect of an engineering team, they must see you as technically credible.",0,not_cited,,,,0.8,NORMATIVE,must,,,,
CLM-000106,51232aa625f0bee54b790b1af18d8865472c0c63,The Manager's Path: A Guide for Tech Leaders Navigating Growth and Change,Staying Technical,,12,Fournier2017-managers-path.epub > Staying Technical >  > para 12,epub:spine=10;para=12,"You may be on a management career path, but that doesn’t mean that you should wash your hands of technical responsibilities.",1,not_cited,,,,0.8,NORMATIVE,you should,,,,
CLM-000107,51232aa625f0bee54b790b1af18d8865472c0c63,The Manager's Path: A Guide for Tech Leaders Navigating Growth and Change,Staying Technical,,15,Fournier2017-managers-path.epub > Staying Technical >  > para 15,epub:spine=10;para=15,"It’s hard to make up lost time when you stop writing code, and if you do it too early in your career, you may never achieve sufficient technical savvy to get beyond the role of middle management.",4,not_cited,,,,0.65,GENERALIZATION,never,,,,
CLM-000108,51232aa625f0bee54b790b1af18d8865472c0c63,The Manager's Path: A Guide for Tech Leaders Navigating Growth and Change,Debugging Dysfunctional Teams: The Basics,Not Shipping,18,Fournier2017-managers-path.epub > Debugging Dysfunctional Teams: The Basics > Not Shipping > para 18,epub:spine=10;para=18,"However, even teams doing research generally have goals and deliverables, even if they’re just in the form of initial findings.",2,not_cited,,,,0.65,GENERALIZATION,generally,,,,
CLM-000109,51232aa625f0bee54b790b1af18d8865472c0c63,The Manager's Path: A Guide for Tech Leaders Navigating Growth and Change,Debugging Dysfunctional Teams: The Basics,Not Shipping,21,Fournier2017-managers-path.epub > Debugging Dysfunctional Teams: The Basics > Not Shipping > para 21,epub:spine=10;para=21,"The releases took hours and were very painful, and often suffered from people trying to get in last-minute changes that broke tests and slowed everyone down.",1,not_cited,,,,0.65,GENERALIZATION,often,,,,
CLM-000110,51232aa625f0bee54b790b1af18d8865472c0c63,The Manager's Path: A Guide for Tech Leaders Navigating Growth and Change,Debugging Dysfunctional Teams: The Basics,People Drama,24,Fournier2017-managers-path.epub > Debugging Dysfunctional Teams: The Basics > People Drama > para 24,epub:spine=10;para=24,Sometimes the negative person is just unhappy and the best thing to do is to help him leave the team on good terms; you must be prepared for this outcome.,2,not_cited,,,,0.8,NORMATIVE,must,,,,
CLM-000111,51232aa625f0bee54b790b1af18d8865472c0c63,The Manager's Path: A Guide for Tech Leaders Navigating Growth and Change,The Shield,,37,Fournier2017-managers-path.epub > The Shield >  > para 37,epub:spine=10;para=37,"They should help their team focus on what they need to get done without being distracted by the wider drama, politics, and changes happening in the company around them.",1,not_cited,,,,0.8,NORMATIVE,should,,,,
CLM-000112,51232aa625f0bee54b790b1af18d8865472c0c63,The Manager's Path: A Guide for Tech Leaders Navigating Growth and Change,The Shield,,38,Fournier2017-managers-path.epub > The Shield >  > para 38,epub:spine=10;para=38,I do think that teams who are unnecessarily exposed to toxic drama that doesn’t concern them tend to get distracted and stressed out.,1,not_cited,,,,0.65,GENERALIZATION,tend to,,,,
CLM-000113,51232aa625f0bee54b790b1af18d8865472c0c63,The Manager's Path: A Guide for Tech Leaders Navigating Growth and Change,The Shield,,39,Fournier2017-managers-path.epub > The Shield >  > para 39,epub:spine=10;para=39,"However, it’s unrealistic to expect that you can or should shield your team from everything.",2,not_cited,,,,0.8,NORMATIVE,should,,,,
CLM-000114,51232aa625f0bee54b790b1af18d8865472c0c63,The Manager's Path: A Guide for Tech Leaders Navigating Growth and Change,How to Drive Good Decisions,,43,Fournier2017-managers-path.epub > How to Drive Good Decisions >  > para 43,epub:spine=10;para=43,"While the product manager is responsible for the product roadmap, and the tech lead is responsible for the technical details, you are usually accountable for the team’s progress through each of these elements.",1,not_cited,,,,0.65,GENERALIZATION,usually,,,,
CLM-000115,51232aa625f0bee54b790b1af18d8865472c0c63,The Manager's Path: A Guide for Tech Leaders Navigating Growth and Change,How to Drive Good Decisions,Review the Outcome of Your Decisions and Projects,47,Fournier2017-managers-path.epub > How to Drive Good Decisions > Review the Outcome of Your Decisions and Projects > para 47,epub:spine=10;para=47,"It’s easy to forget to review assumptions after the project is done, but if you make this a habit for yourself and your team, you’ll always learn from your decisions.",4,not_cited,,,,0.65,GENERALIZATION,always,,,,
CLM-000116,51232aa625f0bee54b790b1af18d8865472c0c63,The Manager's Path: A Guide for Tech Leaders Navigating Growth and Change,"Good Manager, Bad Manager: Conflict Avoider, Conflict Tamer",,49,"Fournier2017-managers-path.epub > Good Manager, Bad Manager: Conflict Avoider, Conflict Tamer >  > para 49",epub:spine=10;para=49,"After hearing complaints that Charles isn’t helping with the new system, Jason calls the team together and asks them to vote on what projects should be dropped to get the workload down.",2,not_cited,,,,0.8,NORMATIVE,should,,,,
CLM-000117,51232aa625f0bee54b790b1af18d8865472c0c63,The Manager's Path: A Guide for Tech Leaders Navigating Growth and Change,"Good Manager, Bad Manager: Conflict Avoider, Conflict Tamer",,51,"Fournier2017-managers-path.epub > Good Manager, Bad Manager: Conflict Avoider, Conflict Tamer >  > para 51",epub:spine=10;para=51,"In her 1-1 with Charles, Lydia explains the current workload, and tells Charles that his team needs him to help with the system rewrite.",2,not_cited,,,,0.65,QUANTITATIVE,1,,,,
CLM-000118,51232aa625f0bee54b790b1af18d8865472c0c63,The Manager's Path: A Guide for Tech Leaders Navigating Growth and Change,"Good Manager, Bad Manager: Conflict Avoider, Conflict Tamer",,53,"Fournier2017-managers-path.epub > Good Manager, Bad Manager: Conflict Avoider, Conflict Tamer >  > para 53",epub:spine=10;para=53,"While it seems like Jason’s democratic style should lead to an empowered team, his inability to say no or to take the responsibility for any decisions means that no one feels very secure.",1,not_cited,,,,0.95,NORMATIVE|CAUSAL,should|lead to,,,,
CLM-000119,51232aa625f0bee54b790b1af18d8865472c0c63,The Manager's Path: A Guide for Tech Leaders Navigating Growth and Change,"Good Manager, Bad Manager: Conflict Avoider, Conflict Tamer",The Dos and Don’ts of Managing Conflict,56,"Fournier2017-managers-path.epub > Good Manager, Bad Manager: Conflict Avoider, Conflict Tamer > The Dos and Don’ts of Managing Conflict > para 56",epub:spine=10;para=56,"When you assign the ownership for making a decision to someone on the team, make it clear which members of the team should be consulted for feedback and who needs to be informed of the decision or plan.",3,not_cited,,,,0.8,NORMATIVE,should,,,,
CLM-000120,51232aa625f0bee54b790b1af18d8865472c0c63,The Manager's Path: A Guide for Tech Leaders Navigating Growth and Change,"Good Manager, Bad Manager: Conflict Avoider, Conflict Tamer",The Dos and Don’ts of Managing Conflict,57,"Fournier2017-managers-path.epub > Good Manager, Bad Manager: Conflict Avoider, Conflict Tamer > The Dos and Don’ts of Managing Conflict > para 57",epub:spine=10;para=57,"It’s probably an indication that you are not paying attention, and not making space in your 1-1s for your team to discuss problems they’re having with their colleagues.",5,not_cited,,,,0.65,QUANTITATIVE,1,,,,
CLM-000121,51232aa625f0bee54b790b1af18d8865472c0c63,The Manager's Path: A Guide for Tech Leaders Navigating Growth and Change,"Good Manager, Bad Manager: Conflict Avoider, Conflict Tamer",The Dos and Don’ts of Managing Conflict,59,"Fournier2017-managers-path.epub > Good Manager, Bad Manager: Conflict Avoider, Conflict Tamer > The Dos and Don’ts of Managing Conflict > para 59",epub:spine=10;para=59,"Ironically, conflict-avoidant managers often seek conflict when it comes to other teams.",1,not_cited,,,,0.65,GENERALIZATION,often,,,,
CLM-000122,51232aa625f0bee54b790b1af18d8865472c0c63,The Manager's Path: A Guide for Tech Leaders Navigating Growth and Change,"Good Manager, Bad Manager: Conflict Avoider, Conflict Tamer",The Dos and Don’ts of Managing Conflict,60,"Fournier2017-managers-path.epub > Good Manager, Bad Manager: Conflict Avoider, Conflict Tamer > The Dos and Don’ts of Managing Conflict > para 60",epub:spine=10;para=60,"Your goal as a manager, however, should not be to be nice , it should be to be kind .",3,not_cited,,,,0.8,NORMATIVE,should,,,,
CLM-000123,51232aa625f0bee54b790b1af18d8865472c0c63,The Manager's Path: A Guide for Tech Leaders Navigating Growth and Change,Challenging Situations: Team Cohesion Destroyers,,65,Fournier2017-managers-path.epub > Challenging Situations: Team Cohesion Destroyers >  > para 65,epub:spine=10;para=65,The work of gelling a team begins by creating the friendliness that leads to psychological safety.,2,not_cited,,,,0.75,CAUSAL,leads to,,,,
CLM-000124,51232aa625f0bee54b790b1af18d8865472c0c63,The Manager's Path: A Guide for Tech Leaders Navigating Growth and Change,Challenging Situations: Team Cohesion Destroyers,,66,Fournier2017-managers-path.epub > Challenging Situations: Team Cohesion Destroyers >  > para 66,epub:spine=10;para=66,"Teams that are friendly are happier, gel faster, and tend to produce better results.",3,not_cited,,,,0.65,GENERALIZATION,tend to,,,,
CLM-000125,51232aa625f0bee54b790b1af18d8865472c0c63,The Manager's Path: A Guide for Tech Leaders Navigating Growth and Change,Challenging Situations: Team Cohesion Destroyers,,67,Fournier2017-managers-path.epub > Challenging Situations: Team Cohesion Destroyers >  > para 67,epub:spine=10;para=67,They almost always behave in a way that makes it hard for the rest of the team to feel safe around them.,1,not_cited,,,,0.65,GENERALIZATION,always,,,,
CLM-000126,51232aa625f0bee54b790b1af18d8865472c0c63,The Manager's Path: A Guide for Tech Leaders Navigating Growth and Change,Challenging Situations: Team Cohesion Destroyers,The Noncommunicator,74,Fournier2017-managers-path.epub > Challenging Situations: Team Cohesion Destroyers > The Noncommunicator > para 74,epub:spine=10;para=74,Sometimes it’s a sign of a person who feels he should have more responsibility and who doesn’t respect his manager.,4,not_cited,,,,0.8,NORMATIVE,should,,,,
CLM-000127,51232aa625f0bee54b790b1af18d8865472c0c63,The Manager's Path: A Guide for Tech Leaders Navigating Growth and Change,Challenging Situations: Team Cohesion Destroyers,The Noncommunicator,74,Fournier2017-managers-path.epub > Challenging Situations: Team Cohesion Destroyers > The Noncommunicator > para 74,epub:spine=10;para=74,"Whatever the cause, this person disrupts team cohesion because he isn’t being collaborative with the rest of his teammates; he doesn’t feel safe sharing his work in progress, and his fear often sets an example for the rest of the team.",5,not_cited,,,,0.8,CAUSAL|GENERALIZATION,cause|often,,,,
CLM-000128,51232aa625f0bee54b790b1af18d8865472c0c63,The Manager's Path: A Guide for Tech Leaders Navigating Growth and Change,Advanced Project Management,None of this is a replacement for agile project management,82,Fournier2017-managers-path.epub > Advanced Project Management > None of this is a replacement for agile project management > para 82,epub:spine=10;para=82,"However, most teams have both high-level, long-term goals, and short-term objectives that will enable them to meet those goals.",1,not_cited,,,,0.75,CAUSAL,enable,,,,
CLM-000129,51232aa625f0bee54b790b1af18d8865472c0c63,The Manager's Path: A Guide for Tech Leaders Navigating Growth and Change,Advanced Project Management,You have 10 productive engineering weeks per engineer per quarter,83,Fournier2017-managers-path.epub > Advanced Project Management > You have 10 productive engineering weeks per engineer per quarter > para 83,epub:spine=10;para=83,Don’t expect to get more than 10 weeks’ worth of focused effort on the main projects per team member per quarter.,3,not_cited,,,,0.75,COMPARATIVE|QUANTITATIVE,more than|10 ,,,,
CLM-000130,51232aa625f0bee54b790b1af18d8865472c0c63,The Manager's Path: A Guide for Tech Leaders Navigating Growth and Change,Advanced Project Management,"As you approach deadlines, it is your job to say no",85,"Fournier2017-managers-path.epub > Advanced Project Management > As you approach deadlines, it is your job to say no > para 85",epub:spine=10;para=85,"That means that you, as the engineering team lead, will partner with your tech lead and the product lead/business representative to figure out what “must-haves” are not actually must-haves.",2,not_cited,,,,0.8,NORMATIVE,must,,,,
CLM-000131,51232aa625f0bee54b790b1af18d8865472c0c63,The Manager's Path: A Guide for Tech Leaders Navigating Growth and Change,Advanced Project Management,"As you approach deadlines, it is your job to say no",85,"Fournier2017-managers-path.epub > Advanced Project Management > As you approach deadlines, it is your job to say no > para 85",epub:spine=10;para=85,"There will be product features that require significant engineering complexity to implement, and you’ll need to work with the product team to figure out the real must-haves while explaining the cost to get to their vision.",5,not_cited,,,,0.8,NORMATIVE,must,,,,
CLM-000132,51232aa625f0bee54b790b1af18d8865472c0c63,The Manager's Path: A Guide for Tech Leaders Navigating Growth and Change,Advanced Project Management,"Use the doubling rule for quick estimates, but push for planning time to estimate longer tasks",86,"Fournier2017-managers-path.epub > Advanced Project Management > Use the doubling rule for quick estimates, but push for planning time to estimate longer tasks > para 86",epub:spine=10;para=86,"Sometimes the longer tasks will take far more than twice your estimate, and it’s worth spending some time planning more carefully before you commit your team to a big, unknown project.",3,not_cited,,,,0.75,COMPARATIVE|QUANTITATIVE,more than|twice,,,,
CLM-000133,51232aa625f0bee54b790b1af18d8865472c0c63,The Manager's Path: A Guide for Tech Leaders Navigating Growth and Change,Chapter 6. Managing Multiple Teams,,0,Fournier2017-managers-path.epub > Chapter 6. Managing Multiple Teams >  > para 0,epub:spine=11;para=0,"You probably have tech leads reporting to you now, though, and juggling the work of directly managing more than three or four people with the process of understanding details about what’s happening across a couple of teams probably means one important thing: you’re not writing (much, any, production) code.",2,not_cited,,,,0.7,COMPARATIVE,more than,,,,
CLM-000134,51232aa625f0bee54b790b1af18d8865472c0c63,The Manager's Path: A Guide for Tech Leaders Navigating Growth and Change,Chapter 6. Managing Multiple Teams,,1,Fournier2017-managers-path.epub > Chapter 6. Managing Multiple Teams >  > para 1,epub:spine=11;para=1,"When I created the career ladder for my previous job, the director of engineering role was usually the place where a person would start to manage multiple large teams.",0,not_cited,,,,0.65,GENERALIZATION,usually,,,,
CLM-000135,51232aa625f0bee54b790b1af18d8865472c0c63,The Manager's Path: A Guide for Tech Leaders Navigating Growth and Change,Chapter 6. Managing Multiple Teams,,2,Fournier2017-managers-path.epub > Chapter 6. Managing Multiple Teams >  > para 2,epub:spine=11;para=2,"The engineering director typically leads engineers across multiple product areas, or multiple technology functions.",1,not_cited,,,,0.65,GENERALIZATION,typically,,,,
CLM-000136,51232aa625f0bee54b790b1af18d8865472c0c63,The Manager's Path: A Guide for Tech Leaders Navigating Growth and Change,Chapter 6. Managing Multiple Teams,,2,Fournier2017-managers-path.epub > Chapter 6. Managing Multiple Teams >  > para 2,epub:spine=11;para=2,The engineering director is not generally expected to write code on a day-to-day basis.,3,not_cited,,,,0.65,GENERALIZATION,generally,,,,
CLM-000137,51232aa625f0bee54b790b1af18d8865472c0c63,The Manager's Path: A Guide for Tech Leaders Navigating Growth and Change,Chapter 6. Managing Multiple Teams,,2,Fournier2017-managers-path.epub > Chapter 6. Managing Multiple Teams >  > para 2,epub:spine=11;para=2,"They will be expected to help debug and triage critical systems, and should understand the systems they oversee well enough to perform code reviews and help research problems as needed.",6,not_cited,,,,0.8,NORMATIVE,should,,,,
CLM-000138,51232aa625f0bee54b790b1af18d8865472c0c63,The Manager's Path: A Guide for Tech Leaders Navigating Growth and Change,Chapter 6. Managing Multiple Teams,,2,Fournier2017-managers-path.epub > Chapter 6. Managing Multiple Teams >  > para 2,epub:spine=11;para=2,"They should contribute to architecture and design efforts primarily by serving as the technically savvy voice that asks business and product questions of the engineers on their teams, ensuring that the code we are writing matches the product and business needs and can scale appropriately as those needs grow.",7,not_cited,,,,0.95,NORMATIVE|CAUSAL,should|contribute to,,,,
CLM-000139,51232aa625f0bee54b790b1af18d8865472c0c63,The Manager's Path: A Guide for Tech Leaders Navigating Growth and Change,Chapter 6. Managing Multiple Teams,,2,Fournier2017-managers-path.epub > Chapter 6. Managing Multiple Teams >  > para 2,epub:spine=11;para=2,The impact of an engineering director should reach across multiple areas of the technology organization.,13,not_cited,,,,0.8,NORMATIVE,should,,,,
CLM-000140,51232aa625f0bee54b790b1af18d8865472c0c63,The Manager's Path: A Guide for Tech Leaders Navigating Growth and Change,Chapter 6. Managing Multiple Teams,,3,Fournier2017-managers-path.epub > Chapter 6. Managing Multiple Teams >  > para 3,epub:spine=11;para=3,"Between your 1-1s, meetings with other engineering leads, team planning sessions, and sessions with your peers in product management or other business functions, you’re probably quite busy.",2,not_cited,,,,0.65,QUANTITATIVE,1,,,,
CLM-000141,51232aa625f0bee54b790b1af18d8865472c0c63,The Manager's Path: A Guide for Tech Leaders Navigating Growth and Change,Chapter 6. Managing Multiple Teams,,4,Fournier2017-managers-path.epub > Chapter 6. Managing Multiple Teams >  > para 4,epub:spine=11;para=4,"If you created systems when you were more hands-on, stay engaged with those systems, because you’ll remember the details better than most, and you can help engineers working in those systems with code reviews and questions.",2,not_cited,,,,0.7,COMPARATIVE,better than,,,,
CLM-000142,51232aa625f0bee54b790b1af18d8865472c0c63,The Manager's Path: A Guide for Tech Leaders Navigating Growth and Change,Chapter 6. Managing Multiple Teams,,4,Fournier2017-managers-path.epub > Chapter 6. Managing Multiple Teams >  > para 4,epub:spine=11;para=4,"So often we diminish these small efforts as not worthwhile, but they’re very good at keeping you in tune with the feeling of software development and showing your teams that you are willing and able to help out with the day-to-day in a valuable way.",7,not_cited,,,,0.65,GENERALIZATION,often,,,,
CLM-000143,51232aa625f0bee54b790b1af18d8865472c0c63,The Manager's Path: A Guide for Tech Leaders Navigating Growth and Change,"Managing Your Time: What’s Important, Anyway?",,13,"Fournier2017-managers-path.epub > Managing Your Time: What’s Important, Anyway? >  > para 13",epub:spine=11;para=13,"You still have deliverables that require you to do more than sit in a meeting — things like setting goals for the team, helping your product team put details on the product roadmaps, and making sure that an assigned task actually got finished.",3,not_cited,,,,0.7,COMPARATIVE,more than,,,,
CLM-000144,51232aa625f0bee54b790b1af18d8865472c0c63,The Manager's Path: A Guide for Tech Leaders Navigating Growth and Change,"Managing Your Time: What’s Important, Anyway?","The Hardest, Shortest Lesson of Becoming a Manager",33,"Fournier2017-managers-path.epub > Managing Your Time: What’s Important, Anyway? > The Hardest, Shortest Lesson of Becoming a Manager > para 33",epub:spine=11;para=33,"If your team needs a manager more than they need an engineer, you have to accept that being that manager means that you by definition can’t be that engineer.",0,not_cited,,,,0.7,COMPARATIVE,more than,,,,
CLM-000145,51232aa625f0bee54b790b1af18d8865472c0c63,The Manager's Path: A Guide for Tech Leaders Navigating Growth and Change,Decisions and Delegation,Ask the CTO: Warning Signs,60,Fournier2017-managers-path.epub > Decisions and Delegation > Ask the CTO: Warning Signs > para 60,epub:spine=11;para=60,A lack of engagement in meetings tends to mean the team isn’t engaged by the work or do not feel like they have a say in the decision-making process.,2,not_cited,,,,0.65,GENERALIZATION,tends to,,,,
CLM-000146,51232aa625f0bee54b790b1af18d8865472c0c63,The Manager's Path: A Guide for Tech Leaders Navigating Growth and Change,Challenging Situations: Strategies for Saying No,,64,Fournier2017-managers-path.epub > Challenging Situations: Strategies for Saying No >  > para 64,epub:spine=11;para=64,She must say no to the team.,1,not_cited,,,,0.8,NORMATIVE,must,,,,
CLM-000147,51232aa625f0bee54b790b1af18d8865472c0c63,The Manager's Path: A Guide for Tech Leaders Navigating Growth and Change,Challenging Situations: Strategies for Saying No,,64,Fournier2017-managers-path.epub > Challenging Situations: Strategies for Saying No >  > para 64,epub:spine=11;para=64,"Each of these nos is hard, in its own way, and a strong manager must develop effective strategies for saying no.",4,not_cited,,,,0.8,NORMATIVE,must,,,,
CLM-000148,51232aa625f0bee54b790b1af18d8865472c0c63,The Manager's Path: A Guide for Tech Leaders Navigating Growth and Change,Challenging Situations: Strategies for Saying No,Create Policies,66,Fournier2017-managers-path.epub > Challenging Situations: Strategies for Saying No > Create Policies > para 66,epub:spine=11;para=66,"That policy consists of the hard requirements that must be met in order to say yes, and some guidelines for thinking about the decision.",7,not_cited,,,,0.8,NORMATIVE,must,,,,
CLM-000149,51232aa625f0bee54b790b1af18d8865472c0c63,The Manager's Path: A Guide for Tech Leaders Navigating Growth and Change,Challenging Situations: Strategies for Saying No,Ask the CTO: My Tech Lead Isn’t Managing,75,Fournier2017-managers-path.epub > Challenging Situations: Strategies for Saying No > Ask the CTO: My Tech Lead Isn’t Managing > para 75,epub:spine=11;para=75,The best thing to do here is to work with your tech lead to give her the skills and confidence to ask for reports from other members of the team.,0,not_cited,,,,0.75,CAUSAL,lead to,,,,
CLM-000150,51232aa625f0bee54b790b1af18d8865472c0c63,The Manager's Path: A Guide for Tech Leaders Navigating Growth and Change,Technical Elements Beyond Code,,78,Fournier2017-managers-path.epub > Technical Elements Beyond Code >  > para 78,epub:spine=11;para=78,"The popular management book First, Break All the Rules 2 discusses several questions you can answer to help predict team productivity and satisfaction.",0,not_cited,,,,0.65,QUANTITATIVE,2 ,,,,
CLM-000151,51232aa625f0bee54b790b1af18d8865472c0c63,The Manager's Path: A Guide for Tech Leaders Navigating Growth and Change,Measuring the Health of Your Development Team,Frequency of Releases,84,Fournier2017-managers-path.epub > Measuring the Health of Your Development Team > Frequency of Releases > para 84,epub:spine=11;para=84,"Even if your company doesn’t appreciate it, you must work to help your team achieve the best release frequency possible for their product.",4,not_cited,,,,0.8,NORMATIVE,must,,,,
CLM-000152,51232aa625f0bee54b790b1af18d8865472c0c63,The Manager's Path: A Guide for Tech Leaders Navigating Growth and Change,Measuring the Health of Your Development Team,Frequency of Releases,89,Fournier2017-managers-path.epub > Measuring the Health of Your Development Team > Frequency of Releases > para 89,epub:spine=11;para=89,"You’re also responsible for keeping your team happy and productive, and often the solution to this is not cheerleading or paying them better or praising them more, but instead enabling them to be more productive, challenging them to go faster and do better work, and helping them find the time they need to make their work more interesting.",1,not_cited,,,,0.65,GENERALIZATION,often,,,,
CLM-000153,51232aa625f0bee54b790b1af18d8865472c0c63,The Manager's Path: A Guide for Tech Leaders Navigating Growth and Change,Measuring the Health of Your Development Team,Frequency of Releases,89,Fournier2017-managers-path.epub > Measuring the Health of Your Development Team > Frequency of Releases > para 89,epub:spine=11;para=89,"You have to be the advocate and push for technical process improvements that can lead to increased engineer productivity, even if you’re not implementing them all yourself.",2,not_cited,,,,0.75,CAUSAL,lead to,,,,
CLM-000154,51232aa625f0bee54b790b1af18d8865472c0c63,The Manager's Path: A Guide for Tech Leaders Navigating Growth and Change,Measuring the Health of Your Development Team,Frequency of Releases,90,Fournier2017-managers-path.epub > Measuring the Health of Your Development Team > Frequency of Releases > para 90,epub:spine=11;para=90,Developer tooling to enable feature toggles that make sense for your code bases is another frequent challenge.,3,not_cited,,,,0.75,CAUSAL,enable,,,,
CLM-000155,51232aa625f0bee54b790b1af18d8865472c0c63,The Manager's Path: A Guide for Tech Leaders Navigating Growth and Change,Measuring the Health of Your Development Team,Frequency of Code Check-ins,91,Fournier2017-managers-path.epub > Measuring the Health of Your Development Team > Frequency of Code Check-ins > para 91,epub:spine=11;para=91,"I’m not going to advocate for any particular software development methodology, but I find that engineers who don’t write tests often have a harder time breaking down their work, and learning how to do test-driven development (even if they don’t actually practice that on a daily basis) can help them get better at this skill.",2,not_cited,,,,0.65,GENERALIZATION,often,,,,
CLM-000156,51232aa625f0bee54b790b1af18d8865472c0c63,The Manager's Path: A Guide for Tech Leaders Navigating Growth and Change,Measuring the Health of Your Development Team,Frequency of Code Check-ins,92,Fournier2017-managers-path.epub > Measuring the Health of Your Development Team > Frequency of Code Check-ins > para 92,epub:spine=11;para=92,"If your company expects fast-moving product development, engineers who want to go off for weeks and write code alone without pushing it into shared version control will slow your team down and cause problems.",2,not_cited,,,,0.75,CAUSAL,cause,,,,
CLM-000157,51232aa625f0bee54b790b1af18d8865472c0c63,The Manager's Path: A Guide for Tech Leaders Navigating Growth and Change,Measuring the Health of Your Development Team,Frequency of Incidents,94,Fournier2017-managers-path.epub > Measuring the Health of Your Development Team > Frequency of Incidents > para 94,epub:spine=11;para=94,"I sympathize, but if your team is set up to do its own incident management, you should be moving yourself into the role of escalation support.",4,not_cited,,,,0.8,NORMATIVE,you should,,,,
CLM-000158,51232aa625f0bee54b790b1af18d8865472c0c63,The Manager's Path: A Guide for Tech Leaders Navigating Growth and Change,Measuring the Health of Your Development Team,Frequency of Incidents,95,Fournier2017-managers-path.epub > Measuring the Health of Your Development Team > Frequency of Incidents > para 95,epub:spine=11;para=95,"Analysis around incident management should include the question, “Is our current setup enabling my team to do what they do best every day?”",0,not_cited,,,,0.8,NORMATIVE,should,,,,
CLM-000159,51232aa625f0bee54b790b1af18d8865472c0c63,The Manager's Path: A Guide for Tech Leaders Navigating Growth and Change,Measuring the Health of Your Development Team,Frequency of Incidents,96,Fournier2017-managers-path.epub > Measuring the Health of Your Development Team > Frequency of Incidents > para 96,epub:spine=11;para=96,"Overfocusing on building systems that are defect-free, or pushing for error prevention by slowing down the development process, is often almost as bad as moving too fast and releasing unstable code.",1,not_cited,,,,0.65,GENERALIZATION,often,,,,
CLM-000160,51232aa625f0bee54b790b1af18d8865472c0c63,The Manager's Path: A Guide for Tech Leaders Navigating Growth and Change,"Good Manager, Bad Manager: Us Versus Them, Team Player",,97,"Fournier2017-managers-path.epub > Good Manager, Bad Manager: Us Versus Them, Team Player >  > para 97",epub:spine=11;para=97,"They aren’t quite a culture fit, and the team quickly turns into a clique of developers who see themselves as better than the rest of the organization.",2,not_cited,,,,0.7,COMPARATIVE,better than,,,,
CLM-000161,51232aa625f0bee54b790b1af18d8865472c0c63,The Manager's Path: A Guide for Tech Leaders Navigating Growth and Change,"Good Manager, Bad Manager: Us Versus Them, Team Player",,99,"Fournier2017-managers-path.epub > Good Manager, Bad Manager: Us Versus Them, Team Player >  > para 99",epub:spine=11;para=99,In-group teams tend to be very fragile to the loss of their leader.,1,not_cited,,,,0.65,GENERALIZATION,tend to,,,,
CLM-000162,51232aa625f0bee54b790b1af18d8865472c0c63,The Manager's Path: A Guide for Tech Leaders Navigating Growth and Change,"Good Manager, Bad Manager: Us Versus Them, Team Player",,100,"Fournier2017-managers-path.epub > Good Manager, Bad Manager: Us Versus Them, Team Player >  > para 100",epub:spine=11;para=100,"The lack of growth for members of the team often causes the best members of the team to leave not just the group, but the company.",3,not_cited,,,,0.8,CAUSAL|GENERALIZATION,causes|often,,,,
CLM-000163,51232aa625f0bee54b790b1af18d8865472c0c63,The Manager's Path: A Guide for Tech Leaders Navigating Growth and Change,"Good Manager, Bad Manager: Us Versus Them, Team Player",,101,"Fournier2017-managers-path.epub > Good Manager, Bad Manager: Us Versus Them, Team Player >  > para 101",epub:spine=11;para=101,"Leaders who favor an us-versus-them style tend to be empire builders, seeking out opportunities to grow their teams and their mandates without concern for what is best for the overall organization.",1,not_cited,,,,0.65,GENERALIZATION,tend to,,,,
CLM-000164,51232aa625f0bee54b790b1af18d8865472c0c63,The Manager's Path: A Guide for Tech Leaders Navigating Growth and Change,"Good Manager, Bad Manager: Us Versus Them, Team Player",,104,"Fournier2017-managers-path.epub > Good Manager, Bad Manager: Us Versus Them, Team Player >  > para 104",epub:spine=11;para=104,"While he can see that he needs to change the team, he moves cautiously to fire people and takes the time to make sure that new hires are always vetted by someone who’s been with the company for a while.",1,not_cited,,,,0.65,GENERALIZATION,always,,,,
CLM-000165,51232aa625f0bee54b790b1af18d8865472c0c63,The Manager's Path: A Guide for Tech Leaders Navigating Growth and Change,"Good Manager, Bad Manager: Us Versus Them, Team Player",,105,"Fournier2017-managers-path.epub > Good Manager, Bad Manager: Us Versus Them, Team Player >  > para 105",epub:spine=11;para=105,"Durable teams are built on a shared purpose that comes from the company itself, and they align themselves with the company’s values (see “Applying Core Values” in Chapter 9 for more on this topic).",0,not_cited,,,,0.65,QUANTITATIVE,9 ,,,,
CLM-000166,51232aa625f0bee54b790b1af18d8865472c0c63,The Manager's Path: A Guide for Tech Leaders Navigating Growth and Change,"Good Manager, Bad Manager: Us Versus Them, Team Player",,106,"Fournier2017-managers-path.epub > Good Manager, Bad Manager: Us Versus Them, Team Player >  > para 106",epub:spine=11;para=106,"While the clique is fragile, especially to the loss of the leader, the purpose-driven team tends to be very resilient to the loss of individuals and leadership.",1,not_cited,,,,0.65,GENERALIZATION,tends to,,,,
CLM-000167,51232aa625f0bee54b790b1af18d8865472c0c63,The Manager's Path: A Guide for Tech Leaders Navigating Growth and Change,The Virtues of Laziness and Impatience,,112,Fournier2017-managers-path.epub > The Virtues of Laziness and Impatience >  > para 112,epub:spine=11;para=112,"And you don’t want to seem lazy, because there’s nothing worse than working for a manager who seems to be taking it easy while you kill yourself to deliver projects.",2,not_cited,,,,0.7,COMPARATIVE,worse than,,,,
CLM-000168,51232aa625f0bee54b790b1af18d8865472c0c63,The Manager's Path: A Guide for Tech Leaders Navigating Growth and Change,The Virtues of Laziness and Impatience,,116,Fournier2017-managers-path.epub > The Virtues of Laziness and Impatience >  > para 116,epub:spine=11;para=116,"The problem with this line of questioning is that often when managers ask whether something can be done faster, what they explicitly or implicitly want to know is whether the team can work harder or longer hours to deliver it in fewer days.",0,not_cited,,,,0.65,GENERALIZATION,often,,,,
CLM-000169,51232aa625f0bee54b790b1af18d8865472c0c63,The Manager's Path: A Guide for Tech Leaders Navigating Growth and Change,The Virtues of Laziness and Impatience,,116,Fournier2017-managers-path.epub > The Virtues of Laziness and Impatience >  > para 116,epub:spine=11;para=116,"If the team works 60 hours in a week to deliver something that otherwise would’ve taken a week and a half, they haven’t worked faster, they’ve just given the company more of their free time.",3,not_cited,,,,0.65,QUANTITATIVE,60 ,,,,
CLM-000170,51232aa625f0bee54b790b1af18d8865472c0c63,The Manager's Path: A Guide for Tech Leaders Navigating Growth and Change,Chapter 7. Managing Managers,,1,Fournier2017-managers-path.epub > Chapter 7. Managing Managers >  > para 1,epub:spine=12;para=1,"While managing multiple teams can be exhausting and daunting, managing managers adds a whole new level of complexity that is often a surprise.",0,not_cited,,,,0.65,GENERALIZATION,often,,,,
CLM-000171,51232aa625f0bee54b790b1af18d8865472c0c63,The Manager's Path: A Guide for Tech Leaders Navigating Growth and Change,Chapter 7. Managing Managers,Ask the CTO: The Fallacy of the Open-Door Policy,17,Fournier2017-managers-path.epub > Chapter 7. Managing Managers > Ask the CTO: The Fallacy of the Open-Door Policy > para 17,epub:spine=12;para=17,"There exists an idea that if you make yourself accessible, hold office hours where anyone can meet with you, and tell the team that you are always available, people will naturally bring their problems to your office.",1,not_cited,,,,0.65,GENERALIZATION,always,,,,
CLM-000172,51232aa625f0bee54b790b1af18d8865472c0c63,The Manager's Path: A Guide for Tech Leaders Navigating Growth and Change,Chapter 7. Managing Managers,Ask the CTO: The Fallacy of the Open-Door Policy,18,Fournier2017-managers-path.epub > Chapter 7. Managing Managers > Ask the CTO: The Fallacy of the Open-Door Policy > para 18,epub:spine=12;para=18,"Even on teams you build yourself, where there’s a huge level of trust and respect, some problems will just never get escalated to you.",3,not_cited,,,,0.65,GENERALIZATION,never,,,,
CLM-000173,51232aa625f0bee54b790b1af18d8865472c0c63,The Manager's Path: A Guide for Tech Leaders Navigating Growth and Change,Skip-Level Meetings,,37,Fournier2017-managers-path.epub > Skip-Level Meetings >  > para 37,epub:spine=12;para=37,"This has many of the benefits of the 1-1 meeting, in terms of making you more familiar to the team members and vice versa.",3,not_cited,,,,0.65,QUANTITATIVE,1,,,,
CLM-000174,51232aa625f0bee54b790b1af18d8865472c0c63,The Manager's Path: A Guide for Tech Leaders Navigating Growth and Change,Skip-Level Meetings,,46,Fournier2017-managers-path.epub > Skip-Level Meetings >  > para 46,epub:spine=12;para=46,"And even if the team members haven’t changed, they won’t always come to you with problems they have with their manager.",6,not_cited,,,,0.65,GENERALIZATION,always,,,,
CLM-000175,51232aa625f0bee54b790b1af18d8865472c0c63,The Manager's Path: A Guide for Tech Leaders Navigating Growth and Change,Manager Accountability,,47,Fournier2017-managers-path.epub > Manager Accountability >  > para 47,epub:spine=12;para=47,"Your managers should allow you to spend more time on the bigger picture, and less time on the details of any one team.",1,not_cited,,,,0.8,NORMATIVE,should,,,,
CLM-000176,51232aa625f0bee54b790b1af18d8865472c0c63,The Manager's Path: A Guide for Tech Leaders Navigating Growth and Change,Manager Accountability,,47,Fournier2017-managers-path.epub > Manager Accountability >  > para 47,epub:spine=12;para=47,They’re more than just people who take some 1-1 meetings off your hands; they are responsible for taking a team of people and helping that team succeed.,3,not_cited,,,,0.75,COMPARATIVE|QUANTITATIVE,more than|1,,,,
CLM-000177,51232aa625f0bee54b790b1af18d8865472c0c63,The Manager's Path: A Guide for Tech Leaders Navigating Growth and Change,Manager Accountability,,49,Fournier2017-managers-path.epub > Manager Accountability >  > para 49,epub:spine=12;para=49,It’s hard to hold your managers accountable because accountability on complex teams is often muddled.,0,not_cited,,,,0.65,GENERALIZATION,often,,,,
CLM-000178,51232aa625f0bee54b790b1af18d8865472c0c63,The Manager's Path: A Guide for Tech Leaders Navigating Growth and Change,Manager Accountability,,51,Fournier2017-managers-path.epub > Manager Accountability >  > para 51,epub:spine=12;para=51,"The team doesn’t feel very productive, the systems are unstable, and there is some attrition happening, but the product organization keeps changing the goals for the team and everything is always an urgent mandate.",0,not_cited,,,,0.65,GENERALIZATION,always,,,,
CLM-000179,51232aa625f0bee54b790b1af18d8865472c0c63,The Manager's Path: A Guide for Tech Leaders Navigating Growth and Change,Manager Accountability,,55,Fournier2017-managers-path.epub > Manager Accountability >  > para 55,epub:spine=12;para=55,"When the product organization is constantly changing goals, the manager should identify that the changes are causing problems on the team, and work with product to explain the problem and refocus on what’s important.",0,not_cited,,,,0.8,NORMATIVE,should,,,,
CLM-000180,51232aa625f0bee54b790b1af18d8865472c0c63,The Manager's Path: A Guide for Tech Leaders Navigating Growth and Change,Manager Accountability,,57,Fournier2017-managers-path.epub > Manager Accountability >  > para 57,epub:spine=12;para=57,"If the team can’t do anything but fight fires, the manager should put together a plan for tackling the causes of the fires, and if necessary bring requests for hiring more people or adding more people to the team so that they can get the situation under control.",1,not_cited,,,,0.95,NORMATIVE|CAUSAL,should|causes,,,,
CLM-000181,51232aa625f0bee54b790b1af18d8865472c0c63,The Manager's Path: A Guide for Tech Leaders Navigating Growth and Change,"Good Manager, Bad Manager: The People Pleaser",,72,"Fournier2017-managers-path.epub > Good Manager, Bad Manager: The People Pleaser >  > para 72",epub:spine=12;para=72,"As a result, she spends a great deal of energy managing upward and outward, and in particular tends to significantly overcommit her team.",2,not_cited,,,,0.65,GENERALIZATION,tends to,,,,
CLM-000182,51232aa625f0bee54b790b1af18d8865472c0c63,The Manager's Path: A Guide for Tech Leaders Navigating Growth and Change,"Good Manager, Bad Manager: The People Pleaser",,72,"Fournier2017-managers-path.epub > Good Manager, Bad Manager: The People Pleaser >  > para 72",epub:spine=12;para=72,"This may seem surprising, but this people pleaser struggles to have difficult conversations internally so she avoids talking about serious issues within the team, and this can actually lead to a refusal to acknowledge good work as well as problems.",4,not_cited,,,,0.75,CAUSAL,lead to,,,,
CLM-000183,51232aa625f0bee54b790b1af18d8865472c0c63,The Manager's Path: A Guide for Tech Leaders Navigating Growth and Change,"Good Manager, Bad Manager: The People Pleaser",,72,"Fournier2017-managers-path.epub > Good Manager, Bad Manager: The People Pleaser >  > para 72",epub:spine=12;para=72,"She will never willingly share problems with her manager, and readily agrees to any requests that come in for projects.",5,not_cited,,,,0.65,GENERALIZATION,never,,,,
CLM-000184,51232aa625f0bee54b790b1af18d8865472c0c63,The Manager's Path: A Guide for Tech Leaders Navigating Growth and Change,"Good Manager, Bad Manager: The People Pleaser",,74,"Fournier2017-managers-path.epub > Good Manager, Bad Manager: The People Pleaser >  > para 74",epub:spine=12;para=74,"People pleasers who focus externally can be a huge blind spot for their managers: because they’re so focused on only talking about good things and saying yes to everything that comes their way, their managers often don’t even know about problems on the team or within projects until it’s too late.",0,not_cited,,,,0.65,GENERALIZATION,often,,,,
CLM-000185,51232aa625f0bee54b790b1af18d8865472c0c63,The Manager's Path: A Guide for Tech Leaders Navigating Growth and Change,"Good Manager, Bad Manager: The People Pleaser",,75,"Fournier2017-managers-path.epub > Good Manager, Bad Manager: The People Pleaser >  > para 75",epub:spine=12;para=75,"A team pleaser sets her team up to fail by promising things that aren’t realistic, and the result is often a team that feels extremely bitter toward either the manager or the company for failure to live up to these inflated expectations.",3,not_cited,,,,0.65,GENERALIZATION,often,,,,
CLM-000186,51232aa625f0bee54b790b1af18d8865472c0c63,The Manager's Path: A Guide for Tech Leaders Navigating Growth and Change,"Good Manager, Bad Manager: The People Pleaser",,76,"Fournier2017-managers-path.epub > Good Manager, Bad Manager: The People Pleaser >  > para 76",epub:spine=12;para=76,"For example, when promotions involve more than the manager’s discretion, the people pleaser can rightly point to the process as something outside of her control.",6,not_cited,,,,0.7,COMPARATIVE,more than,,,,
CLM-000187,51232aa625f0bee54b790b1af18d8865472c0c63,The Manager's Path: A Guide for Tech Leaders Navigating Growth and Change,Managing New Managers,,80,Fournier2017-managers-path.epub > Managing New Managers >  > para 80,epub:spine=12;para=80,"When you’ve hired or promoted a new manager, you’re often eager to let her loose completely over her team.",0,not_cited,,,,0.65,GENERALIZATION,often,,,,
CLM-000188,51232aa625f0bee54b790b1af18d8865472c0c63,The Manager's Path: A Guide for Tech Leaders Navigating Growth and Change,Managing New Managers,,80,Fournier2017-managers-path.epub > Managing New Managers >  > para 80,epub:spine=12;para=80,"No book or training can replace you spending some time asking your new manager how her 1-1s are going, and seeing what questions or challenges she may need help with.",7,not_cited,,,,0.65,QUANTITATIVE,1,,,,
CLM-000189,51232aa625f0bee54b790b1af18d8865472c0c63,The Manager's Path: A Guide for Tech Leaders Navigating Growth and Change,Managing New Managers,,83,Fournier2017-managers-path.epub > Managing New Managers >  > para 83,epub:spine=12;para=83,"Overwork is also often a sign of another new manager danger: the person who thinks she’s now in control, the taskmaster of the team, responsible for making all of the decisions.",0,not_cited,,,,0.65,GENERALIZATION,often,,,,
CLM-000190,51232aa625f0bee54b790b1af18d8865472c0c63,The Manager's Path: A Guide for Tech Leaders Navigating Growth and Change,Managing New Managers,,83,Fournier2017-managers-path.epub > Managing New Managers >  > para 83,epub:spine=12;para=83,"Control freaks usually have bad relationships with their peers in product management and other tech teams, because they often fight to make decisions alone instead of collaborating.",6,not_cited,,,,0.65,GENERALIZATION,usually,,,,
CLM-000191,51232aa625f0bee54b790b1af18d8865472c0c63,The Manager's Path: A Guide for Tech Leaders Navigating Growth and Change,Managing New Managers,,83,Fournier2017-managers-path.epub > Managing New Managers >  > para 83,epub:spine=12;para=83,"What’s worse, control freaks often want to hide what they’re doing from their manager for fear of having that control taken away.",7,not_cited,,,,0.65,GENERALIZATION,often,,,,
CLM-000192,51232aa625f0bee54b790b1af18d8865472c0c63,The Manager's Path: A Guide for Tech Leaders Navigating Growth and Change,Managing New Managers,,83,Fournier2017-managers-path.epub > Managing New Managers >  > para 83,epub:spine=12;para=83,"If your new manager is skipping your 1-1s or evading questions about what the team is working on, you may have a control freak on your hands.",8,not_cited,,,,0.65,QUANTITATIVE,1,,,,
CLM-000193,51232aa625f0bee54b790b1af18d8865472c0c63,The Manager's Path: A Guide for Tech Leaders Navigating Growth and Change,Managing New Managers,,84,Fournier2017-managers-path.epub > Managing New Managers >  > para 84,epub:spine=12;para=84,The new manager you’re training should be ultimately making your job easier by more than just taking the responsibility of doing a bunch of 1-1 meetings off your shoulders.,0,not_cited,,,,0.95,NORMATIVE|COMPARATIVE|QUANTITATIVE,should|more than|1,,,,
CLM-000194,51232aa625f0bee54b790b1af18d8865472c0c63,The Manager's Path: A Guide for Tech Leaders Navigating Growth and Change,Managing New Managers,,85,Fournier2017-managers-path.epub > Managing New Managers >  > para 85,epub:spine=12;para=85,"I am hugely in favor of making engineers who wish to go into management take baby steps of mentoring and managing very small teams, but this is not always possible and doesn’t always shake out problems that come with scale.",2,not_cited,,,,0.65,GENERALIZATION,always,,,,
CLM-000195,51232aa625f0bee54b790b1af18d8865472c0c63,The Manager's Path: A Guide for Tech Leaders Navigating Growth and Change,Managing New Managers,,85,Fournier2017-managers-path.epub > Managing New Managers >  > para 85,epub:spine=12;para=85,"Control freak managers, for example, don’t often show up as clearly in smaller management situations, instead holding that impulse back until they feel they have the true authority of title.",3,not_cited,,,,0.65,GENERALIZATION,often,,,,
CLM-000196,51232aa625f0bee54b790b1af18d8865472c0c63,The Manager's Path: A Guide for Tech Leaders Navigating Growth and Change,Managing New Managers,,86,Fournier2017-managers-path.epub > Managing New Managers >  > para 86,epub:spine=12;para=86,"New managers are usually eager to learn the tricks of management, and professional programs can help get them up to speed.",3,not_cited,,,,0.65,GENERALIZATION,usually,,,,
CLM-000197,51232aa625f0bee54b790b1af18d8865472c0c63,The Manager's Path: A Guide for Tech Leaders Navigating Growth and Change,Managing Experienced Managers,,88,Fournier2017-managers-path.epub > Managing Experienced Managers >  > para 88,epub:spine=12;para=88,Management tends to be a very culture-specific task in a company.,1,not_cited,,,,0.65,GENERALIZATION,tends to,,,,
CLM-000198,51232aa625f0bee54b790b1af18d8865472c0c63,The Manager's Path: A Guide for Tech Leaders Navigating Growth and Change,Managing Experienced Managers,,89,Fournier2017-managers-path.epub > Managing Experienced Managers >  > para 89,epub:spine=12;para=89,"However, often we overvalue expertise in product areas and allow it to blind us to cultural and process fit with our companies and teams.",4,not_cited,,,,0.65,GENERALIZATION,often,,,,
CLM-000199,51232aa625f0bee54b790b1af18d8865472c0c63,The Manager's Path: A Guide for Tech Leaders Navigating Growth and Change,Managing Experienced Managers,,92,Fournier2017-managers-path.epub > Managing Experienced Managers >  > para 92,epub:spine=12;para=92,"You’re responsible for cultivating the culture of your organization, and especially when you’ve been at the company for a longer period of time, you should ensure that all of your managers respect and nurture the type of culture that you think is best for the team.",1,not_cited,,,,0.8,NORMATIVE,you should,,,,
CLM-000200,51232aa625f0bee54b790b1af18d8865472c0c63,The Manager's Path: A Guide for Tech Leaders Navigating Growth and Change,Managing Experienced Managers,,93,Fournier2017-managers-path.epub > Managing Experienced Managers >  > para 93,epub:spine=12;para=93,The difference between an experienced manager and a new manager is that the experienced person should be capable of managing independently.,1,not_cited,,,,0.8,NORMATIVE,should,,,,
CLM-000201,51232aa625f0bee54b790b1af18d8865472c0c63,The Manager's Path: A Guide for Tech Leaders Navigating Growth and Change,Hiring Managers,,98,Fournier2017-managers-path.epub > Hiring Managers >  > para 98,epub:spine=12;para=98,Any manager you hire should role-play a few 1-1s as part of the interview process.,2,not_cited,,,,0.8500000000000001,NORMATIVE|QUANTITATIVE,should|1,,,,
CLM-000202,51232aa625f0bee54b790b1af18d8865472c0c63,The Manager's Path: A Guide for Tech Leaders Navigating Growth and Change,Hiring Managers,,98,Fournier2017-managers-path.epub > Hiring Managers >  > para 98,epub:spine=12;para=98,"Similar to a senior engineer being asked how he might approach debugging an issue that you just resolved, a good manager — even without a full understanding of the people or projects involved — should have good instincts for questions to ask and suggested next steps that might improve matters.",4,not_cited,,,,0.8,NORMATIVE,should,,,,
CLM-000203,51232aa625f0bee54b790b1af18d8865472c0c63,The Manager's Path: A Guide for Tech Leaders Navigating Growth and Change,Hiring Managers,,99,Fournier2017-managers-path.epub > Hiring Managers >  > para 99,epub:spine=12;para=99,"Importantly, a manager must also be able to debug teams.",0,not_cited,,,,0.8,NORMATIVE,must,,,,
CLM-000204,51232aa625f0bee54b790b1af18d8865472c0c63,The Manager's Path: A Guide for Tech Leaders Navigating Growth and Change,Hiring Managers,,100,Fournier2017-managers-path.epub > Hiring Managers >  > para 100,epub:spine=12;para=100,"While a new manager may not be able to answer this question well, an experienced manager who has no clear philosophy is a cause for concern.",2,not_cited,,,,0.75,CAUSAL,cause,,,,
CLM-000205,51232aa625f0bee54b790b1af18d8865472c0c63,The Manager's Path: A Guide for Tech Leaders Navigating Growth and Change,Hiring Managers,,101,Fournier2017-managers-path.epub > Hiring Managers >  > para 101,epub:spine=12;para=101,"These are skills that a senior manager should possess, and if she lacks those skills, take that into consideration when you’re deciding whether to hire her.",2,not_cited,,,,0.8,NORMATIVE,should,,,,
CLM-000206,51232aa625f0bee54b790b1af18d8865472c0c63,The Manager's Path: A Guide for Tech Leaders Navigating Growth and Change,Hiring Managers,,102,Fournier2017-managers-path.epub > Hiring Managers >  > para 102,epub:spine=12;para=102,"For a noncoding manager, ask technical questions that you believe she should be able to address given her experience.",3,not_cited,,,,0.8,NORMATIVE,should,,,,
CLM-000207,51232aa625f0bee54b790b1af18d8865472c0c63,The Manager's Path: A Guide for Tech Leaders Navigating Growth and Change,Hiring Managers,,104,Fournier2017-managers-path.epub > Hiring Managers >  > para 104,epub:spine=12;para=104,"Similarly, if you value collaboration and hire a manager who thinks that the loudest voice in any conversation should win, you will also have problems.",8,not_cited,,,,0.8,NORMATIVE,should,,,,
CLM-000208,51232aa625f0bee54b790b1af18d8865472c0c63,The Manager's Path: A Guide for Tech Leaders Navigating Growth and Change,Hiring Managers,,106,Fournier2017-managers-path.epub > Hiring Managers >  > para 106,epub:spine=12;para=106,"In his book High Output Management , 1 Andy Grove talks about cultural values as one of the ways that people make decisions inside of highly complex, uncertain, or ambiguous circumstances where they value the group interest above their own.",0,not_cited,,,,0.65,QUANTITATIVE,1 ,,,,
CLM-000209,51232aa625f0bee54b790b1af18d8865472c0c63,The Manager's Path: A Guide for Tech Leaders Navigating Growth and Change,Hiring Managers,Ask the CTO: Managing Outside Your Skill Set,109,Fournier2017-managers-path.epub > Hiring Managers > Ask the CTO: Managing Outside Your Skill Set > para 109,epub:spine=12;para=109,"It’s easy to think of this as a small leap from managing other software developers, but in my experience, you need to track different important details than you’re used to in these areas, and if you’ve never managed these types of teams before, it’s hard to know which details to focus on.",1,not_cited,,,,0.65,GENERALIZATION,never,,,,
CLM-000210,51232aa625f0bee54b790b1af18d8865472c0c63,The Manager's Path: A Guide for Tech Leaders Navigating Growth and Change,Debugging Dysfunctional Organizations,,113,Fournier2017-managers-path.epub > Debugging Dysfunctional Organizations >  > para 113,epub:spine=12;para=113,I believe that the best engineering managers are often great debuggers.,0,not_cited,,,,0.65,GENERALIZATION,often,,,,
CLM-000211,51232aa625f0bee54b790b1af18d8865472c0c63,The Manager's Path: A Guide for Tech Leaders Navigating Growth and Change,Debugging Dysfunctional Organizations,Have a Hypothesis,117,Fournier2017-managers-path.epub > Debugging Dysfunctional Organizations > Have a Hypothesis > para 117,epub:spine=12;para=117,"As an added challenge, team problems are not generally single failures but are more like performance issues.",3,not_cited,,,,0.65,GENERALIZATION,generally,,,,
CLM-000212,51232aa625f0bee54b790b1af18d8865472c0c63,The Manager's Path: A Guide for Tech Leaders Navigating Growth and Change,Debugging Dysfunctional Organizations,Observe the Team,119,Fournier2017-managers-path.epub > Debugging Dysfunctional Organizations > Observe the Team > para 119,epub:spine=12;para=119,"Perhaps everything seems OK in all of these indicators, but the team still just is not performing as well as you believe they should.",0,not_cited,,,,0.8,NORMATIVE,should,,,,
CLM-000213,51232aa625f0bee54b790b1af18d8865472c0c63,The Manager's Path: A Guide for Tech Leaders Navigating Growth and Change,Debugging Dysfunctional Organizations,Observe the Team,120,Fournier2017-managers-path.epub > Debugging Dysfunctional Organizations > Observe the Team > para 120,epub:spine=12;para=120,They often signal a lack of healthy conflict on a team.,4,not_cited,,,,0.65,GENERALIZATION,often,,,,
CLM-000214,51232aa625f0bee54b790b1af18d8865472c0c63,The Manager's Path: A Guide for Tech Leaders Navigating Growth and Change,Debugging Dysfunctional Organizations,Observe the Team,120,Fournier2017-managers-path.epub > Debugging Dysfunctional Organizations > Observe the Team > para 120,epub:spine=12;para=120,"If people are afraid to disagree or bring up issues for fear of dealing with conflict, or if managers always shut down conflict without letting disagreements air, this is a sign of an unhealthy team culture.",7,not_cited,,,,0.65,GENERALIZATION,always,,,,
CLM-000215,51232aa625f0bee54b790b1af18d8865472c0c63,The Manager's Path: A Guide for Tech Leaders Navigating Growth and Change,Debugging Dysfunctional Organizations,Observe the Team,121,Fournier2017-managers-path.epub > Debugging Dysfunctional Organizations > Observe the Team > para 121,epub:spine=12;para=121,"Your presence changes the team’s behavior and may hide the problem you’re trying to find, in the same way that a log statement can cause a concurrency issue to be magically erased, at least for some time.",3,not_cited,,,,0.75,CAUSAL,cause,,,,
CLM-000216,51232aa625f0bee54b790b1af18d8865472c0c63,The Manager's Path: A Guide for Tech Leaders Navigating Growth and Change,Debugging Dysfunctional Organizations,Check the Team Dynamics,123,Fournier2017-managers-path.epub > Debugging Dysfunctional Organizations > Check the Team Dynamics > para 123,epub:spine=12;para=123,A bunch of people who never talk to each other and are always working on independent projects are not really working as a team.,7,not_cited,,,,0.65,GENERALIZATION,never,,,,
CLM-000217,51232aa625f0bee54b790b1af18d8865472c0c63,The Manager's Path: A Guide for Tech Leaders Navigating Growth and Change,Setting Expectations and Delivering on Schedule,,128,Fournier2017-managers-path.epub > Setting Expectations and Delivering on Schedule >  > para 128,epub:spine=12;para=128,"We are often asked this question when our leadership, for whatever reason, either didn’t like the original estimate or didn’t ask for it at all, and now they’re upset, despite nothing going wrong.",1,not_cited,,,,0.65,GENERALIZATION,often,,,,
CLM-000218,51232aa625f0bee54b790b1af18d8865472c0c63,The Manager's Path: A Guide for Tech Leaders Navigating Growth and Change,Setting Expectations and Delivering on Schedule,,129,Fournier2017-managers-path.epub > Setting Expectations and Delivering on Schedule >  > para 129,epub:spine=12;para=129,"This means you must be aggressive about getting estimates, and as we all know, software estimation is a very difficult process.",1,not_cited,,,,0.8,NORMATIVE,must,,,,
CLM-000219,51232aa625f0bee54b790b1af18d8865472c0c63,The Manager's Path: A Guide for Tech Leaders Navigating Growth and Change,Setting Expectations and Delivering on Schedule,,130,Fournier2017-managers-path.epub > Setting Expectations and Delivering on Schedule >  > para 130,epub:spine=12;para=130,"This philosophy is completely reasonable if you believe that estimates must be fairly accurate, that the requirements are unknown or will change frequently, and that most of the work should be bound to features that mostly fit within one or two sprint efforts.",1,not_cited,,,,0.8,NORMATIVE,must,,,,
CLM-000220,51232aa625f0bee54b790b1af18d8865472c0c63,The Manager's Path: A Guide for Tech Leaders Navigating Growth and Change,Setting Expectations and Delivering on Schedule,,130,Fournier2017-managers-path.epub > Setting Expectations and Delivering on Schedule >  > para 130,epub:spine=12;para=130,Estimates are often useful even if they aren’t perfectly accurate because they help escalate complexity to the rest of the team.,3,not_cited,,,,0.65,GENERALIZATION,often,,,,
CLM-000221,51232aa625f0bee54b790b1af18d8865472c0c63,The Manager's Path: A Guide for Tech Leaders Navigating Growth and Change,Challenging Situations: Roadmap Uncertainty,,138,Fournier2017-managers-path.epub > Challenging Situations: Roadmap Uncertainty >  > para 138,epub:spine=12;para=138,"And yet the product team will never have technical debt on their roadmap, so the planning process often means there is no time allotted for this type of work.",2,not_cited,,,,0.65,GENERALIZATION,never,,,,
CLM-000222,51232aa625f0bee54b790b1af18d8865472c0c63,The Manager's Path: A Guide for Tech Leaders Navigating Growth and Change,Challenging Situations: Roadmap Uncertainty,Strategies for Handling Roadmap Uncertainty,143,Fournier2017-managers-path.epub > Challenging Situations: Roadmap Uncertainty > Strategies for Handling Roadmap Uncertainty > para 143,epub:spine=12;para=143,Dedicate 20% of your team’s schedule to “sustaining engineering.”,0,not_cited,,,,0.65,QUANTITATIVE,20,,,,
CLM-000223,51232aa625f0bee54b790b1af18d8865472c0c63,The Manager's Path: A Guide for Tech Leaders Navigating Growth and Change,Challenging Situations: Roadmap Uncertainty,Strategies for Handling Roadmap Uncertainty,144,Fournier2017-managers-path.epub > Challenging Situations: Roadmap Uncertainty > Strategies for Handling Roadmap Uncertainty > para 144,epub:spine=12;para=144,"Unfortunately, there is never enough time for all the exploratory engineering, legacy code cleanup, and technical quality improvements your team will want to do, and this process will help you pick your battles.",13,not_cited,,,,0.65,GENERALIZATION,never,,,,
CLM-000224,51232aa625f0bee54b790b1af18d8865472c0c63,The Manager's Path: A Guide for Tech Leaders Navigating Growth and Change,Staying Technically Relevant,Make Specific Requests,155,Fournier2017-managers-path.epub > Staying Technically Relevant > Make Specific Requests > para 155,epub:spine=12;para=155,These specific requests should be used to keep the teams productive and balance technical risks with organizational goals.,2,not_cited,,,,0.8,NORMATIVE,should,,,,
CLM-000225,51232aa625f0bee54b790b1af18d8865472c0c63,The Manager's Path: A Guide for Tech Leaders Navigating Growth and Change,Staying Technically Relevant,Use Your Experience as a Gut Check,162,Fournier2017-managers-path.epub > Staying Technically Relevant > Use Your Experience as a Gut Check > para 162,epub:spine=12;para=162,These meetings are often full of details about the process of writing and deploying software that you miss when you aren’t coding every day.,2,not_cited,,,,0.65,GENERALIZATION,often,,,,
CLM-000226,51232aa625f0bee54b790b1af18d8865472c0c63,The Manager's Path: A Guide for Tech Leaders Navigating Growth and Change,Staying Technically Relevant,Use Your Experience as a Gut Check,162,Fournier2017-managers-path.epub > Staying Technically Relevant > Use Your Experience as a Gut Check > para 162,epub:spine=12;para=162,"Communication between teams is lacking, and tooling is hurting more than it is helping.",4,not_cited,,,,0.7,COMPARATIVE,more than,,,,
CLM-000227,51232aa625f0bee54b790b1af18d8865472c0c63,The Manager's Path: A Guide for Tech Leaders Navigating Growth and Change,Assessing Your Own Experience,,177,Fournier2017-managers-path.epub > Assessing Your Own Experience >  > para 177,epub:spine=12;para=177,"1 Andrew S. Grove, High Output Management (New York: Vintage Books, 1983).",0,cited,"(New York: Vintage Books, 1983)",same_sentence,"1 Andrew S. Grove, High Output Management (New York: Vintage Books, 1983).",0.65,QUANTITATIVE,1 ,,,,
CLM-000228,51232aa625f0bee54b790b1af18d8865472c0c63,The Manager's Path: A Guide for Tech Leaders Navigating Growth and Change,Chapter 8. The Big Leagues,,0,Fournier2017-managers-path.epub > Chapter 8. The Big Leagues >  > para 0,epub:spine=13;para=0,I’ve listed some recommended reading at the end of this chapter for general-purpose senior leadership advice.,3,not_cited,,,,0.8,NORMATIVE,recommended,,,,
CLM-000229,51232aa625f0bee54b790b1af18d8865472c0c63,The Manager's Path: A Guide for Tech Leaders Navigating Growth and Change,Models for Thinking About Tech Senior Leadership,,27,Fournier2017-managers-path.epub > Models for Thinking About Tech Senior Leadership >  > para 27,epub:spine=13;para=27,"When a company sells software-based products to other companies, one of the senior technology leaders usually is expected to participate in this sales cycle.",0,not_cited,,,,0.65,GENERALIZATION,usually,,,,
CLM-000230,51232aa625f0bee54b790b1af18d8865472c0c63,The Manager's Path: A Guide for Tech Leaders Navigating Growth and Change,Models for Thinking About Tech Senior Leadership,,32,Fournier2017-managers-path.epub > Models for Thinking About Tech Senior Leadership >  > para 32,epub:spine=13;para=32,"R&D, technology strategy, external face of technology: CTO, Chief Scientist, Chief Architect, sometimes Chief Product Officer, usually for a company that is selling a software-based product",0,not_cited,,,,0.65,GENERALIZATION,usually,,,,
CLM-000231,51232aa625f0bee54b790b1af18d8865472c0c63,The Manager's Path: A Guide for Tech Leaders Navigating Growth and Change,What’s a VP of Engineering?,,40,Fournier2017-managers-path.epub > What’s a VP of Engineering? >  > para 40,epub:spine=13;para=40,The VP is usually at the top of the management career ladder for engineers.,2,not_cited,,,,0.65,GENERALIZATION,usually,,,,
CLM-000232,51232aa625f0bee54b790b1af18d8865472c0c63,The Manager's Path: A Guide for Tech Leaders Navigating Growth and Change,What’s a VP of Engineering?,,40,Fournier2017-managers-path.epub > What’s a VP of Engineering? >  > para 40,epub:spine=13;para=40,"This generally means that the VP is expected to be an experienced manager of people, projects, teams, and departments.",3,not_cited,,,,0.65,GENERALIZATION,generally,,,,
CLM-000233,51232aa625f0bee54b790b1af18d8865472c0c63,The Manager's Path: A Guide for Tech Leaders Navigating Growth and Change,What’s a VP of Engineering?,,41,Fournier2017-managers-path.epub > What’s a VP of Engineering? >  > para 41,epub:spine=13;para=41,"These people often act as mini-CTOs for divisions, balancing strategy and management.",1,not_cited,,,,0.65,GENERALIZATION,often,,,,
CLM-000234,51232aa625f0bee54b790b1af18d8865472c0c63,The Manager's Path: A Guide for Tech Leaders Navigating Growth and Change,What’s a VP of Engineering?,,42,Fournier2017-managers-path.epub > What’s a VP of Engineering? >  > para 42,epub:spine=13;para=42,Often a great VP of Engineering is described as having a good “ground game.”,2,not_cited,,,,0.65,GENERALIZATION,Often,,,,
CLM-000235,51232aa625f0bee54b790b1af18d8865472c0c63,The Manager's Path: A Guide for Tech Leaders Navigating Growth and Change,What’s a VP of Engineering?,,42,Fournier2017-managers-path.epub > What’s a VP of Engineering? >  > para 42,epub:spine=13;para=42,"While some CTOs will do this, if there’s both a CTO and a VP of Engineering, the VP is usually the one pushing the execution of ideas, while the CTO focuses on larger strategy and the position of technology within the company.",4,not_cited,,,,0.65,GENERALIZATION,usually,,,,
CLM-000236,51232aa625f0bee54b790b1af18d8865472c0c63,The Manager's Path: A Guide for Tech Leaders Navigating Growth and Change,What’s a VP of Engineering?,,43,Fournier2017-managers-path.epub > What’s a VP of Engineering? >  > para 43,epub:spine=13;para=43,"She should be a coach to the engineering management team, identifying and improving existing talent and working with HR to provide training and development resources for those leaders.",3,not_cited,,,,0.8,NORMATIVE,should,,,,
CLM-000237,51232aa625f0bee54b790b1af18d8865472c0c63,The Manager's Path: A Guide for Tech Leaders Navigating Growth and Change,What’s a VP of Engineering?,,44,Fournier2017-managers-path.epub > What’s a VP of Engineering? >  > para 44,epub:spine=13;para=44,She must be able to gain people’s trust and show wisdom in management and leadership.,3,not_cited,,,,0.8,NORMATIVE,must,,,,
CLM-000238,51232aa625f0bee54b790b1af18d8865472c0c63,The Manager's Path: A Guide for Tech Leaders Navigating Growth and Change,What’s a VP of Engineering?,,45,Fournier2017-managers-path.epub > What’s a VP of Engineering? >  > para 45,epub:spine=13;para=45,"The VP of Engineering also needs to have some stake in organizational strategy, and often she owns this strategy entirely.",0,not_cited,,,,0.65,GENERALIZATION,often,,,,
CLM-000239,51232aa625f0bee54b790b1af18d8865472c0c63,The Manager's Path: A Guide for Tech Leaders Navigating Growth and Change,What’s a VP of Engineering?,,45,Fournier2017-managers-path.epub > What’s a VP of Engineering? >  > para 45,epub:spine=13;para=45,"She should have a strong business and product instinct and a track record of getting teams to deliver big projects, including the ability to negotiate deliverables.",3,not_cited,,,,0.8,NORMATIVE,should,,,,
CLM-000240,51232aa625f0bee54b790b1af18d8865472c0c63,The Manager's Path: A Guide for Tech Leaders Navigating Growth and Change,What’s a CTO?,,47,Fournier2017-managers-path.epub > What’s a CTO? >  > para 47,epub:spine=13;para=47,"At a small company or startup, “senior management” often implies that your title is CTO.",0,not_cited,,,,0.65,GENERALIZATION,often,,,,
CLM-000241,51232aa625f0bee54b790b1af18d8865472c0c63,The Manager's Path: A Guide for Tech Leaders Navigating Growth and Change,What’s a CTO?,,57,Fournier2017-managers-path.epub > What’s a CTO? >  > para 57,epub:spine=13;para=57,"This doesn’t always mean they’re deeply involved in the day-to-day management, but part of maintaining your ability to shape the direction of the business and the business strategy is putting people behind solving the problems you believe will impact the business.",1,not_cited,,,,0.65,GENERALIZATION,always,,,,
CLM-000242,51232aa625f0bee54b790b1af18d8865472c0c63,The Manager's Path: A Guide for Tech Leaders Navigating Growth and Change,What’s a CTO?,,57,Fournier2017-managers-path.epub > What’s a CTO? >  > para 57,epub:spine=13;para=57,The CTO must protect the technology team from becoming a pure execution arm for ideas without tending to its own needs and its own ideas.,3,not_cited,,,,0.8,NORMATIVE,must,,,,
CLM-000243,51232aa625f0bee54b790b1af18d8865472c0c63,The Manager's Path: A Guide for Tech Leaders Navigating Growth and Change,What’s a CTO?,,59,Fournier2017-managers-path.epub > What’s a CTO? >  > para 59,epub:spine=13;para=59,"They understood the business and its technical challenges, and were often called on to help inspire the engineering team and help with recruiting.",2,not_cited,,,,0.65,GENERALIZATION,often,,,,
CLM-000244,51232aa625f0bee54b790b1af18d8865472c0c63,The Manager's Path: A Guide for Tech Leaders Navigating Growth and Change,What’s a CTO?,,59,Fournier2017-managers-path.epub > What’s a CTO? >  > para 59,epub:spine=13;para=59,"Yet they had trouble being successful because they often lacked the direct management oversight of any teams, and because technology was frequently viewed as an execution arm, they didn’t have much strategic influence.",3,not_cited,,,,0.65,GENERALIZATION,often,,,,
CLM-000245,51232aa625f0bee54b790b1af18d8865472c0c63,The Manager's Path: A Guide for Tech Leaders Navigating Growth and Change,What’s a CTO?,,61,Fournier2017-managers-path.epub > What’s a CTO? >  > para 61,epub:spine=13;para=61,The CTO who doesn’t also have the authority of management must be able to get things done purely by influencing the organization.,0,not_cited,,,,0.8,NORMATIVE,must,,,,
CLM-000246,51232aa625f0bee54b790b1af18d8865472c0c63,The Manager's Path: A Guide for Tech Leaders Navigating Growth and Change,What’s a CTO?,Ask the CTO: Where Do I Fit?,67,Fournier2017-managers-path.epub > What’s a CTO? > Ask the CTO: Where Do I Fit? > para 67,epub:spine=13;para=67,"I was always thinking about the technical architecture, but when my job required it I was happy to focus on the organization.",2,not_cited,,,,0.65,GENERALIZATION,always,,,,
CLM-000247,51232aa625f0bee54b790b1af18d8865472c0c63,The Manager's Path: A Guide for Tech Leaders Navigating Growth and Change,Changing Priorities,,72,Fournier2017-managers-path.epub > Changing Priorities >  > para 72,epub:spine=13;para=72,"This question may be asked of managers at every level, but most often originates from senior management.",0,not_cited,,,,0.65,GENERALIZATION,often,,,,
CLM-000248,51232aa625f0bee54b790b1af18d8865472c0c63,The Manager's Path: A Guide for Tech Leaders Navigating Growth and Change,Changing Priorities,,72,Fournier2017-managers-path.epub > Changing Priorities >  > para 72,epub:spine=13;para=72,"When you feel the need to ask it of your own teams, ask yourself why they don’t understand what the priorities are and what they should be cutting to address them.",2,not_cited,,,,0.8,NORMATIVE,should,,,,
CLM-000249,51232aa625f0bee54b790b1af18d8865472c0c63,The Manager's Path: A Guide for Tech Leaders Navigating Growth and Change,Changing Priorities,,74,Fournier2017-managers-path.epub > Changing Priorities >  > para 74,epub:spine=13;para=74,"If you think that the team needs to finish their current work before shifting to the new top priority, you must communicate that clearly.",4,not_cited,,,,0.8,NORMATIVE,must,,,,
CLM-000250,51232aa625f0bee54b790b1af18d8865472c0c63,The Manager's Path: A Guide for Tech Leaders Navigating Growth and Change,Senior Peers in Other Functions,,107,Fournier2017-managers-path.epub > Senior Peers in Other Functions >  > para 107,epub:spine=13;para=107,"Senior leaders, more than any other group in a company, must actively practice first-team focus (introduced in Chapter 6 ).",0,not_cited,,,,0.95,NORMATIVE|COMPARATIVE|QUANTITATIVE,must|more than|6,,,,
CLM-000251,51232aa625f0bee54b790b1af18d8865472c0c63,The Manager's Path: A Guide for Tech Leaders Navigating Growth and Change,Senior Peers in Other Functions,,107,Fournier2017-managers-path.epub > Senior Peers in Other Functions >  > para 107,epub:spine=13;para=107,"Leadership books such as Patrick Lencioni’s The Five Dysfunctions of a Team 2 write about this relationship, and while many of us start to practice this type of leadership with other engineering managers as our “first team,” senior leadership is often the first time your peers all operate in a very different way than you’re used to, and having few to no peers on your first team who are fellow engineers can feel very isolating.",2,not_cited,,,,0.7000000000000001,QUANTITATIVE|GENERALIZATION,2 |often,,,,
CLM-000252,51232aa625f0bee54b790b1af18d8865472c0c63,The Manager's Path: A Guide for Tech Leaders Navigating Growth and Change,The Echo,,121,Fournier2017-managers-path.epub > The Echo >  > para 121,epub:spine=13;para=121,"You may not be “one of the team,” but that doesn’t mean you should stop caring about the team as individuals.",0,not_cited,,,,0.8,NORMATIVE,you should,,,,
CLM-000253,51232aa625f0bee54b790b1af18d8865472c0c63,The Manager's Path: A Guide for Tech Leaders Navigating Growth and Change,"Ruling with Fear, Guiding with Trust",,125,"Fournier2017-managers-path.epub > Ruling with Fear, Guiding with Trust >  > para 125",epub:spine=13;para=125,"His first instinct is to ask questions, and these questions often cause the team to come to their own realizations about what’s going wrong.",3,not_cited,,,,0.8,CAUSAL|GENERALIZATION,cause|often,,,,
CLM-000254,51232aa625f0bee54b790b1af18d8865472c0c63,The Manager's Path: A Guide for Tech Leaders Navigating Growth and Change,"Ruling with Fear, Guiding with Trust",,127,"Fournier2017-managers-path.epub > Ruling with Fear, Guiding with Trust >  > para 127",epub:spine=13;para=127,"What your attacks have done is create a culture where members of the team are afraid to engage with you, to ask you questions, or to ask you for feedback — which then leads to a vicious cycle of you not trusting them and them making mistakes.",2,not_cited,,,,0.75,CAUSAL,leads to,,,,
CLM-000255,51232aa625f0bee54b790b1af18d8865472c0c63,The Manager's Path: A Guide for Tech Leaders Navigating Growth and Change,True North,,146,Fournier2017-managers-path.epub > True North >  > para 146,epub:spine=13;para=146,"That being said, True North helps us understand that all these issues must be carefully considered when we put code into production.",1,not_cited,,,,0.8,NORMATIVE,must,,,,
CLM-000256,51232aa625f0bee54b790b1af18d8865472c0c63,The Manager's Path: A Guide for Tech Leaders Navigating Growth and Change,True North,,150,Fournier2017-managers-path.epub > True North >  > para 150,epub:spine=13;para=150,"That means staying technical; following through with projects, languages, or frameworks long enough to learn more than their basics; and also pushing yourself to keep learning new things even when your day-to-day doesn’t involve writing code.",2,not_cited,,,,0.7,COMPARATIVE,more than,,,,
CLM-000257,51232aa625f0bee54b790b1af18d8865472c0c63,The Manager's Path: A Guide for Tech Leaders Navigating Growth and Change,Recommended Reading,,151,Fournier2017-managers-path.epub > Recommended Reading >  > para 151,epub:spine=13;para=151,"Arbinger Institute, Leadership and Self-Deception: Getting Out of the Box (San Francisco: Berrett-Koehler, 2000).",0,cited,"(San Francisco: Berrett-Koehler, 2000)",same_sentence,"Arbinger Institute, Leadership and Self-Deception: Getting Out of the Box (San Francisco: Berrett-Koehler, 2000).",0.65,QUANTITATIVE,2000,,,,
CLM-000258,51232aa625f0bee54b790b1af18d8865472c0c63,The Manager's Path: A Guide for Tech Leaders Navigating Growth and Change,Recommended Reading,,155,Fournier2017-managers-path.epub > Recommended Reading >  > para 155,epub:spine=13;para=155,"Andrew S. Grove, High Output Management (New York: Vintage Books, 1983).",0,cited,"(New York: Vintage Books, 1983)",same_sentence,"Andrew S. Grove, High Output Management (New York: Vintage Books, 1983).",0.65,QUANTITATIVE,1983,,,,
CLM-000259,51232aa625f0bee54b790b1af18d8865472c0c63,The Manager's Path: A Guide for Tech Leaders Navigating Growth and Change,Assessing Your Own Experience,,167,Fournier2017-managers-path.epub > Assessing Your Own Experience >  > para 167,epub:spine=13;para=167,"1 Andrew S. Grove, High Output Management (New York: Vintage Books, 1983).",0,cited,"(New York: Vintage Books, 1983)",same_sentence,"1 Andrew S. Grove, High Output Management (New York: Vintage Books, 1983).",0.65,QUANTITATIVE,1 ,,,,
CLM-000260,51232aa625f0bee54b790b1af18d8865472c0c63,The Manager's Path: A Guide for Tech Leaders Navigating Growth and Change,Assessing Your Own Experience,,168,Fournier2017-managers-path.epub > Assessing Your Own Experience >  > para 168,epub:spine=13;para=168,"2 Patrick Lencioni, The Five Dysfunctions of a Team: A Leadership Fable (San Francisco: Jossey-Bass, 2002).",0,cited,"(San Francisco: Jossey-Bass, 2002)",same_sentence,"2 Patrick Lencioni, The Five Dysfunctions of a Team: A Leadership Fable (San Francisco: Jossey-Bass, 2002).",0.65,QUANTITATIVE,2 ,,,,
CLM-000261,51232aa625f0bee54b790b1af18d8865472c0c63,The Manager's Path: A Guide for Tech Leaders Navigating Growth and Change,Chapter 9. Bootstrapping Culture,,15,Fournier2017-managers-path.epub > Chapter 9. Bootstrapping Culture >  > para 15,epub:spine=14;para=15,"Even when the overall company grows beyond the small group, the engineering team often pushes itself to stay unstructured.",1,not_cited,,,,0.65,GENERALIZATION,often,,,,
CLM-000262,51232aa625f0bee54b790b1af18d8865472c0c63,The Manager's Path: A Guide for Tech Leaders Navigating Growth and Change,Chapter 9. Bootstrapping Culture,,15,Fournier2017-managers-path.epub > Chapter 9. Bootstrapping Culture >  > para 15,epub:spine=14;para=15,Hiring “full stack” engineers who are exclusively sourced from the professional and social networks of the current team results in low skill specialization and high homogeneity.,2,not_cited,,,,0.75,CAUSAL,results in,,,,
CLM-000263,51232aa625f0bee54b790b1af18d8865472c0c63,The Manager's Path: A Guide for Tech Leaders Navigating Growth and Change,Chapter 9. Bootstrapping Culture,,16,Fournier2017-managers-path.epub > Chapter 9. Bootstrapping Culture >  > para 16,epub:spine=14;para=16,"After all, these engineering teams are often the well-paid darlings of the company!",1,not_cited,,,,0.65,GENERALIZATION,often,,,,
CLM-000264,51232aa625f0bee54b790b1af18d8865472c0c63,The Manager's Path: A Guide for Tech Leaders Navigating Growth and Change,Chapter 9. Bootstrapping Culture,,17,Fournier2017-managers-path.epub > Chapter 9. Bootstrapping Culture >  > para 17,epub:spine=14;para=17,There is a reason that you often find a lot of spaghetti code in early startups.,1,not_cited,,,,0.65,GENERALIZATION,often,,,,
CLM-000265,51232aa625f0bee54b790b1af18d8865472c0c63,The Manager's Path: A Guide for Tech Leaders Navigating Growth and Change,Chapter 9. Bootstrapping Culture,,17,Fournier2017-managers-path.epub > Chapter 9. Bootstrapping Culture >  > para 17,epub:spine=14;para=17,"When work is done to satisfy an immediate task, in a unified code base worked on by a team of interchangeables, the result is not usually a larger thoughtful structure, but a tweak here, a hack there — anything to get things done and moving forward.",2,not_cited,,,,0.65,GENERALIZATION,usually,,,,
CLM-000266,51232aa625f0bee54b790b1af18d8865472c0c63,The Manager's Path: A Guide for Tech Leaders Navigating Growth and Change,Chapter 9. Bootstrapping Culture,,17,Fournier2017-managers-path.epub > Chapter 9. Bootstrapping Culture >  > para 17,epub:spine=14;para=17,"It’s no surprise that we usually end up refactoring spaghetti code when we want to make it scalable, because refactoring usually involves identifying and explicitly drawing out structure in order to make the code base easier to read and work in.",3,not_cited,,,,0.65,GENERALIZATION,usually,,,,
CLM-000267,51232aa625f0bee54b790b1af18d8865472c0c63,The Manager's Path: A Guide for Tech Leaders Navigating Growth and Change,Chapter 9. Bootstrapping Culture,,20,Fournier2017-managers-path.epub > Chapter 9. Bootstrapping Culture >  > para 20,epub:spine=14;para=20,"But when he keeps doing it with a team of 10, a team of 20, a team of 50, what you start to see is a high degree of confusion and wasted effort.",4,not_cited,,,,0.65,QUANTITATIVE,10,,,,
CLM-000268,51232aa625f0bee54b790b1af18d8865472c0c63,The Manager's Path: A Guide for Tech Leaders Navigating Growth and Change,Creating Your Culture,,37,Fournier2017-managers-path.epub > Creating Your Culture >  > para 37,epub:spine=14;para=37,"But in complex environments where the needs of the group must override the needs of the individual, cultural values are the glue that enables us to work as a team and make decisions when faced with uncertainty.",3,not_cited,,,,0.95,NORMATIVE|CAUSAL,must|enables,,,,
CLM-000269,51232aa625f0bee54b790b1af18d8865472c0c63,The Manager's Path: A Guide for Tech Leaders Navigating Growth and Change,Applying Core Values,,45,Fournier2017-managers-path.epub > Applying Core Values >  > para 45,epub:spine=14;para=45,"One of the most important uses of performance reviews is to evaluate the alignment between team members’ values and the company’s values, and therefore what values should be part of your performance review process.",0,not_cited,,,,0.8,NORMATIVE,should,,,,
CLM-000270,51232aa625f0bee54b790b1af18d8865472c0c63,The Manager's Path: A Guide for Tech Leaders Navigating Growth and Change,Applying Core Values,,47,Fournier2017-managers-path.epub > Applying Core Values >  > para 47,epub:spine=14;para=47,The shortcuts you get by hiring friends are not usually the values you need to form a strong team.,7,not_cited,,,,0.65,GENERALIZATION,usually,,,,
CLM-000271,51232aa625f0bee54b790b1af18d8865472c0c63,The Manager's Path: A Guide for Tech Leaders Navigating Growth and Change,Applying Core Values,,48,Fournier2017-managers-path.epub > Applying Core Values >  > para 48,epub:spine=14;para=48,A very smart engineer who really values independence may not be a fit for a team where everyone must collaborate extensively on all projects.,3,not_cited,,,,0.8,NORMATIVE,must,,,,
CLM-000272,51232aa625f0bee54b790b1af18d8865472c0c63,The Manager's Path: A Guide for Tech Leaders Navigating Growth and Change,Writing a Career Ladder,,57,Fournier2017-managers-path.epub > Writing a Career Ladder >  > para 57,epub:spine=14;para=57,"It doesn’t make sense to expect a director for a 50-person engineering team at a startup to manage, say, an entire division, in the same way that it might make sense to have that expectation at a large multinational corporation.",3,not_cited,,,,0.65,QUANTITATIVE,50,,,,
CLM-000273,51232aa625f0bee54b790b1af18d8865472c0c63,The Manager's Path: A Guide for Tech Leaders Navigating Growth and Change,Writing a Career Ladder,,62,Fournier2017-managers-path.epub > Writing a Career Ladder >  > para 62,epub:spine=14;para=62,"So, a software engineer band may go $50–100K, and a senior software engineer band may go $80–150K.",3,not_cited,,,,0.65,QUANTITATIVE,50,,,,
CLM-000274,51232aa625f0bee54b790b1af18d8865472c0c63,The Manager's Path: A Guide for Tech Leaders Navigating Growth and Change,Writing a Career Ladder,,62,Fournier2017-managers-path.epub > Writing a Career Ladder >  > para 62,epub:spine=14;para=62,That means a strong software engineer may make more than a senior engineer.,4,not_cited,,,,0.7,COMPARATIVE,more than,,,,
CLM-000275,51232aa625f0bee54b790b1af18d8865472c0c63,The Manager's Path: A Guide for Tech Leaders Navigating Growth and Change,Writing a Career Ladder,,65,Fournier2017-managers-path.epub > Writing a Career Ladder >  > para 65,epub:spine=14;para=65,"However, you should not necessarily expect to have the same number of people in the senior technical levels as you do in the senior management levels.",4,not_cited,,,,0.8,NORMATIVE,you should,,,,
CLM-000276,51232aa625f0bee54b790b1af18d8865472c0c63,The Manager's Path: A Guide for Tech Leaders Navigating Growth and Change,Writing a Career Ladder,,65,Fournier2017-managers-path.epub > Writing a Career Ladder >  > para 65,epub:spine=14;para=65,Senior management is generally a volume-driven need.,5,not_cited,,,,0.65,GENERALIZATION,generally,,,,
CLM-000277,51232aa625f0bee54b790b1af18d8865472c0c63,The Manager's Path: A Guide for Tech Leaders Navigating Growth and Change,Writing a Career Ladder,,66,Fournier2017-managers-path.epub > Writing a Career Ladder >  > para 66,epub:spine=14;para=66,"For most companies, the tracks should split when people start to exhibit leadership, whether that leadership involves managing humans or designing software.",2,not_cited,,,,0.8,NORMATIVE,should,,,,
CLM-000278,51232aa625f0bee54b790b1af18d8865472c0c63,The Manager's Path: A Guide for Tech Leaders Navigating Growth and Change,Writing a Career Ladder,,66,Fournier2017-managers-path.epub > Writing a Career Ladder >  > para 66,epub:spine=14;para=66,"Great senior individual contributors still know how to manage projects and mentor more junior members of their team, so consider making leadership experience (usually via acting as a tech lead) a requirement for promotion to senior individual contributor levels.",4,not_cited,,,,0.65,GENERALIZATION,usually,,,,
CLM-000279,51232aa625f0bee54b790b1af18d8865472c0c63,The Manager's Path: A Guide for Tech Leaders Navigating Growth and Change,Cross-Functional Teams,,75,Fournier2017-managers-path.epub > Cross-Functional Teams >  > para 75,epub:spine=14;para=75,"So, should you adopt this structure, you have to decide where you’re willing to take some system design hits in order to most effectively create products.",3,not_cited,,,,0.8,NORMATIVE,should,,,,
CLM-000280,51232aa625f0bee54b790b1af18d8865472c0c63,The Manager's Path: A Guide for Tech Leaders Navigating Growth and Change,Cross-Functional Teams,Structuring Cross-Functional Teams,77,Fournier2017-managers-path.epub > Cross-Functional Teams > Structuring Cross-Functional Teams > para 77,epub:spine=14;para=77,"Usually someone in engineering needs to oversee critical core systems, and you probably need a few specialists around for things like the core web platform, mobile, or data engineering.",1,not_cited,,,,0.65,GENERALIZATION,Usually,,,,
CLM-000281,51232aa625f0bee54b790b1af18d8865472c0c63,The Manager's Path: A Guide for Tech Leaders Navigating Growth and Change,Cross-Functional Teams,Structuring Cross-Functional Teams,78,Fournier2017-managers-path.epub > Cross-Functional Teams > Structuring Cross-Functional Teams > para 78,epub:spine=14;para=78,"Banks, for example, often have technology teams that are attached to specific areas of the business, and while the management structure is formed by engineers, the roadmap and day-to-day work are jointly determined by the needs of the business unit and its associated engineering team.",2,not_cited,,,,0.65,GENERALIZATION,often,,,,
CLM-000282,51232aa625f0bee54b790b1af18d8865472c0c63,The Manager's Path: A Guide for Tech Leaders Navigating Growth and Change,Cross-Functional Teams,Structuring Cross-Functional Teams,78,Fournier2017-managers-path.epub > Cross-Functional Teams > Structuring Cross-Functional Teams > para 78,epub:spine=14;para=78,There is generally a centralized infrastructure team that supports both fundamental systems as well as large frameworks and technologies that will be used by many teams across the company.,3,not_cited,,,,0.65,GENERALIZATION,generally,,,,
CLM-000283,51232aa625f0bee54b790b1af18d8865472c0c63,The Manager's Path: A Guide for Tech Leaders Navigating Growth and Change,Cross-Functional Teams,Structuring Cross-Functional Teams,80,Fournier2017-managers-path.epub > Cross-Functional Teams > Structuring Cross-Functional Teams > para 80,epub:spine=14;para=80,"On the other hand, in the areas where the technology must be rock-solid or exceptionally innovative and cutting-edge, you probably want teams that have more of an engineering focus and that are led by people who can design complex systems.",3,not_cited,,,,0.8,NORMATIVE,must,,,,
CLM-000284,51232aa625f0bee54b790b1af18d8865472c0c63,The Manager's Path: A Guide for Tech Leaders Navigating Growth and Change,Developing Engineering Processes,,82,Fournier2017-managers-path.epub > Developing Engineering Processes >  > para 82,epub:spine=14;para=82,"Career ladders, values, team structures — all of those are easy compared to the general angst and frustration that you can cause by adopting the wrong engineering processes for your teams.",1,not_cited,,,,0.75,CAUSAL,cause,,,,
CLM-000285,51232aa625f0bee54b790b1af18d8865472c0c63,The Manager's Path: A Guide for Tech Leaders Navigating Growth and Change,Developing Engineering Processes,Ask the CTO: Engineering Process,83,Fournier2017-managers-path.epub > Developing Engineering Processes > Ask the CTO: Engineering Process > para 83,epub:spine=14;para=83,"We have very little process right now: there are no code reviews, we use Trello to manage tasks but rarely put everything into that system, and our architecture decisions tend to be made by whomever is working on the project at the time, with my sign-off.",1,not_cited,,,,0.65,GENERALIZATION,tend to,,,,
CLM-000286,51232aa625f0bee54b790b1af18d8865472c0c63,The Manager's Path: A Guide for Tech Leaders Navigating Growth and Change,Developing Engineering Processes,Ask the CTO: Engineering Process,89,Fournier2017-managers-path.epub > Developing Engineering Processes > Ask the CTO: Engineering Process > para 89,epub:spine=14;para=89,The first is that you should not put a complicated process on any activity where you want people to move quickly and where you believe the risk for change in that activity is low or that the risks themselves are obvious to the whole team.,1,not_cited,,,,0.8,NORMATIVE,you should,,,,
CLM-000287,51232aa625f0bee54b790b1af18d8865472c0c63,The Manager's Path: A Guide for Tech Leaders Navigating Growth and Change,Developing Engineering Processes,Ask the CTO: Engineering Process,90,Fournier2017-managers-path.epub > Developing Engineering Processes > Ask the CTO: Engineering Process > para 90,epub:spine=14;para=90,"The processes should have value even when they are not followed perfectly, and that value should largely lie in the act of socializing change or risk to the team as a whole.",2,not_cited,,,,0.8,NORMATIVE,should,,,,
CLM-000288,51232aa625f0bee54b790b1af18d8865472c0c63,The Manager's Path: A Guide for Tech Leaders Navigating Growth and Change,Practical Advice: Depersonalize Decision Making,,91,Fournier2017-managers-path.epub > Practical Advice: Depersonalize Decision Making >  > para 91,epub:spine=14;para=91,There are three major processes that you should consider adding as your team grows.,0,not_cited,,,,0.8,NORMATIVE,you should,,,,
CLM-000289,51232aa625f0bee54b790b1af18d8865472c0c63,The Manager's Path: A Guide for Tech Leaders Navigating Growth and Change,Practical Advice: Depersonalize Decision Making,Code Review,92,Fournier2017-managers-path.epub > Practical Advice: Depersonalize Decision Making > Code Review > para 92,epub:spine=14;para=92,"Additionally, code review is often a place where engineers behave poorly toward one another, using it as a platform to criticize their colleagues or to enforce unrealistic standards.",3,not_cited,,,,0.65,GENERALIZATION,often,,,,
CLM-000290,51232aa625f0bee54b790b1af18d8865472c0c63,The Manager's Path: A Guide for Tech Leaders Navigating Growth and Change,Practical Advice: Depersonalize Decision Making,Code Review,94,Fournier2017-managers-path.epub > Practical Advice: Depersonalize Decision Making > Code Review > para 94,epub:spine=14;para=94,This should not be up for debate in code review.,2,not_cited,,,,0.8,NORMATIVE,should,,,,
CLM-000291,51232aa625f0bee54b790b1af18d8865472c0c63,The Manager's Path: A Guide for Tech Leaders Navigating Growth and Change,Practical Advice: Depersonalize Decision Making,Code Review,94,Fournier2017-managers-path.epub > Practical Advice: Depersonalize Decision Making > Code Review > para 94,epub:spine=14;para=94,"Allowing style to be up for discussion in code review often leads to nitpicking and criticism that can feel unproductive at best, and bullying at worst.",4,not_cited,,,,0.8,CAUSAL|GENERALIZATION,leads to|often,,,,
CLM-000292,51232aa625f0bee54b790b1af18d8865472c0c63,The Manager's Path: A Guide for Tech Leaders Navigating Growth and Change,Practical Advice: Depersonalize Decision Making,Architecture Review,106,Fournier2017-managers-path.epub > Practical Advice: Depersonalize Decision Making > Architecture Review > para 106,epub:spine=14;para=106,"Usually these include new languages, new frameworks, new storage systems, and new developer tooling.",1,not_cited,,,,0.65,GENERALIZATION,Usually,,,,
CLM-000293,51232aa625f0bee54b790b1af18d8865472c0c63,The Manager's Path: A Guide for Tech Leaders Navigating Growth and Change,Practical Advice: Depersonalize Decision Making,Architecture Review,106,Fournier2017-managers-path.epub > Practical Advice: Depersonalize Decision Making > Architecture Review > para 106,epub:spine=14;para=106,"People often want to have architecture review to prevent teams from designing new features poorly, but it is usually unrealistic to try to catch new feature design early enough in a small company, and it’s hard even in a large company.",2,not_cited,,,,0.8,CAUSAL|GENERALIZATION,prevent|often,,,,
CLM-000294,51232aa625f0bee54b790b1af18d8865472c0c63,The Manager's Path: A Guide for Tech Leaders Navigating Growth and Change,Practical Advice: Depersonalize Decision Making,Architecture Review,107,Fournier2017-managers-path.epub > Practical Advice: Depersonalize Decision Making > Architecture Review > para 107,epub:spine=14;para=107,You may or may not choose to have the team answer the question of why you should make this change in the first place.,3,not_cited,,,,0.8,NORMATIVE,you should,,,,
CLM-000295,51232aa625f0bee54b790b1af18d8865472c0c63,The Manager's Path: A Guide for Tech Leaders Navigating Growth and Change,Chapter 10. Conclusion,,2,Fournier2017-managers-path.epub > Chapter 10. Conclusion >  > para 2,epub:spine=15;para=2,People who seek out management roles often have strong views on how things should be.,4,not_cited,,,,0.8500000000000001,NORMATIVE|GENERALIZATION,should|often,,,,
CLM-000296,51232aa625f0bee54b790b1af18d8865472c0c63,The Manager's Path: A Guide for Tech Leaders Navigating Growth and Change,Index,B,40,Fournier2017-managers-path.epub > Index > B > para 40,epub:spine=16;para=40,"High Output Management (Grove) , Hiring Managers , The Big Leagues , Recommended Reading Leadership and Self-Deception (Arbinger Institute) , Recommended Reading Talking with Tech Leads (Kua) , Tech Lead Turn the Ship Around!",1,not_cited,,,,0.8,NORMATIVE,Recommended,,,,
CLM-000297,51232aa625f0bee54b790b1af18d8865472c0c63,The Manager's Path: A Guide for Tech Leaders Navigating Growth and Change,Index,B,46,Fournier2017-managers-path.epub > Index > B > para 46,epub:spine=16;para=46,"High Output Management (Grove) , Hiring Managers , The Big Leagues , Recommended Reading",0,not_cited,,,,0.8,NORMATIVE,Recommended,,,,
CLM-000298,51232aa625f0bee54b790b1af18d8865472c0c63,The Manager's Path: A Guide for Tech Leaders Navigating Growth and Change,Index,B,47,Fournier2017-managers-path.epub > Index > B > para 47,epub:spine=16;para=47,"Leadership and Self-Deception (Arbinger Institute) , Recommended Reading",0,not_cited,,,,0.8,NORMATIVE,Recommended,,,,
CLM-000299,51232aa625f0bee54b790b1af18d8865472c0c63,The Manager's Path: A Guide for Tech Leaders Navigating Growth and Change,Index,C,81,Fournier2017-managers-path.epub > Index > C > para 81,epub:spine=16;para=81,"coaching , Adjusting 1-1s ( see also mentoring) assessing need for , Adjusting 1-1s , Creating a Culture of Continuous Feedback for managers , Manager Accountability , Managing New Managers , Managing Experienced Managers out of the company , Challenging Situations: Firing Underperformers , Challenging Situations: Firing Underperformers - Challenging Situations: Firing Underperformers for senior managers , Challenging Situations: Delivering Bad News , Assessing Your Own Experience",0,not_cited,,,,0.65,QUANTITATIVE,1,,,,
CLM-000300,51232aa625f0bee54b790b1af18d8865472c0c63,The Manager's Path: A Guide for Tech Leaders Navigating Growth and Change,Index,C,88,Fournier2017-managers-path.epub > Index > C > para 88,epub:spine=16;para=88,"coding , Tech Lead ( see also technical skills) amount of, by multiple-team managers , Managing Multiple Teams - Managing Multiple Teams amount of, by team managers , Managing a Team , Staying Technical - Staying Technical , Collaboration Problems amount of, by tech leads , Tech Lead , Tech Lead , All Great Tech Leads Know This One Weird Trick , Software developer and team leader , Software developer and team leader , Software developer and team leader architecture review , Architecture Review - Architecture Review check-ins, frequency of , Frequency of Code Check-ins code reviews , Code Review - Code Review estimating time for , You have 10 productive engineering weeks per engineer per quarter incidents, frequency of , Frequency of Incidents - Frequency of Incidents postmortem , The Outage Postmortem - The Outage Postmortem processes for, developing , Developing Engineering Processes - Architecture Review releases, frequency of , Frequency of Releases - Frequency of Releases releases, missing dates of , Not Shipping - Not Shipping retrospectives for , Run Retrospectives for the Processes and Day-to-Day standards for, establishing , Establish Standards for Code and Systems sustaining engineering work , Budget 20% of time for generic sustaining engineering work across the board , Strategies for Handling Roadmap Uncertainty",0,not_cited,,,,0.65,QUANTITATIVE,10 ,,,,
CLM-000301,51232aa625f0bee54b790b1af18d8865472c0c63,The Manager's Path: A Guide for Tech Leaders Navigating Growth and Change,Index,C,96,Fournier2017-managers-path.epub > Index > C > para 96,epub:spine=16;para=96,"estimating time for , You have 10 productive engineering weeks per engineer per quarter",0,not_cited,,,,0.65,QUANTITATIVE,10 ,,,,
CLM-000302,51232aa625f0bee54b790b1af18d8865472c0c63,The Manager's Path: A Guide for Tech Leaders Navigating Growth and Change,Index,C,104,Fournier2017-managers-path.epub > Index > C > para 104,epub:spine=16;para=104,"sustaining engineering work , Budget 20% of time for generic sustaining engineering work across the board , Strategies for Handling Roadmap Uncertainty",0,not_cited,,,,0.65,QUANTITATIVE,20,,,,
CLM-000303,51232aa625f0bee54b790b1af18d8865472c0c63,The Manager's Path: A Guide for Tech Leaders Navigating Growth and Change,Index,D,148,Fournier2017-managers-path.epub > Index > D > para 148,epub:spine=16;para=148,"decision making depersonalizing , Practical Advice: Depersonalize Decision Making - Architecture Review factors influencing , Create a Data-Driven Team Culture impatience and laziness for , The Virtues of Laziness and Impatience - The Virtues of Laziness and Impatience manager’s responsibilities for , How to Drive Good Decisions - Run Retrospectives for the Processes and Day-to-Day policies for , Create Policies as senior manager , The Big Leagues tracking results of , Review the Outcome of Your Decisions and Projects when to delegate , Decisions and Delegation - Delegate Complex and Frequent Tasks to Develop Your Team",0,not_cited,,,,0.75,CAUSAL,Drive,,,,
CLM-000304,51232aa625f0bee54b790b1af18d8865472c0c63,The Manager's Path: A Guide for Tech Leaders Navigating Growth and Change,Index,D,152,Fournier2017-managers-path.epub > Index > D > para 152,epub:spine=16;para=152,"manager’s responsibilities for , How to Drive Good Decisions - Run Retrospectives for the Processes and Day-to-Day",0,not_cited,,,,0.75,CAUSAL,Drive,,,,
CLM-000305,51232aa625f0bee54b790b1af18d8865472c0c63,The Manager's Path: A Guide for Tech Leaders Navigating Growth and Change,Index,D,157,Fournier2017-managers-path.epub > Index > D > para 157,epub:spine=16;para=157,"delegating decisions regarding , Decisions and Delegation - Delegate Complex and Frequent Tasks to Develop Your Team effective, characteristics of , Good Manager, Bad Manager: Micromanager, Delegator - Good Manager, Bad Manager: Micromanager, Delegator goals for, setting , Use the Team’s Goals to Understand Which Details You Should Dig Into micromanagers’ problems with , Good Manager, Bad Manager: Micromanager, Delegator monitoring status of , Treat the Open Sharing of Information, Good or Bad, in a Neutral to Positive Way standards for, setting , Establish Standards for Code and Systems system information used in , Gather Information from the Systems Before Going to the People tailored to stage of project , Adjust Your Focus Depending on the Stage of Projects",0,not_cited,,,,0.8,NORMATIVE,You Should,,,,
CLM-000306,51232aa625f0bee54b790b1af18d8865472c0c63,The Manager's Path: A Guide for Tech Leaders Navigating Growth and Change,Index,D,160,Fournier2017-managers-path.epub > Index > D > para 160,epub:spine=16;para=160,"goals for, setting , Use the Team’s Goals to Understand Which Details You Should Dig Into",0,not_cited,,,,0.8,NORMATIVE,You Should,,,,
CLM-000307,51232aa625f0bee54b790b1af18d8865472c0c63,The Manager's Path: A Guide for Tech Leaders Navigating Growth and Change,Index,D,168,Fournier2017-managers-path.epub > Index > D > para 168,epub:spine=16;para=168,"documentation career ladder , Writing a Career Ladder - Writing a Career Ladder cultural policy documents , Creating Cultural Policy - Creating Cultural Policy of feedback meetings , The Feedback Meeting onboarding documentation , Mentoring a New Hire , Encourage Participation by Updating the New Hire Documentation of one-on-one meetings (1-1s) , Mix It Up performance improvement plan , Challenging Situations: Firing Underperformers 30/60/90-day plan , Create a 30/60/90-Day Plan",0,not_cited,,,,0.65,QUANTITATIVE,1,,,,
CLM-000308,51232aa625f0bee54b790b1af18d8865472c0c63,The Manager's Path: A Guide for Tech Leaders Navigating Growth and Change,Index,E,202,Fournier2017-managers-path.epub > Index > E > para 202,epub:spine=16;para=202,"expectations for new reports, communicating , Create a 30/60/90-Day Plan , Communicate Your Style and Expectations for performance reviews, setting , Avoid big surprises for schedules, setting , Setting Expectations and Delivering on Schedule - Setting Expectations and Delivering on Schedule",0,not_cited,,,,0.65,QUANTITATIVE,30,,,,
CLM-000309,51232aa625f0bee54b790b1af18d8865472c0c63,The Manager's Path: A Guide for Tech Leaders Navigating Growth and Change,Index,F,207,Fournier2017-managers-path.epub > Index > F > para 207,epub:spine=16;para=207,"feedback continuous, creating culture for , Creating a Culture of Continuous Feedback - Creating a Culture of Continuous Feedback manager’s responsibilities for , Feedback and Workplace Guidance - Feedback and Workplace Guidance from new reports , Get Feedback from Your New Hire in one-on-one meetings (1-1s) , The Feedback Meeting - The Feedback Meeting",0,not_cited,,,,0.65,QUANTITATIVE,1,,,,
CLM-000310,51232aa625f0bee54b790b1af18d8865472c0c63,The Manager's Path: A Guide for Tech Leaders Navigating Growth and Change,Index,H,226,Fournier2017-managers-path.epub > Index > H > para 226,epub:spine=16;para=226,"High Output Management (Grove) , Hiring Managers , The Big Leagues , Recommended Reading",0,not_cited,,,,0.8,NORMATIVE,Recommended,,,,
CLM-000311,51232aa625f0bee54b790b1af18d8865472c0c63,The Manager's Path: A Guide for Tech Leaders Navigating Growth and Change,Index,L,241,Fournier2017-managers-path.epub > Index > L > para 241,epub:spine=16;para=241,"Leadership and Self-Deception (Arbinger Institute) , Recommended Reading",0,not_cited,,,,0.8,NORMATIVE,Recommended,,,,
CLM-000312,51232aa625f0bee54b790b1af18d8865472c0c63,The Manager's Path: A Guide for Tech Leaders Navigating Growth and Change,Index,N,313,Fournier2017-managers-path.epub > Index > N > para 313,epub:spine=16;para=313,"new reports communicating expectations to , Create a 30/60/90-Day Plan , Communicate Your Style and Expectations feedback from , Get Feedback from Your New Hire first one-on-one meeting , Build Trust and Rapport - Build Trust and Rapport onboarding , Encourage Participation by Updating the New Hire Documentation , Delegate Complex and Frequent Tasks to Develop Your Team 30/60/90-day plan , Create a 30/60/90-Day Plan",0,not_cited,,,,0.65,QUANTITATIVE,30,,,,
CLM-000313,51232aa625f0bee54b790b1af18d8865472c0c63,The Manager's Path: A Guide for Tech Leaders Navigating Growth and Change,Index,P,353,Fournier2017-managers-path.epub > Index > P > para 353,epub:spine=16;para=353,"people management , Managing People ( see also one-on-one meetings (1-1s)) assessing your abilities at , Assessing Your Own Experience coaching , Creating a Culture of Continuous Feedback compared to engineering management , Introduction delegating , Good Manager, Bad Manager: Micromanager, Delegator - Treat the Open Sharing of Information, Good or Bad, in a Neutral to Positive Way feedback, giving , Creating a Culture of Continuous Feedback - Creating a Culture of Continuous Feedback firing people for underperformance , Challenging Situations: Firing Underperformers - Challenging Situations: Firing Underperformers knowing your team members , Creating a Culture of Continuous Feedback manager’s responsibilities for , Managing People - Managing People new reports, adding to team , Starting a New Reporting Relationship Off Right - Get Feedback from Your New Hire observing your team members , Creating a Culture of Continuous Feedback , Observe the Team performance reviews , Performance Reviews - Schedule enough time to discuss the review potential in team members, identifying , Schedule enough time to discuss the review - Schedule enough time to discuss the review promoting team members , Cultivating Careers - Cultivating Careers 30/60/90-day plan , Create a 30/60/90-Day Plan trust and rapport, building , One-on-One Meetings - One-on-One Meetings , Build Trust and Rapport - Build Trust and Rapport , Good Manager, Bad Manager: Micromanager, Delegator , Treat the Open Sharing of Information, Good or Bad, in a Neutral to Positive Way , Senior Peers in Other Functions - Senior Peers in Other Functions",0,not_cited,,,,0.65,QUANTITATIVE,1,,,,
CLM-000314,51232aa625f0bee54b790b1af18d8865472c0c63,The Manager's Path: A Guide for Tech Leaders Navigating Growth and Change,Index,P,372,Fournier2017-managers-path.epub > Index > P > para 372,epub:spine=16;para=372,"performance reviews content of , Try to account for the whole year, not just the past couple of months - When it comes to areas for improvement, keep it focused continuous feedback needed for , Creating a Culture of Continuous Feedback examples in , Use concrete examples, and excerpts from peer reviews potential problems with , Performance Reviews setting expectations for , Avoid big surprises 360 model for , Performance Reviews time required for , Give yourself enough time, and start early , Schedule enough time to discuss the review training others to do , Use Complex and Infrequent Tasks as Training Opportunities for Rising Leaders",0,not_cited,,,,0.65,QUANTITATIVE,360 ,,,,
CLM-000315,51232aa625f0bee54b790b1af18d8865472c0c63,The Manager's Path: A Guide for Tech Leaders Navigating Growth and Change,Index,P,378,Fournier2017-managers-path.epub > Index > P > para 378,epub:spine=16;para=378,"360 model for , Performance Reviews",0,not_cited,,,,0.65,QUANTITATIVE,360 ,,,,
CLM-000316,51232aa625f0bee54b790b1af18d8865472c0c63,The Manager's Path: A Guide for Tech Leaders Navigating Growth and Change,Index,S,431,Fournier2017-managers-path.epub > Index > S > para 431,epub:spine=16;para=431,"projects , You have 10 productive engineering weeks per engineer per quarter - Be selective about what you bring to the team to estimate , Setting Expectations and Delivering on Schedule - Strategies for Handling Roadmap Uncertainty",0,not_cited,,,,0.65,QUANTITATIVE,10 ,,,,
CLM-000317,51232aa625f0bee54b790b1af18d8865472c0c63,The Manager's Path: A Guide for Tech Leaders Navigating Growth and Change,Index,T,486,Fournier2017-managers-path.epub > Index > T > para 486,epub:spine=16;para=486,"tech leads assessing your abilities as , Managing a Project , Assessing Your Own Experience balancing roles of , All Great Tech Leads Know This One Weird Trick - All Great Tech Leads Know This One Weird Trick coding, amount of , Tech Lead , Software developer and team leader , Software developer and team leader , Staying Technical - Staying Technical communication skills of , Communicate effective, characteristics of , Tech Lead - Tech Lead , How to Be a Great Tech Lead - Communicate noncommunicators as , Tech Lead not taking responsibility , Don’t Prevaricate - Don’t Prevaricate , Manager Accountability process czars as , Good Manager, Bad Manager: The Process Czar - Good Manager, Bad Manager: The Process Czar project management , Project planner , Managing Projects - Managing a Project responsibilities of , Tech Lead - Tech Lead , Being a Tech Lead 101 - Software developer and team leader technical decisions, making , Lead Technical Decisions",0,not_cited,,,,0.65,QUANTITATIVE,101,,,,
CLM-000318,51232aa625f0bee54b790b1af18d8865472c0c63,The Manager's Path: A Guide for Tech Leaders Navigating Growth and Change,Index,T,496,Fournier2017-managers-path.epub > Index > T > para 496,epub:spine=16;para=496,"responsibilities of , Tech Lead - Tech Lead , Being a Tech Lead 101 - Software developer and team leader",0,not_cited,,,,0.65,QUANTITATIVE,101,,,,
CLM-000319,51232aa625f0bee54b790b1af18d8865472c0c63,The Manager's Path: A Guide for Tech Leaders Navigating Growth and Change,Index,T,507,Fournier2017-managers-path.epub > Index > T > para 507,epub:spine=16;para=507,"360 model for performance reviews , Performance Reviews",0,not_cited,,,,0.65,QUANTITATIVE,360 ,,,,
CLM-000320,51232aa625f0bee54b790b1af18d8865472c0c63,The Manager's Path: A Guide for Tech Leaders Navigating Growth and Change,text00019.html,,5,Fournier2017-managers-path.epub > text00019.html >  > para 5,epub:spine=19;para=5,1. Management 101 What to Expect from a Manager One-on-One Meetings Feedback and Workplace Guidance Training and Career Growth How to Be Managed Spend Time Thinking About What You Want You Are Responsible for Yourself Give Your Manager a Break Choose Your Managers Wisely Assessing Your Own Experience,0,not_cited,,,,0.65,QUANTITATIVE,1,,,,
CLM-000321,51232aa625f0bee54b790b1af18d8865472c0c63,The Manager's Path: A Guide for Tech Leaders Navigating Growth and Change,text00019.html,,16,Fournier2017-managers-path.epub > text00019.html >  > para 16,epub:spine=19;para=16,"2. Mentoring The Importance of Mentoring to Junior Team Members Being a Mentor Mentoring an Intern Mentoring a New Hire Technical or Career Mentoring Good Manager, Bad Manager: The Alpha Geek Tips for the Manager of a Mentor Key Takeaways for the Mentor Be Curious and Open-Minded Listen and Speak Their Language Make Connections Assessing Your Own Experience",0,not_cited,,,,0.65,QUANTITATIVE,2,,,,
CLM-000322,51232aa625f0bee54b790b1af18d8865472c0c63,The Manager's Path: A Guide for Tech Leaders Navigating Growth and Change,text00019.html,,29,Fournier2017-managers-path.epub > text00019.html >  > para 29,epub:spine=19;para=29,"3. Tech Lead All Great Tech Leads Know This One Weird Trick Being a Tech Lead 101 The Main Roles of a Tech Lead Managing Projects Managing a Project Decision Point: Stay on the Technical Track or Become a Manager Imagined Life of a Senior Individual Contributor Real Life of a Senior Individual Contributor Imagined Life of a Manager Real Life of a Manager Good Manager, Bad Manager: The Process Czar How to Be a Great Tech Lead Understand the Architecture Be a Team Player Lead Technical Decisions Communicate Assessing Your Own Experience",0,not_cited,,,,0.65,QUANTITATIVE,3,,,,
CLM-000323,51232aa625f0bee54b790b1af18d8865472c0c63,The Manager's Path: A Guide for Tech Leaders Navigating Growth and Change,text00019.html,,47,Fournier2017-managers-path.epub > text00019.html >  > para 47,epub:spine=19;para=47,"4. Managing People Starting a New Reporting Relationship Off Right Build Trust and Rapport Create a 30/60/90-Day Plan Encourage Participation by Updating the New Hire Documentation Communicate Your Style and Expectations Get Feedback from Your New Hire Communicating with Your Team Have Regular 1-1s Scheduling 1-1s Adjusting 1-1s Different 1-1 Styles The To-Do List Meeting The Catch-up The Feedback Meeting The Progress Report Getting to Know You Mix It Up Good Manager, Bad Manager: Micromanager, Delegator Practical Advice for Delegating Effectively Use the Team’s Goals to Understand Which Details You Should Dig Into Gather Information from the Systems Before Going to the People Adjust Your Focus Depending on the Stage of Projects Establish Standards for Code and Systems Treat the Open Sharing of Information, Good or Bad, in a Neutral to Positive Way Creating a Culture of Continuous Feedback Performance Reviews Writing and Delivering a Performance Review Cultivating Careers Challenging Situations: Firing Underperformers Assessing Your Own Experience",0,not_cited,,,,0.8500000000000001,NORMATIVE|QUANTITATIVE,You Should|4,,,,
CLM-000324,51232aa625f0bee54b790b1af18d8865472c0c63,The Manager's Path: A Guide for Tech Leaders Navigating Growth and Change,text00019.html,,54,Fournier2017-managers-path.epub > text00019.html >  > para 54,epub:spine=19;para=54,Communicating with Your Team Have Regular 1-1s Scheduling 1-1s Adjusting 1-1s,0,not_cited,,,,0.65,QUANTITATIVE,1,,,,
CLM-000325,51232aa625f0bee54b790b1af18d8865472c0c63,The Manager's Path: A Guide for Tech Leaders Navigating Growth and Change,text00019.html,,66,Fournier2017-managers-path.epub > text00019.html >  > para 66,epub:spine=19;para=66,"Practical Advice for Delegating Effectively Use the Team’s Goals to Understand Which Details You Should Dig Into Gather Information from the Systems Before Going to the People Adjust Your Focus Depending on the Stage of Projects Establish Standards for Code and Systems Treat the Open Sharing of Information, Good or Bad, in a Neutral to Positive Way",0,not_cited,,,,0.8,NORMATIVE,You Should,,,,
CLM-000326,51232aa625f0bee54b790b1af18d8865472c0c63,The Manager's Path: A Guide for Tech Leaders Navigating Growth and Change,text00019.html,,67,Fournier2017-managers-path.epub > text00019.html >  > para 67,epub:spine=19;para=67,Use the Team’s Goals to Understand Which Details You Should Dig Into,0,not_cited,,,,0.8,NORMATIVE,You Should,,,,
CLM-000327,51232aa625f0bee54b790b1af18d8865472c0c63,The Manager's Path: A Guide for Tech Leaders Navigating Growth and Change,text00019.html,,78,Fournier2017-managers-path.epub > text00019.html >  > para 78,epub:spine=19;para=78,"5. Managing a Team Staying Technical Debugging Dysfunctional Teams: The Basics Not Shipping People Drama Unhappiness Due to Overwork Collaboration Problems The Shield How to Drive Good Decisions Create a Data-Driven Team Culture Flex Your Own Product Muscles Look into the Future Review the Outcome of Your Decisions and Projects Run Retrospectives for the Processes and Day-to-Day Good Manager, Bad Manager: Conflict Avoider, Conflict Tamer The Dos and Don’ts of Managing Conflict Challenging Situations: Team Cohesion Destroyers The Brilliant Jerk The Noncommunicator The Employee Who Lacks Respect Advanced Project Management Project Management Rules of Thumb Assessing Your Own Experience",0,not_cited,,,,0.8,CAUSAL|QUANTITATIVE,Drive|5,,,,
CLM-000328,51232aa625f0bee54b790b1af18d8865472c0c63,The Manager's Path: A Guide for Tech Leaders Navigating Growth and Change,text00019.html,,86,Fournier2017-managers-path.epub > text00019.html >  > para 86,epub:spine=19;para=86,How to Drive Good Decisions Create a Data-Driven Team Culture Flex Your Own Product Muscles Look into the Future Review the Outcome of Your Decisions and Projects Run Retrospectives for the Processes and Day-to-Day,0,not_cited,,,,0.75,CAUSAL,Drive,,,,
CLM-000329,51232aa625f0bee54b790b1af18d8865472c0c63,The Manager's Path: A Guide for Tech Leaders Navigating Growth and Change,text00019.html,,123,Fournier2017-managers-path.epub > text00019.html >  > para 123,epub:spine=19;para=123,"7. Managing Managers Skip-Level Meetings Manager Accountability Good Manager, Bad Manager: The People Pleaser Managing New Managers Managing Experienced Managers Hiring Managers Debugging Dysfunctional Organizations Have a Hypothesis Check the Data Observe the Team Ask Questions Check the Team Dynamics Jump In to Help Be Curious Setting Expectations and Delivering on Schedule Challenging Situations: Roadmap Uncertainty Strategies for Handling Roadmap Uncertainty Staying Technically Relevant Oversee Technical Investment Ask Informed Questions Analyze and Explain Engineering and Business Tradeoffs Make Specific Requests Use Your Experience as a Gut Check Assessing Your Own Experience",0,not_cited,,,,0.65,QUANTITATIVE,7,,,,
CLM-000330,51232aa625f0bee54b790b1af18d8865472c0c63,The Manager's Path: A Guide for Tech Leaders Navigating Growth and Change,text00019.html,,166,Fournier2017-managers-path.epub > text00019.html >  > para 166,epub:spine=19;para=166,9. Bootstrapping Culture Assessing Your Role Creating Your Culture Applying Core Values Creating Cultural Policy Writing a Career Ladder Cross-Functional Teams Structuring Cross-Functional Teams Developing Engineering Processes Practical Advice: Depersonalize Decision Making Code Review The Outage Postmortem Architecture Review Assessing Your Own Experience,0,not_cited,,,,0.65,QUANTITATIVE,9,,,,
