# sampling_caveat: Purposive sampling subject to availability constraints. Results describe the beliefs of the surveyed sample, not of software engineering practitioners in general, and no inference to a wider population is supported (Baltes & Ralph, 2022, Empirical Software Engineering).
# question_order_caveat: BTHSurvey provides no question-order randomisation, so all 50 claims were presented in a fixed order to every respondent. Order effects (fatigue, priming, anchoring) cannot be estimated or corrected for by this tool and stand as a documented construct-validity limitation.
# classification_rule: majority > 50% of directional answers; IDK-dominant at >= 30% of the full sample
# run_id: 20260904T170248Z-d602c796
# input_file: data/raw/export (4).xlsx
# input_sha256: d602c796f3cbfb3f5322be5551f12e280f71dbd1880fbd430253c4518e4ddd95
scope,claim_id,variable,group,reason,n_valid
subgroup,CLM-000194,experience,Less than 1 year,"only 5 valid (non-IDK) answers, below min_subgroup_size=10",5
subgroup,CLM-000459,experience,Less than 1 year,"only 5 valid (non-IDK) answers, below min_subgroup_size=10",5
subgroup,CLM-000100,experience,Less than 1 year,"only 2 valid (non-IDK) answers, below min_subgroup_size=10",2
subgroup,CLM-000015,experience,Less than 1 year,"only 9 valid (non-IDK) answers, below min_subgroup_size=10",9
subgroup,CLM-000238,experience,Less than 1 year,"only 8 valid (non-IDK) answers, below min_subgroup_size=10",8
subgroup,CLM-000361,experience,Less than 1 year,"only 6 valid (non-IDK) answers, below min_subgroup_size=10",6
subgroup,CLM-000036,experience,Less than 1 year,"only 8 valid (non-IDK) answers, below min_subgroup_size=10",8
subgroup,CLM-000374,experience,Less than 1 year,"only 7 valid (non-IDK) answers, below min_subgroup_size=10",7
unassigned,CLM-000062,role,(not recorded),"2 respondent(s) did not answer the optional 'role' question, so they belong to no subgroup and cannot enter this comparison",1
unassigned,CLM-000179,role,(not recorded),"2 respondent(s) did not answer the optional 'role' question, so they belong to no subgroup and cannot enter this comparison",1
unassigned,CLM-000028,role,(not recorded),"2 respondent(s) did not answer the optional 'role' question, so they belong to no subgroup and cannot enter this comparison",2
unassigned,CLM-000204,role,(not recorded),"2 respondent(s) did not answer the optional 'role' question, so they belong to no subgroup and cannot enter this comparison",2
unassigned,CLM-000086,role,(not recorded),"2 respondent(s) did not answer the optional 'role' question, so they belong to no subgroup and cannot enter this comparison",2
unassigned,CLM-000131,role,(not recorded),"2 respondent(s) did not answer the optional 'role' question, so they belong to no subgroup and cannot enter this comparison",1
unassigned,CLM-000337,role,(not recorded),"2 respondent(s) did not answer the optional 'role' question, so they belong to no subgroup and cannot enter this comparison",2
unassigned,CLM-000101,role,(not recorded),"2 respondent(s) did not answer the optional 'role' question, so they belong to no subgroup and cannot enter this comparison",2
unassigned,CLM-000059,role,(not recorded),"2 respondent(s) did not answer the optional 'role' question, so they belong to no subgroup and cannot enter this comparison",2
unassigned,CLM-000329,role,(not recorded),"2 respondent(s) did not answer the optional 'role' question, so they belong to no subgroup and cannot enter this comparison",2
unassigned,CLM-000060,role,(not recorded),"2 respondent(s) did not answer the optional 'role' question, so they belong to no subgroup and cannot enter this comparison",2
unassigned,CLM-000073,role,(not recorded),"2 respondent(s) did not answer the optional 'role' question, so they belong to no subgroup and cannot enter this comparison",2
unassigned,CLM-000194,role,(not recorded),"2 respondent(s) did not answer the optional 'role' question, so they belong to no subgroup and cannot enter this comparison",1
unassigned,CLM-000026,role,(not recorded),"2 respondent(s) did not answer the optional 'role' question, so they belong to no subgroup and cannot enter this comparison",2
unassigned,CLM-000085,role,(not recorded),"2 respondent(s) did not answer the optional 'role' question, so they belong to no subgroup and cannot enter this comparison",2
unassigned,CLM-000459,role,(not recorded),"2 respondent(s) did not answer the optional 'role' question, so they belong to no subgroup and cannot enter this comparison",1
subgroup,CLM-000100,role,Researcher,"only 8 valid (non-IDK) answers, below min_subgroup_size=10",8
unassigned,CLM-000100,role,(not recorded),"2 respondent(s) did not answer the optional 'role' question, so they belong to no subgroup and cannot enter this comparison",1
unassigned,CLM-000147,role,(not recorded),"2 respondent(s) did not answer the optional 'role' question, so they belong to no subgroup and cannot enter this comparison",2
unassigned,CLM-000115,role,(not recorded),"2 respondent(s) did not answer the optional 'role' question, so they belong to no subgroup and cannot enter this comparison",2
unassigned,CLM-000224,role,(not recorded),"2 respondent(s) did not answer the optional 'role' question, so they belong to no subgroup and cannot enter this comparison",1
unassigned,CLM-000470,role,(not recorded),"2 respondent(s) did not answer the optional 'role' question, so they belong to no subgroup and cannot enter this comparison",2
unassigned,CLM-000015,role,(not recorded),"2 respondent(s) did not answer the optional 'role' question, so they belong to no subgroup and cannot enter this comparison",2
unassigned,CLM-000223,role,(not recorded),"2 respondent(s) did not answer the optional 'role' question, so they belong to no subgroup and cannot enter this comparison",2
unassigned,CLM-000045,role,(not recorded),"2 respondent(s) did not answer the optional 'role' question, so they belong to no subgroup and cannot enter this comparison",2
unassigned,CLM-000087,role,(not recorded),"2 respondent(s) did not answer the optional 'role' question, so they belong to no subgroup and cannot enter this comparison",2
unassigned,CLM-000178,role,(not recorded),"2 respondent(s) did not answer the optional 'role' question, so they belong to no subgroup and cannot enter this comparison",1
unassigned,CLM-000269,role,(not recorded),"2 respondent(s) did not answer the optional 'role' question, so they belong to no subgroup and cannot enter this comparison",2
unassigned,CLM-000238,role,(not recorded),"2 respondent(s) did not answer the optional 'role' question, so they belong to no subgroup and cannot enter this comparison",1
subgroup,CLM-000361,role,Researcher,"only 6 valid (non-IDK) answers, below min_subgroup_size=10",6
unassigned,CLM-000361,role,(not recorded),"2 respondent(s) did not answer the optional 'role' question, so they belong to no subgroup and cannot enter this comparison",2
unassigned,CLM-000450,role,(not recorded),"2 respondent(s) did not answer the optional 'role' question, so they belong to no subgroup and cannot enter this comparison",2
unassigned,CLM-000142,role,(not recorded),"2 respondent(s) did not answer the optional 'role' question, so they belong to no subgroup and cannot enter this comparison",2
unassigned,CLM-000496,role,(not recorded),"2 respondent(s) did not answer the optional 'role' question, so they belong to no subgroup and cannot enter this comparison",2
unassigned,CLM-000169,role,(not recorded),"2 respondent(s) did not answer the optional 'role' question, so they belong to no subgroup and cannot enter this comparison",2
unassigned,CLM-000036,role,(not recorded),"2 respondent(s) did not answer the optional 'role' question, so they belong to no subgroup and cannot enter this comparison",2
unassigned,CLM-000210,role,(not recorded),"2 respondent(s) did not answer the optional 'role' question, so they belong to no subgroup and cannot enter this comparison",2
unassigned,CLM-000581,role,(not recorded),"2 respondent(s) did not answer the optional 'role' question, so they belong to no subgroup and cannot enter this comparison",1
unassigned,CLM-000242,role,(not recorded),"2 respondent(s) did not answer the optional 'role' question, so they belong to no subgroup and cannot enter this comparison",2
unassigned,CLM-000199,role,(not recorded),"2 respondent(s) did not answer the optional 'role' question, so they belong to no subgroup and cannot enter this comparison",1
unassigned,CLM-000007,role,(not recorded),"2 respondent(s) did not answer the optional 'role' question, so they belong to no subgroup and cannot enter this comparison",1
unassigned,CLM-000486,role,(not recorded),"2 respondent(s) did not answer the optional 'role' question, so they belong to no subgroup and cannot enter this comparison",2
unassigned,CLM-000109,role,(not recorded),"2 respondent(s) did not answer the optional 'role' question, so they belong to no subgroup and cannot enter this comparison",2
unassigned,CLM-000190,role,(not recorded),"2 respondent(s) did not answer the optional 'role' question, so they belong to no subgroup and cannot enter this comparison",1
subgroup,CLM-000374,role,Researcher,"only 7 valid (non-IDK) answers, below min_subgroup_size=10",7
unassigned,CLM-000374,role,(not recorded),"2 respondent(s) did not answer the optional 'role' question, so they belong to no subgroup and cannot enter this comparison",1
unassigned,CLM-000122,role,(not recorded),"2 respondent(s) did not answer the optional 'role' question, so they belong to no subgroup and cannot enter this comparison",1
unassigned,CLM-000097,role,(not recorded),"2 respondent(s) did not answer the optional 'role' question, so they belong to no subgroup and cannot enter this comparison",1
unassigned,CLM-000201,role,(not recorded),"2 respondent(s) did not answer the optional 'role' question, so they belong to no subgroup and cannot enter this comparison",1
unassigned,CLM-000180,role,(not recorded),"2 respondent(s) did not answer the optional 'role' question, so they belong to no subgroup and cannot enter this comparison",1
unassigned,CLM-000502,role,(not recorded),"2 respondent(s) did not answer the optional 'role' question, so they belong to no subgroup and cannot enter this comparison",1
unassigned,CLM-000129,role,(not recorded),"2 respondent(s) did not answer the optional 'role' question, so they belong to no subgroup and cannot enter this comparison",1
unassigned,CLM-000032,role,(not recorded),"2 respondent(s) did not answer the optional 'role' question, so they belong to no subgroup and cannot enter this comparison",1
unassigned,CLM-000062,team_size,(not recorded),"6 respondent(s) did not answer the optional 'team_size' question, so they belong to no subgroup and cannot enter this comparison",3
unassigned,CLM-000179,team_size,(not recorded),"6 respondent(s) did not answer the optional 'team_size' question, so they belong to no subgroup and cannot enter this comparison",5
unassigned,CLM-000028,team_size,(not recorded),"6 respondent(s) did not answer the optional 'team_size' question, so they belong to no subgroup and cannot enter this comparison",6
unassigned,CLM-000204,team_size,(not recorded),"6 respondent(s) did not answer the optional 'team_size' question, so they belong to no subgroup and cannot enter this comparison",6
unassigned,CLM-000086,team_size,(not recorded),"6 respondent(s) did not answer the optional 'team_size' question, so they belong to no subgroup and cannot enter this comparison",6
unassigned,CLM-000131,team_size,(not recorded),"6 respondent(s) did not answer the optional 'team_size' question, so they belong to no subgroup and cannot enter this comparison",6
unassigned,CLM-000337,team_size,(not recorded),"6 respondent(s) did not answer the optional 'team_size' question, so they belong to no subgroup and cannot enter this comparison",5
unassigned,CLM-000101,team_size,(not recorded),"6 respondent(s) did not answer the optional 'team_size' question, so they belong to no subgroup and cannot enter this comparison",5
unassigned,CLM-000059,team_size,(not recorded),"6 respondent(s) did not answer the optional 'team_size' question, so they belong to no subgroup and cannot enter this comparison",6
unassigned,CLM-000329,team_size,(not recorded),"6 respondent(s) did not answer the optional 'team_size' question, so they belong to no subgroup and cannot enter this comparison",6
unassigned,CLM-000060,team_size,(not recorded),"6 respondent(s) did not answer the optional 'team_size' question, so they belong to no subgroup and cannot enter this comparison",6
unassigned,CLM-000073,team_size,(not recorded),"6 respondent(s) did not answer the optional 'team_size' question, so they belong to no subgroup and cannot enter this comparison",6
unassigned,CLM-000194,team_size,(not recorded),"6 respondent(s) did not answer the optional 'team_size' question, so they belong to no subgroup and cannot enter this comparison",3
unassigned,CLM-000026,team_size,(not recorded),"6 respondent(s) did not answer the optional 'team_size' question, so they belong to no subgroup and cannot enter this comparison",5
unassigned,CLM-000085,team_size,(not recorded),"6 respondent(s) did not answer the optional 'team_size' question, so they belong to no subgroup and cannot enter this comparison",5
unassigned,CLM-000459,team_size,(not recorded),"6 respondent(s) did not answer the optional 'team_size' question, so they belong to no subgroup and cannot enter this comparison",3
unassigned,CLM-000100,team_size,(not recorded),"6 respondent(s) did not answer the optional 'team_size' question, so they belong to no subgroup and cannot enter this comparison",3
unassigned,CLM-000147,team_size,(not recorded),"6 respondent(s) did not answer the optional 'team_size' question, so they belong to no subgroup and cannot enter this comparison",6
unassigned,CLM-000115,team_size,(not recorded),"6 respondent(s) did not answer the optional 'team_size' question, so they belong to no subgroup and cannot enter this comparison",5
unassigned,CLM-000224,team_size,(not recorded),"6 respondent(s) did not answer the optional 'team_size' question, so they belong to no subgroup and cannot enter this comparison",4
unassigned,CLM-000470,team_size,(not recorded),"6 respondent(s) did not answer the optional 'team_size' question, so they belong to no subgroup and cannot enter this comparison",5
unassigned,CLM-000015,team_size,(not recorded),"6 respondent(s) did not answer the optional 'team_size' question, so they belong to no subgroup and cannot enter this comparison",5
unassigned,CLM-000223,team_size,(not recorded),"6 respondent(s) did not answer the optional 'team_size' question, so they belong to no subgroup and cannot enter this comparison",5
unassigned,CLM-000045,team_size,(not recorded),"6 respondent(s) did not answer the optional 'team_size' question, so they belong to no subgroup and cannot enter this comparison",5
unassigned,CLM-000087,team_size,(not recorded),"6 respondent(s) did not answer the optional 'team_size' question, so they belong to no subgroup and cannot enter this comparison",5
unassigned,CLM-000178,team_size,(not recorded),"6 respondent(s) did not answer the optional 'team_size' question, so they belong to no subgroup and cannot enter this comparison",4
unassigned,CLM-000269,team_size,(not recorded),"6 respondent(s) did not answer the optional 'team_size' question, so they belong to no subgroup and cannot enter this comparison",6
unassigned,CLM-000238,team_size,(not recorded),"6 respondent(s) did not answer the optional 'team_size' question, so they belong to no subgroup and cannot enter this comparison",4
unassigned,CLM-000361,team_size,(not recorded),"6 respondent(s) did not answer the optional 'team_size' question, so they belong to no subgroup and cannot enter this comparison",2
unassigned,CLM-000450,team_size,(not recorded),"6 respondent(s) did not answer the optional 'team_size' question, so they belong to no subgroup and cannot enter this comparison",4
unassigned,CLM-000142,team_size,(not recorded),"6 respondent(s) did not answer the optional 'team_size' question, so they belong to no subgroup and cannot enter this comparison",6
unassigned,CLM-000496,team_size,(not recorded),"6 respondent(s) did not answer the optional 'team_size' question, so they belong to no subgroup and cannot enter this comparison",4
unassigned,CLM-000169,team_size,(not recorded),"6 respondent(s) did not answer the optional 'team_size' question, so they belong to no subgroup and cannot enter this comparison",5
unassigned,CLM-000036,team_size,(not recorded),"6 respondent(s) did not answer the optional 'team_size' question, so they belong to no subgroup and cannot enter this comparison",3
unassigned,CLM-000210,team_size,(not recorded),"6 respondent(s) did not answer the optional 'team_size' question, so they belong to no subgroup and cannot enter this comparison",5
unassigned,CLM-000581,team_size,(not recorded),"6 respondent(s) did not answer the optional 'team_size' question, so they belong to no subgroup and cannot enter this comparison",4
unassigned,CLM-000242,team_size,(not recorded),"6 respondent(s) did not answer the optional 'team_size' question, so they belong to no subgroup and cannot enter this comparison",6
unassigned,CLM-000199,team_size,(not recorded),"6 respondent(s) did not answer the optional 'team_size' question, so they belong to no subgroup and cannot enter this comparison",6
unassigned,CLM-000007,team_size,(not recorded),"6 respondent(s) did not answer the optional 'team_size' question, so they belong to no subgroup and cannot enter this comparison",2
unassigned,CLM-000486,team_size,(not recorded),"6 respondent(s) did not answer the optional 'team_size' question, so they belong to no subgroup and cannot enter this comparison",5
unassigned,CLM-000109,team_size,(not recorded),"6 respondent(s) did not answer the optional 'team_size' question, so they belong to no subgroup and cannot enter this comparison",6
unassigned,CLM-000190,team_size,(not recorded),"6 respondent(s) did not answer the optional 'team_size' question, so they belong to no subgroup and cannot enter this comparison",3
unassigned,CLM-000374,team_size,(not recorded),"6 respondent(s) did not answer the optional 'team_size' question, so they belong to no subgroup and cannot enter this comparison",2
unassigned,CLM-000122,team_size,(not recorded),"6 respondent(s) did not answer the optional 'team_size' question, so they belong to no subgroup and cannot enter this comparison",5
unassigned,CLM-000097,team_size,(not recorded),"6 respondent(s) did not answer the optional 'team_size' question, so they belong to no subgroup and cannot enter this comparison",5
unassigned,CLM-000201,team_size,(not recorded),"6 respondent(s) did not answer the optional 'team_size' question, so they belong to no subgroup and cannot enter this comparison",5
unassigned,CLM-000180,team_size,(not recorded),"6 respondent(s) did not answer the optional 'team_size' question, so they belong to no subgroup and cannot enter this comparison",4
unassigned,CLM-000502,team_size,(not recorded),"6 respondent(s) did not answer the optional 'team_size' question, so they belong to no subgroup and cannot enter this comparison",5
unassigned,CLM-000129,team_size,(not recorded),"6 respondent(s) did not answer the optional 'team_size' question, so they belong to no subgroup and cannot enter this comparison",5
unassigned,CLM-000032,team_size,(not recorded),"6 respondent(s) did not answer the optional 'team_size' question, so they belong to no subgroup and cannot enter this comparison",4
subgroup,CLM-000062,industry,Gaming,"only 8 valid (non-IDK) answers, below min_subgroup_size=10",8
unassigned,CLM-000062,industry,(not recorded),"2 respondent(s) did not answer the optional 'industry' question, so they belong to no subgroup and cannot enter this comparison",2
unassigned,CLM-000179,industry,(not recorded),"2 respondent(s) did not answer the optional 'industry' question, so they belong to no subgroup and cannot enter this comparison",2
unassigned,CLM-000028,industry,(not recorded),"2 respondent(s) did not answer the optional 'industry' question, so they belong to no subgroup and cannot enter this comparison",2
unassigned,CLM-000204,industry,(not recorded),"2 respondent(s) did not answer the optional 'industry' question, so they belong to no subgroup and cannot enter this comparison",2
unassigned,CLM-000086,industry,(not recorded),"2 respondent(s) did not answer the optional 'industry' question, so they belong to no subgroup and cannot enter this comparison",2
unassigned,CLM-000131,industry,(not recorded),"2 respondent(s) did not answer the optional 'industry' question, so they belong to no subgroup and cannot enter this comparison",2
unassigned,CLM-000337,industry,(not recorded),"2 respondent(s) did not answer the optional 'industry' question, so they belong to no subgroup and cannot enter this comparison",2
unassigned,CLM-000101,industry,(not recorded),"2 respondent(s) did not answer the optional 'industry' question, so they belong to no subgroup and cannot enter this comparison",2
unassigned,CLM-000059,industry,(not recorded),"2 respondent(s) did not answer the optional 'industry' question, so they belong to no subgroup and cannot enter this comparison",2
unassigned,CLM-000329,industry,(not recorded),"2 respondent(s) did not answer the optional 'industry' question, so they belong to no subgroup and cannot enter this comparison",2
unassigned,CLM-000060,industry,(not recorded),"2 respondent(s) did not answer the optional 'industry' question, so they belong to no subgroup and cannot enter this comparison",2
unassigned,CLM-000073,industry,(not recorded),"2 respondent(s) did not answer the optional 'industry' question, so they belong to no subgroup and cannot enter this comparison",2
subgroup,CLM-000194,industry,Gaming,"only 8 valid (non-IDK) answers, below min_subgroup_size=10",8
unassigned,CLM-000194,industry,(not recorded),"2 respondent(s) did not answer the optional 'industry' question, so they belong to no subgroup and cannot enter this comparison",1
unassigned,CLM-000026,industry,(not recorded),"2 respondent(s) did not answer the optional 'industry' question, so they belong to no subgroup and cannot enter this comparison",2
unassigned,CLM-000085,industry,(not recorded),"2 respondent(s) did not answer the optional 'industry' question, so they belong to no subgroup and cannot enter this comparison",2
unassigned,CLM-000459,industry,(not recorded),"2 respondent(s) did not answer the optional 'industry' question, so they belong to no subgroup and cannot enter this comparison",2
subgroup,CLM-000100,industry,Gaming,"only 6 valid (non-IDK) answers, below min_subgroup_size=10",6
unassigned,CLM-000100,industry,(not recorded),"2 respondent(s) did not answer the optional 'industry' question, so they belong to no subgroup and cannot enter this comparison",1
unassigned,CLM-000147,industry,(not recorded),"2 respondent(s) did not answer the optional 'industry' question, so they belong to no subgroup and cannot enter this comparison",2
unassigned,CLM-000115,industry,(not recorded),"2 respondent(s) did not answer the optional 'industry' question, so they belong to no subgroup and cannot enter this comparison",1
subgroup,CLM-000224,industry,Gaming,"only 9 valid (non-IDK) answers, below min_subgroup_size=10",9
unassigned,CLM-000224,industry,(not recorded),"2 respondent(s) did not answer the optional 'industry' question, so they belong to no subgroup and cannot enter this comparison",1
unassigned,CLM-000470,industry,(not recorded),"2 respondent(s) did not answer the optional 'industry' question, so they belong to no subgroup and cannot enter this comparison",2
unassigned,CLM-000015,industry,(not recorded),"2 respondent(s) did not answer the optional 'industry' question, so they belong to no subgroup and cannot enter this comparison",2
unassigned,CLM-000223,industry,(not recorded),"2 respondent(s) did not answer the optional 'industry' question, so they belong to no subgroup and cannot enter this comparison",2
unassigned,CLM-000045,industry,(not recorded),"2 respondent(s) did not answer the optional 'industry' question, so they belong to no subgroup and cannot enter this comparison",2
subgroup,CLM-000087,industry,Gaming,"only 8 valid (non-IDK) answers, below min_subgroup_size=10",8
unassigned,CLM-000087,industry,(not recorded),"2 respondent(s) did not answer the optional 'industry' question, so they belong to no subgroup and cannot enter this comparison",2
subgroup,CLM-000178,industry,Gaming,"only 9 valid (non-IDK) answers, below min_subgroup_size=10",9
unassigned,CLM-000178,industry,(not recorded),"2 respondent(s) did not answer the optional 'industry' question, so they belong to no subgroup and cannot enter this comparison",2
unassigned,CLM-000269,industry,(not recorded),"2 respondent(s) did not answer the optional 'industry' question, so they belong to no subgroup and cannot enter this comparison",2
unassigned,CLM-000238,industry,(not recorded),"2 respondent(s) did not answer the optional 'industry' question, so they belong to no subgroup and cannot enter this comparison",2
subgroup,CLM-000361,industry,Gaming,"only 9 valid (non-IDK) answers, below min_subgroup_size=10",9
subgroup,CLM-000361,industry,Telecom,"only 7 valid (non-IDK) answers, below min_subgroup_size=10",7
unassigned,CLM-000361,industry,(not recorded),"2 respondent(s) did not answer the optional 'industry' question, so they belong to no subgroup and cannot enter this comparison",1
unassigned,CLM-000450,industry,(not recorded),"2 respondent(s) did not answer the optional 'industry' question, so they belong to no subgroup and cannot enter this comparison",2
unassigned,CLM-000142,industry,(not recorded),"2 respondent(s) did not answer the optional 'industry' question, so they belong to no subgroup and cannot enter this comparison",2
unassigned,CLM-000496,industry,(not recorded),"2 respondent(s) did not answer the optional 'industry' question, so they belong to no subgroup and cannot enter this comparison",2
unassigned,CLM-000169,industry,(not recorded),"2 respondent(s) did not answer the optional 'industry' question, so they belong to no subgroup and cannot enter this comparison",2
subgroup,CLM-000036,industry,Gaming,"only 9 valid (non-IDK) answers, below min_subgroup_size=10",9
unassigned,CLM-000036,industry,(not recorded),"2 respondent(s) did not answer the optional 'industry' question, so they belong to no subgroup and cannot enter this comparison",0
unassigned,CLM-000210,industry,(not recorded),"2 respondent(s) did not answer the optional 'industry' question, so they belong to no subgroup and cannot enter this comparison",2
unassigned,CLM-000581,industry,(not recorded),"2 respondent(s) did not answer the optional 'industry' question, so they belong to no subgroup and cannot enter this comparison",2
unassigned,CLM-000242,industry,(not recorded),"2 respondent(s) did not answer the optional 'industry' question, so they belong to no subgroup and cannot enter this comparison",2
unassigned,CLM-000199,industry,(not recorded),"2 respondent(s) did not answer the optional 'industry' question, so they belong to no subgroup and cannot enter this comparison",2
unassigned,CLM-000007,industry,(not recorded),"2 respondent(s) did not answer the optional 'industry' question, so they belong to no subgroup and cannot enter this comparison",1
subgroup,CLM-000486,industry,Gaming,"only 8 valid (non-IDK) answers, below min_subgroup_size=10",8
unassigned,CLM-000486,industry,(not recorded),"2 respondent(s) did not answer the optional 'industry' question, so they belong to no subgroup and cannot enter this comparison",2
unassigned,CLM-000109,industry,(not recorded),"2 respondent(s) did not answer the optional 'industry' question, so they belong to no subgroup and cannot enter this comparison",2
unassigned,CLM-000190,industry,(not recorded),"2 respondent(s) did not answer the optional 'industry' question, so they belong to no subgroup and cannot enter this comparison",1
subgroup,CLM-000374,industry,Gaming,"only 8 valid (non-IDK) answers, below min_subgroup_size=10",8
subgroup,CLM-000374,industry,Healthcare,"only 6 valid (non-IDK) answers, below min_subgroup_size=10",6
subgroup,CLM-000374,industry,Telecom,"only 7 valid (non-IDK) answers, below min_subgroup_size=10",7
unassigned,CLM-000374,industry,(not recorded),"2 respondent(s) did not answer the optional 'industry' question, so they belong to no subgroup and cannot enter this comparison",1
unassigned,CLM-000122,industry,(not recorded),"2 respondent(s) did not answer the optional 'industry' question, so they belong to no subgroup and cannot enter this comparison",2
unassigned,CLM-000097,industry,(not recorded),"2 respondent(s) did not answer the optional 'industry' question, so they belong to no subgroup and cannot enter this comparison",2
unassigned,CLM-000201,industry,(not recorded),"2 respondent(s) did not answer the optional 'industry' question, so they belong to no subgroup and cannot enter this comparison",2
unassigned,CLM-000180,industry,(not recorded),"2 respondent(s) did not answer the optional 'industry' question, so they belong to no subgroup and cannot enter this comparison",2
unassigned,CLM-000502,industry,(not recorded),"2 respondent(s) did not answer the optional 'industry' question, so they belong to no subgroup and cannot enter this comparison",2
unassigned,CLM-000129,industry,(not recorded),"2 respondent(s) did not answer the optional 'industry' question, so they belong to no subgroup and cannot enter this comparison",2
subgroup,CLM-000032,industry,Gaming,"only 8 valid (non-IDK) answers, below min_subgroup_size=10",8
unassigned,CLM-000032,industry,(not recorded),"2 respondent(s) did not answer the optional 'industry' question, so they belong to no subgroup and cannot enter this comparison",2
unassigned,CLM-000062,company_size,(not recorded),"13 respondent(s) did not answer the optional 'company_size' question, so they belong to no subgroup and cannot enter this comparison",10
unassigned,CLM-000179,company_size,(not recorded),"13 respondent(s) did not answer the optional 'company_size' question, so they belong to no subgroup and cannot enter this comparison",12
unassigned,CLM-000028,company_size,(not recorded),"13 respondent(s) did not answer the optional 'company_size' question, so they belong to no subgroup and cannot enter this comparison",13
unassigned,CLM-000204,company_size,(not recorded),"13 respondent(s) did not answer the optional 'company_size' question, so they belong to no subgroup and cannot enter this comparison",11
unassigned,CLM-000086,company_size,(not recorded),"13 respondent(s) did not answer the optional 'company_size' question, so they belong to no subgroup and cannot enter this comparison",11
unassigned,CLM-000131,company_size,(not recorded),"13 respondent(s) did not answer the optional 'company_size' question, so they belong to no subgroup and cannot enter this comparison",11
unassigned,CLM-000337,company_size,(not recorded),"13 respondent(s) did not answer the optional 'company_size' question, so they belong to no subgroup and cannot enter this comparison",9
unassigned,CLM-000101,company_size,(not recorded),"13 respondent(s) did not answer the optional 'company_size' question, so they belong to no subgroup and cannot enter this comparison",10
unassigned,CLM-000059,company_size,(not recorded),"13 respondent(s) did not answer the optional 'company_size' question, so they belong to no subgroup and cannot enter this comparison",13
unassigned,CLM-000329,company_size,(not recorded),"13 respondent(s) did not answer the optional 'company_size' question, so they belong to no subgroup and cannot enter this comparison",12
unassigned,CLM-000060,company_size,(not recorded),"13 respondent(s) did not answer the optional 'company_size' question, so they belong to no subgroup and cannot enter this comparison",13
unassigned,CLM-000073,company_size,(not recorded),"13 respondent(s) did not answer the optional 'company_size' question, so they belong to no subgroup and cannot enter this comparison",10
unassigned,CLM-000194,company_size,(not recorded),"13 respondent(s) did not answer the optional 'company_size' question, so they belong to no subgroup and cannot enter this comparison",4
unassigned,CLM-000026,company_size,(not recorded),"13 respondent(s) did not answer the optional 'company_size' question, so they belong to no subgroup and cannot enter this comparison",11
unassigned,CLM-000085,company_size,(not recorded),"13 respondent(s) did not answer the optional 'company_size' question, so they belong to no subgroup and cannot enter this comparison",12
unassigned,CLM-000459,company_size,(not recorded),"13 respondent(s) did not answer the optional 'company_size' question, so they belong to no subgroup and cannot enter this comparison",4
unassigned,CLM-000100,company_size,(not recorded),"13 respondent(s) did not answer the optional 'company_size' question, so they belong to no subgroup and cannot enter this comparison",5
unassigned,CLM-000147,company_size,(not recorded),"13 respondent(s) did not answer the optional 'company_size' question, so they belong to no subgroup and cannot enter this comparison",12
unassigned,CLM-000115,company_size,(not recorded),"13 respondent(s) did not answer the optional 'company_size' question, so they belong to no subgroup and cannot enter this comparison",10
unassigned,CLM-000224,company_size,(not recorded),"13 respondent(s) did not answer the optional 'company_size' question, so they belong to no subgroup and cannot enter this comparison",8
unassigned,CLM-000470,company_size,(not recorded),"13 respondent(s) did not answer the optional 'company_size' question, so they belong to no subgroup and cannot enter this comparison",7
unassigned,CLM-000015,company_size,(not recorded),"13 respondent(s) did not answer the optional 'company_size' question, so they belong to no subgroup and cannot enter this comparison",8
unassigned,CLM-000223,company_size,(not recorded),"13 respondent(s) did not answer the optional 'company_size' question, so they belong to no subgroup and cannot enter this comparison",13
unassigned,CLM-000045,company_size,(not recorded),"13 respondent(s) did not answer the optional 'company_size' question, so they belong to no subgroup and cannot enter this comparison",11
unassigned,CLM-000087,company_size,(not recorded),"13 respondent(s) did not answer the optional 'company_size' question, so they belong to no subgroup and cannot enter this comparison",12
unassigned,CLM-000178,company_size,(not recorded),"13 respondent(s) did not answer the optional 'company_size' question, so they belong to no subgroup and cannot enter this comparison",8
unassigned,CLM-000269,company_size,(not recorded),"13 respondent(s) did not answer the optional 'company_size' question, so they belong to no subgroup and cannot enter this comparison",13
unassigned,CLM-000238,company_size,(not recorded),"13 respondent(s) did not answer the optional 'company_size' question, so they belong to no subgroup and cannot enter this comparison",7
unassigned,CLM-000361,company_size,(not recorded),"13 respondent(s) did not answer the optional 'company_size' question, so they belong to no subgroup and cannot enter this comparison",3
unassigned,CLM-000450,company_size,(not recorded),"13 respondent(s) did not answer the optional 'company_size' question, so they belong to no subgroup and cannot enter this comparison",8
unassigned,CLM-000142,company_size,(not recorded),"13 respondent(s) did not answer the optional 'company_size' question, so they belong to no subgroup and cannot enter this comparison",13
unassigned,CLM-000496,company_size,(not recorded),"13 respondent(s) did not answer the optional 'company_size' question, so they belong to no subgroup and cannot enter this comparison",9
unassigned,CLM-000169,company_size,(not recorded),"13 respondent(s) did not answer the optional 'company_size' question, so they belong to no subgroup and cannot enter this comparison",10
unassigned,CLM-000036,company_size,(not recorded),"13 respondent(s) did not answer the optional 'company_size' question, so they belong to no subgroup and cannot enter this comparison",7
unassigned,CLM-000210,company_size,(not recorded),"13 respondent(s) did not answer the optional 'company_size' question, so they belong to no subgroup and cannot enter this comparison",9
unassigned,CLM-000581,company_size,(not recorded),"13 respondent(s) did not answer the optional 'company_size' question, so they belong to no subgroup and cannot enter this comparison",10
unassigned,CLM-000242,company_size,(not recorded),"13 respondent(s) did not answer the optional 'company_size' question, so they belong to no subgroup and cannot enter this comparison",13
unassigned,CLM-000199,company_size,(not recorded),"13 respondent(s) did not answer the optional 'company_size' question, so they belong to no subgroup and cannot enter this comparison",13
unassigned,CLM-000007,company_size,(not recorded),"13 respondent(s) did not answer the optional 'company_size' question, so they belong to no subgroup and cannot enter this comparison",9
unassigned,CLM-000486,company_size,(not recorded),"13 respondent(s) did not answer the optional 'company_size' question, so they belong to no subgroup and cannot enter this comparison",8
unassigned,CLM-000109,company_size,(not recorded),"13 respondent(s) did not answer the optional 'company_size' question, so they belong to no subgroup and cannot enter this comparison",12
unassigned,CLM-000190,company_size,(not recorded),"13 respondent(s) did not answer the optional 'company_size' question, so they belong to no subgroup and cannot enter this comparison",9
unassigned,CLM-000374,company_size,(not recorded),"13 respondent(s) did not answer the optional 'company_size' question, so they belong to no subgroup and cannot enter this comparison",5
unassigned,CLM-000122,company_size,(not recorded),"13 respondent(s) did not answer the optional 'company_size' question, so they belong to no subgroup and cannot enter this comparison",10
unassigned,CLM-000097,company_size,(not recorded),"13 respondent(s) did not answer the optional 'company_size' question, so they belong to no subgroup and cannot enter this comparison",12
unassigned,CLM-000201,company_size,(not recorded),"13 respondent(s) did not answer the optional 'company_size' question, so they belong to no subgroup and cannot enter this comparison",12
unassigned,CLM-000180,company_size,(not recorded),"13 respondent(s) did not answer the optional 'company_size' question, so they belong to no subgroup and cannot enter this comparison",10
unassigned,CLM-000502,company_size,(not recorded),"13 respondent(s) did not answer the optional 'company_size' question, so they belong to no subgroup and cannot enter this comparison",12
unassigned,CLM-000129,company_size,(not recorded),"13 respondent(s) did not answer the optional 'company_size' question, so they belong to no subgroup and cannot enter this comparison",11
unassigned,CLM-000032,company_size,(not recorded),"13 respondent(s) did not answer the optional 'company_size' question, so they belong to no subgroup and cannot enter this comparison",8
subgroup,CLM-000062,country,Albania,"only 0 valid (non-IDK) answers, below min_subgroup_size=10",0
subgroup,CLM-000062,country,Austria,"only 8 valid (non-IDK) answers, below min_subgroup_size=10",8
subgroup,CLM-000062,country,Azerbaijan,"only 0 valid (non-IDK) answers, below min_subgroup_size=10",0
subgroup,CLM-000062,country,Belgium,"only 3 valid (non-IDK) answers, below min_subgroup_size=10",3
subgroup,CLM-000062,country,Brazil,"only 3 valid (non-IDK) answers, below min_subgroup_size=10",3
subgroup,CLM-000062,country,China,"only 1 valid (non-IDK) answers, below min_subgroup_size=10",1
subgroup,CLM-000062,country,Colombia,"only 1 valid (non-IDK) answers, below min_subgroup_size=10",1
subgroup,CLM-000062,country,Czech Republic,"only 2 valid (non-IDK) answers, below min_subgroup_size=10",2
subgroup,CLM-000062,country,Denmark,"only 5 valid (non-IDK) answers, below min_subgroup_size=10",5
subgroup,CLM-000062,country,Finland,"only 8 valid (non-IDK) answers, below min_subgroup_size=10",8
subgroup,CLM-000062,country,Greece,"only 1 valid (non-IDK) answers, below min_subgroup_size=10",1
subgroup,CLM-000062,country,Hungary,"only 1 valid (non-IDK) answers, below min_subgroup_size=10",1
subgroup,CLM-000062,country,India,"only 2 valid (non-IDK) answers, below min_subgroup_size=10",2
subgroup,CLM-000062,country,Iran,"only 1 valid (non-IDK) answers, below min_subgroup_size=10",1
subgroup,CLM-000062,country,Ireland,"only 3 valid (non-IDK) answers, below min_subgroup_size=10",3
subgroup,CLM-000062,country,Israel,"only 1 valid (non-IDK) answers, below min_subgroup_size=10",1
subgroup,CLM-000062,country,Italy,"only 3 valid (non-IDK) answers, below min_subgroup_size=10",3
subgroup,CLM-000062,country,Jordan,"only 1 valid (non-IDK) answers, below min_subgroup_size=10",1
subgroup,CLM-000062,country,Latvia,"only 1 valid (non-IDK) answers, below min_subgroup_size=10",1
subgroup,CLM-000062,country,Lithuania,"only 1 valid (non-IDK) answers, below min_subgroup_size=10",1
subgroup,CLM-000062,country,Mexico,"only 1 valid (non-IDK) answers, below min_subgroup_size=10",1
subgroup,CLM-000062,country,New Zealand,"only 5 valid (non-IDK) answers, below min_subgroup_size=10",5
subgroup,CLM-000062,country,Norway,"only 3 valid (non-IDK) answers, below min_subgroup_size=10",3
subgroup,CLM-000062,country,Other / Prefer not to say,"only 8 valid (non-IDK) answers, below min_subgroup_size=10",8
subgroup,CLM-000062,country,Poland,"only 2 valid (non-IDK) answers, below min_subgroup_size=10",2
subgroup,CLM-000062,country,Portugal,"only 0 valid (non-IDK) answers, below min_subgroup_size=10",0
subgroup,CLM-000062,country,Russia,"only 1 valid (non-IDK) answers, below min_subgroup_size=10",1
subgroup,CLM-000062,country,Singapore,"only 1 valid (non-IDK) answers, below min_subgroup_size=10",1
subgroup,CLM-000062,country,South Africa,"only 2 valid (non-IDK) answers, below min_subgroup_size=10",2
subgroup,CLM-000062,country,Spain,"only 3 valid (non-IDK) answers, below min_subgroup_size=10",3
subgroup,CLM-000062,country,Switzerland,"only 6 valid (non-IDK) answers, below min_subgroup_size=10",6
subgroup,CLM-000062,country,Thailand,"only 0 valid (non-IDK) answers, below min_subgroup_size=10",0
subgroup,CLM-000062,country,Uruguay,"only 1 valid (non-IDK) answers, below min_subgroup_size=10",1
unassigned,CLM-000062,country,(not recorded),"56 respondent(s) did not answer the optional 'country' question, so they belong to no subgroup and cannot enter this comparison",37
subgroup,CLM-000179,country,Albania,"only 1 valid (non-IDK) answers, below min_subgroup_size=10",1
subgroup,CLM-000179,country,Austria,"only 8 valid (non-IDK) answers, below min_subgroup_size=10",8
subgroup,CLM-000179,country,Azerbaijan,"only 1 valid (non-IDK) answers, below min_subgroup_size=10",1
subgroup,CLM-000179,country,Belgium,"only 5 valid (non-IDK) answers, below min_subgroup_size=10",5
subgroup,CLM-000179,country,Brazil,"only 3 valid (non-IDK) answers, below min_subgroup_size=10",3
subgroup,CLM-000179,country,China,"only 1 valid (non-IDK) answers, below min_subgroup_size=10",1
subgroup,CLM-000179,country,Colombia,"only 1 valid (non-IDK) answers, below min_subgroup_size=10",1
subgroup,CLM-000179,country,Czech Republic,"only 2 valid (non-IDK) answers, below min_subgroup_size=10",2
subgroup,CLM-000179,country,Denmark,"only 6 valid (non-IDK) answers, below min_subgroup_size=10",6
subgroup,CLM-000179,country,Finland,"only 9 valid (non-IDK) answers, below min_subgroup_size=10",9
subgroup,CLM-000179,country,Greece,"only 1 valid (non-IDK) answers, below min_subgroup_size=10",1
subgroup,CLM-000179,country,Hungary,"only 1 valid (non-IDK) answers, below min_subgroup_size=10",1
subgroup,CLM-000179,country,India,"only 2 valid (non-IDK) answers, below min_subgroup_size=10",2
subgroup,CLM-000179,country,Iran,"only 1 valid (non-IDK) answers, below min_subgroup_size=10",1
subgroup,CLM-000179,country,Ireland,"only 3 valid (non-IDK) answers, below min_subgroup_size=10",3
subgroup,CLM-000179,country,Israel,"only 2 valid (non-IDK) answers, below min_subgroup_size=10",2
subgroup,CLM-000179,country,Italy,"only 4 valid (non-IDK) answers, below min_subgroup_size=10",4
subgroup,CLM-000179,country,Jordan,"only 1 valid (non-IDK) answers, below min_subgroup_size=10",1
subgroup,CLM-000179,country,Latvia,"only 1 valid (non-IDK) answers, below min_subgroup_size=10",1
subgroup,CLM-000179,country,Lithuania,"only 1 valid (non-IDK) answers, below min_subgroup_size=10",1
subgroup,CLM-000179,country,Mexico,"only 1 valid (non-IDK) answers, below min_subgroup_size=10",1
subgroup,CLM-000179,country,New Zealand,"only 7 valid (non-IDK) answers, below min_subgroup_size=10",7
subgroup,CLM-000179,country,Norway,"only 5 valid (non-IDK) answers, below min_subgroup_size=10",5
subgroup,CLM-000179,country,Poland,"only 4 valid (non-IDK) answers, below min_subgroup_size=10",4
subgroup,CLM-000179,country,Portugal,"only 1 valid (non-IDK) answers, below min_subgroup_size=10",1
subgroup,CLM-000179,country,Russia,"only 1 valid (non-IDK) answers, below min_subgroup_size=10",1
subgroup,CLM-000179,country,Singapore,"only 1 valid (non-IDK) answers, below min_subgroup_size=10",1
subgroup,CLM-000179,country,South Africa,"only 3 valid (non-IDK) answers, below min_subgroup_size=10",3
subgroup,CLM-000179,country,Spain,"only 4 valid (non-IDK) answers, below min_subgroup_size=10",4
subgroup,CLM-000179,country,Switzerland,"only 6 valid (non-IDK) answers, below min_subgroup_size=10",6
subgroup,CLM-000179,country,Thailand,"only 1 valid (non-IDK) answers, below min_subgroup_size=10",1
subgroup,CLM-000179,country,Uruguay,"only 1 valid (non-IDK) answers, below min_subgroup_size=10",1
unassigned,CLM-000179,country,(not recorded),"56 respondent(s) did not answer the optional 'country' question, so they belong to no subgroup and cannot enter this comparison",51
subgroup,CLM-000028,country,Albania,"only 0 valid (non-IDK) answers, below min_subgroup_size=10",0
subgroup,CLM-000028,country,Azerbaijan,"only 1 valid (non-IDK) answers, below min_subgroup_size=10",1
subgroup,CLM-000028,country,Belgium,"only 4 valid (non-IDK) answers, below min_subgroup_size=10",4
subgroup,CLM-000028,country,Brazil,"only 3 valid (non-IDK) answers, below min_subgroup_size=10",3
subgroup,CLM-000028,country,China,"only 1 valid (non-IDK) answers, below min_subgroup_size=10",1
subgroup,CLM-000028,country,Colombia,"only 1 valid (non-IDK) answers, below min_subgroup_size=10",1
subgroup,CLM-000028,country,Czech Republic,"only 2 valid (non-IDK) answers, below min_subgroup_size=10",2
subgroup,CLM-000028,country,Denmark,"only 6 valid (non-IDK) answers, below min_subgroup_size=10",6
subgroup,CLM-000028,country,Greece,"only 1 valid (non-IDK) answers, below min_subgroup_size=10",1
subgroup,CLM-000028,country,Hungary,"only 1 valid (non-IDK) answers, below min_subgroup_size=10",1
subgroup,CLM-000028,country,India,"only 3 valid (non-IDK) answers, below min_subgroup_size=10",3
subgroup,CLM-000028,country,Iran,"only 1 valid (non-IDK) answers, below min_subgroup_size=10",1
subgroup,CLM-000028,country,Ireland,"only 5 valid (non-IDK) answers, below min_subgroup_size=10",5
subgroup,CLM-000028,country,Israel,"only 2 valid (non-IDK) answers, below min_subgroup_size=10",2
subgroup,CLM-000028,country,Italy,"only 4 valid (non-IDK) answers, below min_subgroup_size=10",4
subgroup,CLM-000028,country,Jordan,"only 1 valid (non-IDK) answers, below min_subgroup_size=10",1
subgroup,CLM-000028,country,Latvia,"only 1 valid (non-IDK) answers, below min_subgroup_size=10",1
subgroup,CLM-000028,country,Lithuania,"only 1 valid (non-IDK) answers, below min_subgroup_size=10",1
subgroup,CLM-000028,country,Mexico,"only 1 valid (non-IDK) answers, below min_subgroup_size=10",1
subgroup,CLM-000028,country,New Zealand,"only 7 valid (non-IDK) answers, below min_subgroup_size=10",7
subgroup,CLM-000028,country,Norway,"only 5 valid (non-IDK) answers, below min_subgroup_size=10",5
subgroup,CLM-000028,country,Poland,"only 4 valid (non-IDK) answers, below min_subgroup_size=10",4
subgroup,CLM-000028,country,Portugal,"only 1 valid (non-IDK) answers, below min_subgroup_size=10",1
subgroup,CLM-000028,country,Russia,"only 1 valid (non-IDK) answers, below min_subgroup_size=10",1
subgroup,CLM-000028,country,Singapore,"only 1 valid (non-IDK) answers, below min_subgroup_size=10",1
subgroup,CLM-000028,country,South Africa,"only 3 valid (non-IDK) answers, below min_subgroup_size=10",3
subgroup,CLM-000028,country,Spain,"only 5 valid (non-IDK) answers, below min_subgroup_size=10",5
subgroup,CLM-000028,country,Switzerland,"only 7 valid (non-IDK) answers, below min_subgroup_size=10",7
subgroup,CLM-000028,country,Thailand,"only 1 valid (non-IDK) answers, below min_subgroup_size=10",1
subgroup,CLM-000028,country,Uruguay,"only 1 valid (non-IDK) answers, below min_subgroup_size=10",1
unassigned,CLM-000028,country,(not recorded),"56 respondent(s) did not answer the optional 'country' question, so they belong to no subgroup and cannot enter this comparison",56
subgroup,CLM-000204,country,Albania,"only 1 valid (non-IDK) answers, below min_subgroup_size=10",1
subgroup,CLM-000204,country,Azerbaijan,"only 0 valid (non-IDK) answers, below min_subgroup_size=10",0
subgroup,CLM-000204,country,Belgium,"only 5 valid (non-IDK) answers, below min_subgroup_size=10",5
subgroup,CLM-000204,country,Brazil,"only 3 valid (non-IDK) answers, below min_subgroup_size=10",3
subgroup,CLM-000204,country,China,"only 1 valid (non-IDK) answers, below min_subgroup_size=10",1
subgroup,CLM-000204,country,Colombia,"only 1 valid (non-IDK) answers, below min_subgroup_size=10",1
subgroup,CLM-000204,country,Czech Republic,"only 2 valid (non-IDK) answers, below min_subgroup_size=10",2
subgroup,CLM-000204,country,Denmark,"only 6 valid (non-IDK) answers, below min_subgroup_size=10",6
subgroup,CLM-000204,country,Finland,"only 9 valid (non-IDK) answers, below min_subgroup_size=10",9
subgroup,CLM-000204,country,Greece,"only 1 valid (non-IDK) answers, below min_subgroup_size=10",1
subgroup,CLM-000204,country,Hungary,"only 1 valid (non-IDK) answers, below min_subgroup_size=10",1
subgroup,CLM-000204,country,India,"only 3 valid (non-IDK) answers, below min_subgroup_size=10",3
subgroup,CLM-000204,country,Iran,"only 1 valid (non-IDK) answers, below min_subgroup_size=10",1
subgroup,CLM-000204,country,Ireland,"only 4 valid (non-IDK) answers, below min_subgroup_size=10",4
subgroup,CLM-000204,country,Israel,"only 1 valid (non-IDK) answers, below min_subgroup_size=10",1
subgroup,CLM-000204,country,Italy,"only 4 valid (non-IDK) answers, below min_subgroup_size=10",4
subgroup,CLM-000204,country,Jordan,"only 1 valid (non-IDK) answers, below min_subgroup_size=10",1
subgroup,CLM-000204,country,Latvia,"only 1 valid (non-IDK) answers, below min_subgroup_size=10",1
subgroup,CLM-000204,country,Lithuania,"only 1 valid (non-IDK) answers, below min_subgroup_size=10",1
subgroup,CLM-000204,country,Mexico,"only 1 valid (non-IDK) answers, below min_subgroup_size=10",1
subgroup,CLM-000204,country,New Zealand,"only 7 valid (non-IDK) answers, below min_subgroup_size=10",7
subgroup,CLM-000204,country,Norway,"only 5 valid (non-IDK) answers, below min_subgroup_size=10",5
subgroup,CLM-000204,country,Other / Prefer not to say,"only 9 valid (non-IDK) answers, below min_subgroup_size=10",9
subgroup,CLM-000204,country,Poland,"only 4 valid (non-IDK) answers, below min_subgroup_size=10",4
subgroup,CLM-000204,country,Portugal,"only 1 valid (non-IDK) answers, below min_subgroup_size=10",1
subgroup,CLM-000204,country,Russia,"only 1 valid (non-IDK) answers, below min_subgroup_size=10",1
subgroup,CLM-000204,country,Singapore,"only 1 valid (non-IDK) answers, below min_subgroup_size=10",1
subgroup,CLM-000204,country,South Africa,"only 3 valid (non-IDK) answers, below min_subgroup_size=10",3
subgroup,CLM-000204,country,Spain,"only 5 valid (non-IDK) answers, below min_subgroup_size=10",5
subgroup,CLM-000204,country,Switzerland,"only 7 valid (non-IDK) answers, below min_subgroup_size=10",7
subgroup,CLM-000204,country,Thailand,"only 1 valid (non-IDK) answers, below min_subgroup_size=10",1
subgroup,CLM-000204,country,Uruguay,"only 1 valid (non-IDK) answers, below min_subgroup_size=10",1
unassigned,CLM-000204,country,(not recorded),"56 respondent(s) did not answer the optional 'country' question, so they belong to no subgroup and cannot enter this comparison",54
subgroup,CLM-000086,country,Albania,"only 1 valid (non-IDK) answers, below min_subgroup_size=10",1
subgroup,CLM-000086,country,Austria,"only 9 valid (non-IDK) answers, below min_subgroup_size=10",9
subgroup,CLM-000086,country,Azerbaijan,"only 1 valid (non-IDK) answers, below min_subgroup_size=10",1
subgroup,CLM-000086,country,Belgium,"only 5 valid (non-IDK) answers, below min_subgroup_size=10",5
subgroup,CLM-000086,country,Brazil,"only 3 valid (non-IDK) answers, below min_subgroup_size=10",3
subgroup,CLM-000086,country,China,"only 1 valid (non-IDK) answers, below min_subgroup_size=10",1
subgroup,CLM-000086,country,Colombia,"only 1 valid (non-IDK) answers, below min_subgroup_size=10",1
subgroup,CLM-000086,country,Czech Republic,"only 2 valid (non-IDK) answers, below min_subgroup_size=10",2
subgroup,CLM-000086,country,Denmark,"only 6 valid (non-IDK) answers, below min_subgroup_size=10",6
subgroup,CLM-000086,country,Greece,"only 1 valid (non-IDK) answers, below min_subgroup_size=10",1
subgroup,CLM-000086,country,Hungary,"only 1 valid (non-IDK) answers, below min_subgroup_size=10",1
subgroup,CLM-000086,country,India,"only 3 valid (non-IDK) answers, below min_subgroup_size=10",3
subgroup,CLM-000086,country,Iran,"only 1 valid (non-IDK) answers, below min_subgroup_size=10",1
subgroup,CLM-000086,country,Ireland,"only 5 valid (non-IDK) answers, below min_subgroup_size=10",5
subgroup,CLM-000086,country,Israel,"only 2 valid (non-IDK) answers, below min_subgroup_size=10",2
subgroup,CLM-000086,country,Italy,"only 4 valid (non-IDK) answers, below min_subgroup_size=10",4
subgroup,CLM-000086,country,Jordan,"only 1 valid (non-IDK) answers, below min_subgroup_size=10",1
subgroup,CLM-000086,country,Latvia,"only 1 valid (non-IDK) answers, below min_subgroup_size=10",1
subgroup,CLM-000086,country,Lithuania,"only 1 valid (non-IDK) answers, below min_subgroup_size=10",1
subgroup,CLM-000086,country,Mexico,"only 1 valid (non-IDK) answers, below min_subgroup_size=10",1
subgroup,CLM-000086,country,New Zealand,"only 7 valid (non-IDK) answers, below min_subgroup_size=10",7
subgroup,CLM-000086,country,Norway,"only 5 valid (non-IDK) answers, below min_subgroup_size=10",5
subgroup,CLM-000086,country,Poland,"only 4 valid (non-IDK) answers, below min_subgroup_size=10",4
subgroup,CLM-000086,country,Portugal,"only 1 valid (non-IDK) answers, below min_subgroup_size=10",1
subgroup,CLM-000086,country,Russia,"only 1 valid (non-IDK) answers, below min_subgroup_size=10",1
subgroup,CLM-000086,country,Singapore,"only 1 valid (non-IDK) answers, below min_subgroup_size=10",1
subgroup,CLM-000086,country,South Africa,"only 3 valid (non-IDK) answers, below min_subgroup_size=10",3
subgroup,CLM-000086,country,Spain,"only 5 valid (non-IDK) answers, below min_subgroup_size=10",5
subgroup,CLM-000086,country,Switzerland,"only 7 valid (non-IDK) answers, below min_subgroup_size=10",7
subgroup,CLM-000086,country,Thailand,"only 1 valid (non-IDK) answers, below min_subgroup_size=10",1
subgroup,CLM-000086,country,Uruguay,"only 1 valid (non-IDK) answers, below min_subgroup_size=10",1
unassigned,CLM-000086,country,(not recorded),"56 respondent(s) did not answer the optional 'country' question, so they belong to no subgroup and cannot enter this comparison",56
subgroup,CLM-000131,country,Albania,"only 0 valid (non-IDK) answers, below min_subgroup_size=10",0
subgroup,CLM-000131,country,Azerbaijan,"only 1 valid (non-IDK) answers, below min_subgroup_size=10",1
subgroup,CLM-000131,country,Belgium,"only 5 valid (non-IDK) answers, below min_subgroup_size=10",5
subgroup,CLM-000131,country,Brazil,"only 3 valid (non-IDK) answers, below min_subgroup_size=10",3
subgroup,CLM-000131,country,China,"only 1 valid (non-IDK) answers, below min_subgroup_size=10",1
subgroup,CLM-000131,country,Colombia,"only 1 valid (non-IDK) answers, below min_subgroup_size=10",1
subgroup,CLM-000131,country,Czech Republic,"only 2 valid (non-IDK) answers, below min_subgroup_size=10",2
subgroup,CLM-000131,country,Denmark,"only 6 valid (non-IDK) answers, below min_subgroup_size=10",6
subgroup,CLM-000131,country,Finland,"only 8 valid (non-IDK) answers, below min_subgroup_size=10",8
subgroup,CLM-000131,country,Greece,"only 1 valid (non-IDK) answers, below min_subgroup_size=10",1
subgroup,CLM-000131,country,Hungary,"only 1 valid (non-IDK) answers, below min_subgroup_size=10",1
subgroup,CLM-000131,country,India,"only 3 valid (non-IDK) answers, below min_subgroup_size=10",3
subgroup,CLM-000131,country,Iran,"only 1 valid (non-IDK) answers, below min_subgroup_size=10",1
subgroup,CLM-000131,country,Ireland,"only 4 valid (non-IDK) answers, below min_subgroup_size=10",4
subgroup,CLM-000131,country,Israel,"only 2 valid (non-IDK) answers, below min_subgroup_size=10",2
subgroup,CLM-000131,country,Italy,"only 4 valid (non-IDK) answers, below min_subgroup_size=10",4
subgroup,CLM-000131,country,Jordan,"only 1 valid (non-IDK) answers, below min_subgroup_size=10",1
subgroup,CLM-000131,country,Latvia,"only 1 valid (non-IDK) answers, below min_subgroup_size=10",1
subgroup,CLM-000131,country,Lithuania,"only 1 valid (non-IDK) answers, below min_subgroup_size=10",1
subgroup,CLM-000131,country,Mexico,"only 1 valid (non-IDK) answers, below min_subgroup_size=10",1
subgroup,CLM-000131,country,New Zealand,"only 7 valid (non-IDK) answers, below min_subgroup_size=10",7
subgroup,CLM-000131,country,Norway,"only 5 valid (non-IDK) answers, below min_subgroup_size=10",5
subgroup,CLM-000131,country,Other / Prefer not to say,"only 9 valid (non-IDK) answers, below min_subgroup_size=10",9
subgroup,CLM-000131,country,Poland,"only 3 valid (non-IDK) answers, below min_subgroup_size=10",3
subgroup,CLM-000131,country,Portugal,"only 1 valid (non-IDK) answers, below min_subgroup_size=10",1
subgroup,CLM-000131,country,Russia,"only 1 valid (non-IDK) answers, below min_subgroup_size=10",1
subgroup,CLM-000131,country,Singapore,"only 1 valid (non-IDK) answers, below min_subgroup_size=10",1
subgroup,CLM-000131,country,South Africa,"only 3 valid (non-IDK) answers, below min_subgroup_size=10",3
subgroup,CLM-000131,country,Spain,"only 5 valid (non-IDK) answers, below min_subgroup_size=10",5
subgroup,CLM-000131,country,Switzerland,"only 7 valid (non-IDK) answers, below min_subgroup_size=10",7
subgroup,CLM-000131,country,Thailand,"only 1 valid (non-IDK) answers, below min_subgroup_size=10",1
subgroup,CLM-000131,country,Uruguay,"only 1 valid (non-IDK) answers, below min_subgroup_size=10",1
unassigned,CLM-000131,country,(not recorded),"56 respondent(s) did not answer the optional 'country' question, so they belong to no subgroup and cannot enter this comparison",50
subgroup,CLM-000337,country,Albania,"only 0 valid (non-IDK) answers, below min_subgroup_size=10",0
subgroup,CLM-000337,country,Austria,"only 7 valid (non-IDK) answers, below min_subgroup_size=10",7
subgroup,CLM-000337,country,Azerbaijan,"only 1 valid (non-IDK) answers, below min_subgroup_size=10",1
subgroup,CLM-000337,country,Belgium,"only 3 valid (non-IDK) answers, below min_subgroup_size=10",3
subgroup,CLM-000337,country,Brazil,"only 3 valid (non-IDK) answers, below min_subgroup_size=10",3
subgroup,CLM-000337,country,China,"only 1 valid (non-IDK) answers, below min_subgroup_size=10",1
subgroup,CLM-000337,country,Colombia,"only 1 valid (non-IDK) answers, below min_subgroup_size=10",1
subgroup,CLM-000337,country,Czech Republic,"only 2 valid (non-IDK) answers, below min_subgroup_size=10",2
subgroup,CLM-000337,country,Denmark,"only 2 valid (non-IDK) answers, below min_subgroup_size=10",2
subgroup,CLM-000337,country,Finland,"only 7 valid (non-IDK) answers, below min_subgroup_size=10",7
subgroup,CLM-000337,country,Greece,"only 0 valid (non-IDK) answers, below min_subgroup_size=10",0
subgroup,CLM-000337,country,Hungary,"only 1 valid (non-IDK) answers, below min_subgroup_size=10",1
subgroup,CLM-000337,country,India,"only 3 valid (non-IDK) answers, below min_subgroup_size=10",3
subgroup,CLM-000337,country,Iran,"only 1 valid (non-IDK) answers, below min_subgroup_size=10",1
subgroup,CLM-000337,country,Ireland,"only 3 valid (non-IDK) answers, below min_subgroup_size=10",3
subgroup,CLM-000337,country,Israel,"only 2 valid (non-IDK) answers, below min_subgroup_size=10",2
subgroup,CLM-000337,country,Italy,"only 4 valid (non-IDK) answers, below min_subgroup_size=10",4
subgroup,CLM-000337,country,Jordan,"only 1 valid (non-IDK) answers, below min_subgroup_size=10",1
subgroup,CLM-000337,country,Latvia,"only 1 valid (non-IDK) answers, below min_subgroup_size=10",1
subgroup,CLM-000337,country,Lithuania,"only 0 valid (non-IDK) answers, below min_subgroup_size=10",0
subgroup,CLM-000337,country,Mexico,"only 1 valid (non-IDK) answers, below min_subgroup_size=10",1
subgroup,CLM-000337,country,New Zealand,"only 7 valid (non-IDK) answers, below min_subgroup_size=10",7
subgroup,CLM-000337,country,Norway,"only 5 valid (non-IDK) answers, below min_subgroup_size=10",5
subgroup,CLM-000337,country,Other / Prefer not to say,"only 8 valid (non-IDK) answers, below min_subgroup_size=10",8
subgroup,CLM-000337,country,Poland,"only 4 valid (non-IDK) answers, below min_subgroup_size=10",4
subgroup,CLM-000337,country,Portugal,"only 1 valid (non-IDK) answers, below min_subgroup_size=10",1
subgroup,CLM-000337,country,Russia,"only 1 valid (non-IDK) answers, below min_subgroup_size=10",1
subgroup,CLM-000337,country,Singapore,"only 1 valid (non-IDK) answers, below min_subgroup_size=10",1
subgroup,CLM-000337,country,South Africa,"only 3 valid (non-IDK) answers, below min_subgroup_size=10",3
subgroup,CLM-000337,country,Spain,"only 3 valid (non-IDK) answers, below min_subgroup_size=10",3
subgroup,CLM-000337,country,Switzerland,"only 6 valid (non-IDK) answers, below min_subgroup_size=10",6
subgroup,CLM-000337,country,Thailand,"only 1 valid (non-IDK) answers, below min_subgroup_size=10",1
subgroup,CLM-000337,country,Uruguay,"only 1 valid (non-IDK) answers, below min_subgroup_size=10",1
unassigned,CLM-000337,country,(not recorded),"56 respondent(s) did not answer the optional 'country' question, so they belong to no subgroup and cannot enter this comparison",48
subgroup,CLM-000101,country,Albania,"only 0 valid (non-IDK) answers, below min_subgroup_size=10",0
subgroup,CLM-000101,country,Austria,"only 9 valid (non-IDK) answers, below min_subgroup_size=10",9
subgroup,CLM-000101,country,Azerbaijan,"only 1 valid (non-IDK) answers, below min_subgroup_size=10",1
subgroup,CLM-000101,country,Belgium,"only 5 valid (non-IDK) answers, below min_subgroup_size=10",5
subgroup,CLM-000101,country,Brazil,"only 3 valid (non-IDK) answers, below min_subgroup_size=10",3
subgroup,CLM-000101,country,China,"only 1 valid (non-IDK) answers, below min_subgroup_size=10",1
subgroup,CLM-000101,country,Colombia,"only 1 valid (non-IDK) answers, below min_subgroup_size=10",1
subgroup,CLM-000101,country,Czech Republic,"only 2 valid (non-IDK) answers, below min_subgroup_size=10",2
subgroup,CLM-000101,country,Denmark,"only 6 valid (non-IDK) answers, below min_subgroup_size=10",6
subgroup,CLM-000101,country,Greece,"only 1 valid (non-IDK) answers, below min_subgroup_size=10",1
subgroup,CLM-000101,country,Hungary,"only 1 valid (non-IDK) answers, below min_subgroup_size=10",1
subgroup,CLM-000101,country,India,"only 3 valid (non-IDK) answers, below min_subgroup_size=10",3
subgroup,CLM-000101,country,Iran,"only 1 valid (non-IDK) answers, below min_subgroup_size=10",1
subgroup,CLM-000101,country,Ireland,"only 4 valid (non-IDK) answers, below min_subgroup_size=10",4
subgroup,CLM-000101,country,Israel,"only 2 valid (non-IDK) answers, below min_subgroup_size=10",2
subgroup,CLM-000101,country,Italy,"only 4 valid (non-IDK) answers, below min_subgroup_size=10",4
subgroup,CLM-000101,country,Jordan,"only 1 valid (non-IDK) answers, below min_subgroup_size=10",1
subgroup,CLM-000101,country,Latvia,"only 1 valid (non-IDK) answers, below min_subgroup_size=10",1
subgroup,CLM-000101,country,Lithuania,"only 1 valid (non-IDK) answers, below min_subgroup_size=10",1
subgroup,CLM-000101,country,Mexico,"only 1 valid (non-IDK) answers, below min_subgroup_size=10",1
subgroup,CLM-000101,country,New Zealand,"only 6 valid (non-IDK) answers, below min_subgroup_size=10",6
subgroup,CLM-000101,country,Norway,"only 5 valid (non-IDK) answers, below min_subgroup_size=10",5
subgroup,CLM-000101,country,Poland,"only 4 valid (non-IDK) answers, below min_subgroup_size=10",4
subgroup,CLM-000101,country,Portugal,"only 1 valid (non-IDK) answers, below min_subgroup_size=10",1
subgroup,CLM-000101,country,Russia,"only 1 valid (non-IDK) answers, below min_subgroup_size=10",1
subgroup,CLM-000101,country,Singapore,"only 1 valid (non-IDK) answers, below min_subgroup_size=10",1
subgroup,CLM-000101,country,South Africa,"only 3 valid (non-IDK) answers, below min_subgroup_size=10",3
subgroup,CLM-000101,country,Spain,"only 5 valid (non-IDK) answers, below min_subgroup_size=10",5
subgroup,CLM-000101,country,Switzerland,"only 6 valid (non-IDK) answers, below min_subgroup_size=10",6
subgroup,CLM-000101,country,Thailand,"only 1 valid (non-IDK) answers, below min_subgroup_size=10",1
subgroup,CLM-000101,country,Uruguay,"only 1 valid (non-IDK) answers, below min_subgroup_size=10",1
unassigned,CLM-000101,country,(not recorded),"56 respondent(s) did not answer the optional 'country' question, so they belong to no subgroup and cannot enter this comparison",52
subgroup,CLM-000059,country,Albania,"only 0 valid (non-IDK) answers, below min_subgroup_size=10",0
subgroup,CLM-000059,country,Austria,"only 9 valid (non-IDK) answers, below min_subgroup_size=10",9
subgroup,CLM-000059,country,Azerbaijan,"only 1 valid (non-IDK) answers, below min_subgroup_size=10",1
subgroup,CLM-000059,country,Belgium,"only 3 valid (non-IDK) answers, below min_subgroup_size=10",3
subgroup,CLM-000059,country,Brazil,"only 3 valid (non-IDK) answers, below min_subgroup_size=10",3
subgroup,CLM-000059,country,China,"only 1 valid (non-IDK) answers, below min_subgroup_size=10",1
subgroup,CLM-000059,country,Colombia,"only 1 valid (non-IDK) answers, below min_subgroup_size=10",1
subgroup,CLM-000059,country,Czech Republic,"only 2 valid (non-IDK) answers, below min_subgroup_size=10",2
subgroup,CLM-000059,country,Denmark,"only 5 valid (non-IDK) answers, below min_subgroup_size=10",5
subgroup,CLM-000059,country,Greece,"only 1 valid (non-IDK) answers, below min_subgroup_size=10",1
subgroup,CLM-000059,country,Hungary,"only 1 valid (non-IDK) answers, below min_subgroup_size=10",1
subgroup,CLM-000059,country,India,"only 3 valid (non-IDK) answers, below min_subgroup_size=10",3
subgroup,CLM-000059,country,Iran,"only 1 valid (non-IDK) answers, below min_subgroup_size=10",1
subgroup,CLM-000059,country,Ireland,"only 4 valid (non-IDK) answers, below min_subgroup_size=10",4
subgroup,CLM-000059,country,Israel,"only 2 valid (non-IDK) answers, below min_subgroup_size=10",2
subgroup,CLM-000059,country,Italy,"only 4 valid (non-IDK) answers, below min_subgroup_size=10",4
subgroup,CLM-000059,country,Jordan,"only 1 valid (non-IDK) answers, below min_subgroup_size=10",1
subgroup,CLM-000059,country,Latvia,"only 1 valid (non-IDK) answers, below min_subgroup_size=10",1
subgroup,CLM-000059,country,Lithuania,"only 1 valid (non-IDK) answers, below min_subgroup_size=10",1
subgroup,CLM-000059,country,Mexico,"only 1 valid (non-IDK) answers, below min_subgroup_size=10",1
subgroup,CLM-000059,country,New Zealand,"only 7 valid (non-IDK) answers, below min_subgroup_size=10",7
subgroup,CLM-000059,country,Norway,"only 5 valid (non-IDK) answers, below min_subgroup_size=10",5
subgroup,CLM-000059,country,Other / Prefer not to say,"only 7 valid (non-IDK) answers, below min_subgroup_size=10",7
subgroup,CLM-000059,country,Poland,"only 4 valid (non-IDK) answers, below min_subgroup_size=10",4
subgroup,CLM-000059,country,Portugal,"only 1 valid (non-IDK) answers, below min_subgroup_size=10",1
subgroup,CLM-000059,country,Russia,"only 1 valid (non-IDK) answers, below min_subgroup_size=10",1
subgroup,CLM-000059,country,Singapore,"only 1 valid (non-IDK) answers, below min_subgroup_size=10",1
subgroup,CLM-000059,country,South Africa,"only 3 valid (non-IDK) answers, below min_subgroup_size=10",3
subgroup,CLM-000059,country,Spain,"only 5 valid (non-IDK) answers, below min_subgroup_size=10",5
subgroup,CLM-000059,country,Switzerland,"only 6 valid (non-IDK) answers, below min_subgroup_size=10",6
subgroup,CLM-000059,country,Thailand,"only 1 valid (non-IDK) answers, below min_subgroup_size=10",1
subgroup,CLM-000059,country,Uruguay,"only 1 valid (non-IDK) answers, below min_subgroup_size=10",1
unassigned,CLM-000059,country,(not recorded),"56 respondent(s) did not answer the optional 'country' question, so they belong to no subgroup and cannot enter this comparison",55
subgroup,CLM-000329,country,Albania,"only 1 valid (non-IDK) answers, below min_subgroup_size=10",1
subgroup,CLM-000329,country,Austria,"only 9 valid (non-IDK) answers, below min_subgroup_size=10",9
subgroup,CLM-000329,country,Azerbaijan,"only 1 valid (non-IDK) answers, below min_subgroup_size=10",1
subgroup,CLM-000329,country,Belgium,"only 4 valid (non-IDK) answers, below min_subgroup_size=10",4
subgroup,CLM-000329,country,Brazil,"only 3 valid (non-IDK) answers, below min_subgroup_size=10",3
subgroup,CLM-000329,country,China,"only 1 valid (non-IDK) answers, below min_subgroup_size=10",1
subgroup,CLM-000329,country,Colombia,"only 1 valid (non-IDK) answers, below min_subgroup_size=10",1
subgroup,CLM-000329,country,Czech Republic,"only 2 valid (non-IDK) answers, below min_subgroup_size=10",2
subgroup,CLM-000329,country,Denmark,"only 6 valid (non-IDK) answers, below min_subgroup_size=10",6
subgroup,CLM-000329,country,Greece,"only 1 valid (non-IDK) answers, below min_subgroup_size=10",1
subgroup,CLM-000329,country,Hungary,"only 1 valid (non-IDK) answers, below min_subgroup_size=10",1
subgroup,CLM-000329,country,India,"only 3 valid (non-IDK) answers, below min_subgroup_size=10",3
subgroup,CLM-000329,country,Iran,"only 1 valid (non-IDK) answers, below min_subgroup_size=10",1
subgroup,CLM-000329,country,Ireland,"only 5 valid (non-IDK) answers, below min_subgroup_size=10",5
subgroup,CLM-000329,country,Israel,"only 2 valid (non-IDK) answers, below min_subgroup_size=10",2
subgroup,CLM-000329,country,Italy,"only 4 valid (non-IDK) answers, below min_subgroup_size=10",4
subgroup,CLM-000329,country,Jordan,"only 1 valid (non-IDK) answers, below min_subgroup_size=10",1
subgroup,CLM-000329,country,Latvia,"only 1 valid (non-IDK) answers, below min_subgroup_size=10",1
subgroup,CLM-000329,country,Lithuania,"only 1 valid (non-IDK) answers, below min_subgroup_size=10",1
subgroup,CLM-000329,country,Mexico,"only 1 valid (non-IDK) answers, below min_subgroup_size=10",1
subgroup,CLM-000329,country,New Zealand,"only 7 valid (non-IDK) answers, below min_subgroup_size=10",7
subgroup,CLM-000329,country,Norway,"only 5 valid (non-IDK) answers, below min_subgroup_size=10",5
subgroup,CLM-000329,country,Poland,"only 4 valid (non-IDK) answers, below min_subgroup_size=10",4
subgroup,CLM-000329,country,Portugal,"only 1 valid (non-IDK) answers, below min_subgroup_size=10",1
subgroup,CLM-000329,country,Russia,"only 1 valid (non-IDK) answers, below min_subgroup_size=10",1
subgroup,CLM-000329,country,Singapore,"only 1 valid (non-IDK) answers, below min_subgroup_size=10",1
subgroup,CLM-000329,country,South Africa,"only 3 valid (non-IDK) answers, below min_subgroup_size=10",3
subgroup,CLM-000329,country,Spain,"only 5 valid (non-IDK) answers, below min_subgroup_size=10",5
subgroup,CLM-000329,country,Switzerland,"only 7 valid (non-IDK) answers, below min_subgroup_size=10",7
subgroup,CLM-000329,country,Thailand,"only 1 valid (non-IDK) answers, below min_subgroup_size=10",1
subgroup,CLM-000329,country,Uruguay,"only 1 valid (non-IDK) answers, below min_subgroup_size=10",1
unassigned,CLM-000329,country,(not recorded),"56 respondent(s) did not answer the optional 'country' question, so they belong to no subgroup and cannot enter this comparison",54
subgroup,CLM-000060,country,Albania,"only 0 valid (non-IDK) answers, below min_subgroup_size=10",0
subgroup,CLM-000060,country,Azerbaijan,"only 1 valid (non-IDK) answers, below min_subgroup_size=10",1
subgroup,CLM-000060,country,Belgium,"only 5 valid (non-IDK) answers, below min_subgroup_size=10",5
subgroup,CLM-000060,country,Brazil,"only 3 valid (non-IDK) answers, below min_subgroup_size=10",3
subgroup,CLM-000060,country,China,"only 1 valid (non-IDK) answers, below min_subgroup_size=10",1
subgroup,CLM-000060,country,Colombia,"only 1 valid (non-IDK) answers, below min_subgroup_size=10",1
subgroup,CLM-000060,country,Czech Republic,"only 2 valid (non-IDK) answers, below min_subgroup_size=10",2
subgroup,CLM-000060,country,Denmark,"only 5 valid (non-IDK) answers, below min_subgroup_size=10",5
subgroup,CLM-000060,country,Greece,"only 1 valid (non-IDK) answers, below min_subgroup_size=10",1
subgroup,CLM-000060,country,Hungary,"only 0 valid (non-IDK) answers, below min_subgroup_size=10",0
subgroup,CLM-000060,country,India,"only 3 valid (non-IDK) answers, below min_subgroup_size=10",3
subgroup,CLM-000060,country,Iran,"only 1 valid (non-IDK) answers, below min_subgroup_size=10",1
subgroup,CLM-000060,country,Ireland,"only 5 valid (non-IDK) answers, below min_subgroup_size=10",5
subgroup,CLM-000060,country,Israel,"only 2 valid (non-IDK) answers, below min_subgroup_size=10",2
subgroup,CLM-000060,country,Italy,"only 4 valid (non-IDK) answers, below min_subgroup_size=10",4
subgroup,CLM-000060,country,Jordan,"only 1 valid (non-IDK) answers, below min_subgroup_size=10",1
subgroup,CLM-000060,country,Latvia,"only 1 valid (non-IDK) answers, below min_subgroup_size=10",1
subgroup,CLM-000060,country,Lithuania,"only 1 valid (non-IDK) answers, below min_subgroup_size=10",1
subgroup,CLM-000060,country,Mexico,"only 1 valid (non-IDK) answers, below min_subgroup_size=10",1
subgroup,CLM-000060,country,New Zealand,"only 7 valid (non-IDK) answers, below min_subgroup_size=10",7
subgroup,CLM-000060,country,Norway,"only 5 valid (non-IDK) answers, below min_subgroup_size=10",5
subgroup,CLM-000060,country,Poland,"only 4 valid (non-IDK) answers, below min_subgroup_size=10",4
subgroup,CLM-000060,country,Portugal,"only 1 valid (non-IDK) answers, below min_subgroup_size=10",1
subgroup,CLM-000060,country,Russia,"only 1 valid (non-IDK) answers, below min_subgroup_size=10",1
subgroup,CLM-000060,country,Singapore,"only 1 valid (non-IDK) answers, below min_subgroup_size=10",1
subgroup,CLM-000060,country,South Africa,"only 3 valid (non-IDK) answers, below min_subgroup_size=10",3
subgroup,CLM-000060,country,Spain,"only 5 valid (non-IDK) answers, below min_subgroup_size=10",5
subgroup,CLM-000060,country,Switzerland,"only 7 valid (non-IDK) answers, below min_subgroup_size=10",7
subgroup,CLM-000060,country,Thailand,"only 1 valid (non-IDK) answers, below min_subgroup_size=10",1
subgroup,CLM-000060,country,Uruguay,"only 1 valid (non-IDK) answers, below min_subgroup_size=10",1
unassigned,CLM-000060,country,(not recorded),"56 respondent(s) did not answer the optional 'country' question, so they belong to no subgroup and cannot enter this comparison",55
subgroup,CLM-000073,country,Albania,"only 0 valid (non-IDK) answers, below min_subgroup_size=10",0
subgroup,CLM-000073,country,Austria,"only 8 valid (non-IDK) answers, below min_subgroup_size=10",8
subgroup,CLM-000073,country,Azerbaijan,"only 1 valid (non-IDK) answers, below min_subgroup_size=10",1
subgroup,CLM-000073,country,Belgium,"only 4 valid (non-IDK) answers, below min_subgroup_size=10",4
subgroup,CLM-000073,country,Brazil,"only 3 valid (non-IDK) answers, below min_subgroup_size=10",3
subgroup,CLM-000073,country,China,"only 1 valid (non-IDK) answers, below min_subgroup_size=10",1
subgroup,CLM-000073,country,Colombia,"only 1 valid (non-IDK) answers, below min_subgroup_size=10",1
subgroup,CLM-000073,country,Czech Republic,"only 2 valid (non-IDK) answers, below min_subgroup_size=10",2
subgroup,CLM-000073,country,Denmark,"only 6 valid (non-IDK) answers, below min_subgroup_size=10",6
subgroup,CLM-000073,country,Finland,"only 7 valid (non-IDK) answers, below min_subgroup_size=10",7
subgroup,CLM-000073,country,Greece,"only 1 valid (non-IDK) answers, below min_subgroup_size=10",1
subgroup,CLM-000073,country,Hungary,"only 0 valid (non-IDK) answers, below min_subgroup_size=10",0
subgroup,CLM-000073,country,India,"only 3 valid (non-IDK) answers, below min_subgroup_size=10",3
subgroup,CLM-000073,country,Iran,"only 1 valid (non-IDK) answers, below min_subgroup_size=10",1
subgroup,CLM-000073,country,Ireland,"only 4 valid (non-IDK) answers, below min_subgroup_size=10",4
subgroup,CLM-000073,country,Israel,"only 1 valid (non-IDK) answers, below min_subgroup_size=10",1
subgroup,CLM-000073,country,Italy,"only 4 valid (non-IDK) answers, below min_subgroup_size=10",4
subgroup,CLM-000073,country,Jordan,"only 1 valid (non-IDK) answers, below min_subgroup_size=10",1
subgroup,CLM-000073,country,Latvia,"only 1 valid (non-IDK) answers, below min_subgroup_size=10",1
subgroup,CLM-000073,country,Lithuania,"only 1 valid (non-IDK) answers, below min_subgroup_size=10",1
subgroup,CLM-000073,country,Mexico,"only 1 valid (non-IDK) answers, below min_subgroup_size=10",1
subgroup,CLM-000073,country,New Zealand,"only 7 valid (non-IDK) answers, below min_subgroup_size=10",7
subgroup,CLM-000073,country,Norway,"only 5 valid (non-IDK) answers, below min_subgroup_size=10",5
subgroup,CLM-000073,country,Other / Prefer not to say,"only 9 valid (non-IDK) answers, below min_subgroup_size=10",9
subgroup,CLM-000073,country,Poland,"only 4 valid (non-IDK) answers, below min_subgroup_size=10",4
subgroup,CLM-000073,country,Portugal,"only 1 valid (non-IDK) answers, below min_subgroup_size=10",1
subgroup,CLM-000073,country,Russia,"only 1 valid (non-IDK) answers, below min_subgroup_size=10",1
subgroup,CLM-000073,country,Singapore,"only 1 valid (non-IDK) answers, below min_subgroup_size=10",1
subgroup,CLM-000073,country,South Africa,"only 3 valid (non-IDK) answers, below min_subgroup_size=10",3
subgroup,CLM-000073,country,Spain,"only 5 valid (non-IDK) answers, below min_subgroup_size=10",5
subgroup,CLM-000073,country,Switzerland,"only 7 valid (non-IDK) answers, below min_subgroup_size=10",7
subgroup,CLM-000073,country,Thailand,"only 1 valid (non-IDK) answers, below min_subgroup_size=10",1
subgroup,CLM-000073,country,Uruguay,"only 1 valid (non-IDK) answers, below min_subgroup_size=10",1
unassigned,CLM-000073,country,(not recorded),"56 respondent(s) did not answer the optional 'country' question, so they belong to no subgroup and cannot enter this comparison",52
subgroup,CLM-000194,country,Albania,"only 0 valid (non-IDK) answers, below min_subgroup_size=10",0
subgroup,CLM-000194,country,Austria,"only 5 valid (non-IDK) answers, below min_subgroup_size=10",5
subgroup,CLM-000194,country,Azerbaijan,"only 1 valid (non-IDK) answers, below min_subgroup_size=10",1
subgroup,CLM-000194,country,Belgium,"only 2 valid (non-IDK) answers, below min_subgroup_size=10",2
subgroup,CLM-000194,country,Brazil,"only 2 valid (non-IDK) answers, below min_subgroup_size=10",2
subgroup,CLM-000194,country,China,"only 1 valid (non-IDK) answers, below min_subgroup_size=10",1
subgroup,CLM-000194,country,Colombia,"only 1 valid (non-IDK) answers, below min_subgroup_size=10",1
subgroup,CLM-000194,country,Czech Republic,"only 2 valid (non-IDK) answers, below min_subgroup_size=10",2
subgroup,CLM-000194,country,Denmark,"only 3 valid (non-IDK) answers, below min_subgroup_size=10",3
subgroup,CLM-000194,country,Finland,"only 6 valid (non-IDK) answers, below min_subgroup_size=10",6
subgroup,CLM-000194,country,Greece,"only 0 valid (non-IDK) answers, below min_subgroup_size=10",0
subgroup,CLM-000194,country,Hungary,"only 1 valid (non-IDK) answers, below min_subgroup_size=10",1
subgroup,CLM-000194,country,India,"only 2 valid (non-IDK) answers, below min_subgroup_size=10",2
subgroup,CLM-000194,country,Iran,"only 1 valid (non-IDK) answers, below min_subgroup_size=10",1
subgroup,CLM-000194,country,Ireland,"only 3 valid (non-IDK) answers, below min_subgroup_size=10",3
subgroup,CLM-000194,country,Israel,"only 0 valid (non-IDK) answers, below min_subgroup_size=10",0
subgroup,CLM-000194,country,Italy,"only 4 valid (non-IDK) answers, below min_subgroup_size=10",4
subgroup,CLM-000194,country,Jordan,"only 1 valid (non-IDK) answers, below min_subgroup_size=10",1
subgroup,CLM-000194,country,Latvia,"only 1 valid (non-IDK) answers, below min_subgroup_size=10",1
subgroup,CLM-000194,country,Lithuania,"only 0 valid (non-IDK) answers, below min_subgroup_size=10",0
subgroup,CLM-000194,country,Mexico,"only 1 valid (non-IDK) answers, below min_subgroup_size=10",1
subgroup,CLM-000194,country,New Zealand,"only 5 valid (non-IDK) answers, below min_subgroup_size=10",5
subgroup,CLM-000194,country,Norway,"only 3 valid (non-IDK) answers, below min_subgroup_size=10",3
subgroup,CLM-000194,country,Other / Prefer not to say,"only 8 valid (non-IDK) answers, below min_subgroup_size=10",8
subgroup,CLM-000194,country,Poland,"only 3 valid (non-IDK) answers, below min_subgroup_size=10",3
subgroup,CLM-000194,country,Portugal,"only 1 valid (non-IDK) answers, below min_subgroup_size=10",1
subgroup,CLM-000194,country,Russia,"only 0 valid (non-IDK) answers, below min_subgroup_size=10",0
subgroup,CLM-000194,country,Singapore,"only 1 valid (non-IDK) answers, below min_subgroup_size=10",1
subgroup,CLM-000194,country,South Africa,"only 3 valid (non-IDK) answers, below min_subgroup_size=10",3
subgroup,CLM-000194,country,Spain,"only 4 valid (non-IDK) answers, below min_subgroup_size=10",4
subgroup,CLM-000194,country,Switzerland,"only 5 valid (non-IDK) answers, below min_subgroup_size=10",5
subgroup,CLM-000194,country,Thailand,"only 0 valid (non-IDK) answers, below min_subgroup_size=10",0
subgroup,CLM-000194,country,Uruguay,"only 1 valid (non-IDK) answers, below min_subgroup_size=10",1
unassigned,CLM-000194,country,(not recorded),"56 respondent(s) did not answer the optional 'country' question, so they belong to no subgroup and cannot enter this comparison",31
subgroup,CLM-000026,country,Albania,"only 1 valid (non-IDK) answers, below min_subgroup_size=10",1
subgroup,CLM-000026,country,Azerbaijan,"only 1 valid (non-IDK) answers, below min_subgroup_size=10",1
subgroup,CLM-000026,country,Belgium,"only 4 valid (non-IDK) answers, below min_subgroup_size=10",4
subgroup,CLM-000026,country,Brazil,"only 3 valid (non-IDK) answers, below min_subgroup_size=10",3
subgroup,CLM-000026,country,China,"only 1 valid (non-IDK) answers, below min_subgroup_size=10",1
subgroup,CLM-000026,country,Colombia,"only 1 valid (non-IDK) answers, below min_subgroup_size=10",1
subgroup,CLM-000026,country,Czech Republic,"only 2 valid (non-IDK) answers, below min_subgroup_size=10",2
subgroup,CLM-000026,country,Denmark,"only 5 valid (non-IDK) answers, below min_subgroup_size=10",5
subgroup,CLM-000026,country,Greece,"only 1 valid (non-IDK) answers, below min_subgroup_size=10",1
subgroup,CLM-000026,country,Hungary,"only 1 valid (non-IDK) answers, below min_subgroup_size=10",1
subgroup,CLM-000026,country,India,"only 3 valid (non-IDK) answers, below min_subgroup_size=10",3
subgroup,CLM-000026,country,Iran,"only 1 valid (non-IDK) answers, below min_subgroup_size=10",1
subgroup,CLM-000026,country,Ireland,"only 5 valid (non-IDK) answers, below min_subgroup_size=10",5
subgroup,CLM-000026,country,Israel,"only 2 valid (non-IDK) answers, below min_subgroup_size=10",2
subgroup,CLM-000026,country,Italy,"only 4 valid (non-IDK) answers, below min_subgroup_size=10",4
subgroup,CLM-000026,country,Jordan,"only 1 valid (non-IDK) answers, below min_subgroup_size=10",1
subgroup,CLM-000026,country,Latvia,"only 1 valid (non-IDK) answers, below min_subgroup_size=10",1
subgroup,CLM-000026,country,Lithuania,"only 0 valid (non-IDK) answers, below min_subgroup_size=10",0
subgroup,CLM-000026,country,Mexico,"only 1 valid (non-IDK) answers, below min_subgroup_size=10",1
subgroup,CLM-000026,country,New Zealand,"only 7 valid (non-IDK) answers, below min_subgroup_size=10",7
subgroup,CLM-000026,country,Norway,"only 5 valid (non-IDK) answers, below min_subgroup_size=10",5
subgroup,CLM-000026,country,Poland,"only 4 valid (non-IDK) answers, below min_subgroup_size=10",4
subgroup,CLM-000026,country,Portugal,"only 1 valid (non-IDK) answers, below min_subgroup_size=10",1
subgroup,CLM-000026,country,Russia,"only 1 valid (non-IDK) answers, below min_subgroup_size=10",1
subgroup,CLM-000026,country,Singapore,"only 1 valid (non-IDK) answers, below min_subgroup_size=10",1
subgroup,CLM-000026,country,South Africa,"only 3 valid (non-IDK) answers, below min_subgroup_size=10",3
subgroup,CLM-000026,country,Spain,"only 4 valid (non-IDK) answers, below min_subgroup_size=10",4
subgroup,CLM-000026,country,Switzerland,"only 6 valid (non-IDK) answers, below min_subgroup_size=10",6
subgroup,CLM-000026,country,Thailand,"only 1 valid (non-IDK) answers, below min_subgroup_size=10",1
subgroup,CLM-000026,country,Uruguay,"only 1 valid (non-IDK) answers, below min_subgroup_size=10",1
unassigned,CLM-000026,country,(not recorded),"56 respondent(s) did not answer the optional 'country' question, so they belong to no subgroup and cannot enter this comparison",55
subgroup,CLM-000085,country,Albania,"only 0 valid (non-IDK) answers, below min_subgroup_size=10",0
subgroup,CLM-000085,country,Austria,"only 8 valid (non-IDK) answers, below min_subgroup_size=10",8
subgroup,CLM-000085,country,Azerbaijan,"only 1 valid (non-IDK) answers, below min_subgroup_size=10",1
subgroup,CLM-000085,country,Belgium,"only 5 valid (non-IDK) answers, below min_subgroup_size=10",5
subgroup,CLM-000085,country,Brazil,"only 3 valid (non-IDK) answers, below min_subgroup_size=10",3
subgroup,CLM-000085,country,China,"only 1 valid (non-IDK) answers, below min_subgroup_size=10",1
subgroup,CLM-000085,country,Colombia,"only 1 valid (non-IDK) answers, below min_subgroup_size=10",1
subgroup,CLM-000085,country,Czech Republic,"only 2 valid (non-IDK) answers, below min_subgroup_size=10",2
subgroup,CLM-000085,country,Denmark,"only 4 valid (non-IDK) answers, below min_subgroup_size=10",4
subgroup,CLM-000085,country,Greece,"only 1 valid (non-IDK) answers, below min_subgroup_size=10",1
subgroup,CLM-000085,country,Hungary,"only 1 valid (non-IDK) answers, below min_subgroup_size=10",1
subgroup,CLM-000085,country,India,"only 1 valid (non-IDK) answers, below min_subgroup_size=10",1
subgroup,CLM-000085,country,Iran,"only 1 valid (non-IDK) answers, below min_subgroup_size=10",1
subgroup,CLM-000085,country,Ireland,"only 3 valid (non-IDK) answers, below min_subgroup_size=10",3
subgroup,CLM-000085,country,Israel,"only 2 valid (non-IDK) answers, below min_subgroup_size=10",2
subgroup,CLM-000085,country,Italy,"only 4 valid (non-IDK) answers, below min_subgroup_size=10",4
subgroup,CLM-000085,country,Jordan,"only 1 valid (non-IDK) answers, below min_subgroup_size=10",1
subgroup,CLM-000085,country,Latvia,"only 1 valid (non-IDK) answers, below min_subgroup_size=10",1
subgroup,CLM-000085,country,Lithuania,"only 1 valid (non-IDK) answers, below min_subgroup_size=10",1
subgroup,CLM-000085,country,Mexico,"only 1 valid (non-IDK) answers, below min_subgroup_size=10",1
subgroup,CLM-000085,country,New Zealand,"only 7 valid (non-IDK) answers, below min_subgroup_size=10",7
subgroup,CLM-000085,country,Norway,"only 3 valid (non-IDK) answers, below min_subgroup_size=10",3
subgroup,CLM-000085,country,Other / Prefer not to say,"only 8 valid (non-IDK) answers, below min_subgroup_size=10",8
subgroup,CLM-000085,country,Poland,"only 4 valid (non-IDK) answers, below min_subgroup_size=10",4
subgroup,CLM-000085,country,Portugal,"only 1 valid (non-IDK) answers, below min_subgroup_size=10",1
subgroup,CLM-000085,country,Russia,"only 1 valid (non-IDK) answers, below min_subgroup_size=10",1
subgroup,CLM-000085,country,Singapore,"only 0 valid (non-IDK) answers, below min_subgroup_size=10",0
subgroup,CLM-000085,country,South Africa,"only 3 valid (non-IDK) answers, below min_subgroup_size=10",3
subgroup,CLM-000085,country,Spain,"only 5 valid (non-IDK) answers, below min_subgroup_size=10",5
subgroup,CLM-000085,country,Switzerland,"only 6 valid (non-IDK) answers, below min_subgroup_size=10",6
subgroup,CLM-000085,country,Thailand,"only 1 valid (non-IDK) answers, below min_subgroup_size=10",1
subgroup,CLM-000085,country,Uruguay,"only 1 valid (non-IDK) answers, below min_subgroup_size=10",1
unassigned,CLM-000085,country,(not recorded),"56 respondent(s) did not answer the optional 'country' question, so they belong to no subgroup and cannot enter this comparison",50
subgroup,CLM-000459,country,Albania,"only 0 valid (non-IDK) answers, below min_subgroup_size=10",0
subgroup,CLM-000459,country,Austria,"only 4 valid (non-IDK) answers, below min_subgroup_size=10",4
subgroup,CLM-000459,country,Azerbaijan,"only 1 valid (non-IDK) answers, below min_subgroup_size=10",1
subgroup,CLM-000459,country,Belgium,"only 4 valid (non-IDK) answers, below min_subgroup_size=10",4
subgroup,CLM-000459,country,Brazil,"only 3 valid (non-IDK) answers, below min_subgroup_size=10",3
subgroup,CLM-000459,country,China,"only 1 valid (non-IDK) answers, below min_subgroup_size=10",1
subgroup,CLM-000459,country,Colombia,"only 1 valid (non-IDK) answers, below min_subgroup_size=10",1
subgroup,CLM-000459,country,Czech Republic,"only 2 valid (non-IDK) answers, below min_subgroup_size=10",2
subgroup,CLM-000459,country,Denmark,"only 0 valid (non-IDK) answers, below min_subgroup_size=10",0
subgroup,CLM-000459,country,Finland,"only 4 valid (non-IDK) answers, below min_subgroup_size=10",4
subgroup,CLM-000459,country,France,"only 9 valid (non-IDK) answers, below min_subgroup_size=10",9
subgroup,CLM-000459,country,Greece,"only 1 valid (non-IDK) answers, below min_subgroup_size=10",1
subgroup,CLM-000459,country,Hungary,"only 0 valid (non-IDK) answers, below min_subgroup_size=10",0
subgroup,CLM-000459,country,India,"only 1 valid (non-IDK) answers, below min_subgroup_size=10",1
subgroup,CLM-000459,country,Iran,"only 1 valid (non-IDK) answers, below min_subgroup_size=10",1
subgroup,CLM-000459,country,Ireland,"only 1 valid (non-IDK) answers, below min_subgroup_size=10",1
subgroup,CLM-000459,country,Israel,"only 0 valid (non-IDK) answers, below min_subgroup_size=10",0
subgroup,CLM-000459,country,Italy,"only 4 valid (non-IDK) answers, below min_subgroup_size=10",4
subgroup,CLM-000459,country,Jordan,"only 1 valid (non-IDK) answers, below min_subgroup_size=10",1
subgroup,CLM-000459,country,Latvia,"only 1 valid (non-IDK) answers, below min_subgroup_size=10",1
subgroup,CLM-000459,country,Lithuania,"only 0 valid (non-IDK) answers, below min_subgroup_size=10",0
subgroup,CLM-000459,country,Mexico,"only 1 valid (non-IDK) answers, below min_subgroup_size=10",1
subgroup,CLM-000459,country,New Zealand,"only 5 valid (non-IDK) answers, below min_subgroup_size=10",5
subgroup,CLM-000459,country,Norway,"only 1 valid (non-IDK) answers, below min_subgroup_size=10",1
subgroup,CLM-000459,country,Other / Prefer not to say,"only 7 valid (non-IDK) answers, below min_subgroup_size=10",7
subgroup,CLM-000459,country,Poland,"only 2 valid (non-IDK) answers, below min_subgroup_size=10",2
subgroup,CLM-000459,country,Portugal,"only 0 valid (non-IDK) answers, below min_subgroup_size=10",0
subgroup,CLM-000459,country,Russia,"only 0 valid (non-IDK) answers, below min_subgroup_size=10",0
subgroup,CLM-000459,country,Singapore,"only 0 valid (non-IDK) answers, below min_subgroup_size=10",0
subgroup,CLM-000459,country,South Africa,"only 1 valid (non-IDK) answers, below min_subgroup_size=10",1
subgroup,CLM-000459,country,Spain,"only 3 valid (non-IDK) answers, below min_subgroup_size=10",3
subgroup,CLM-000459,country,Switzerland,"only 3 valid (non-IDK) answers, below min_subgroup_size=10",3
subgroup,CLM-000459,country,Thailand,"only 1 valid (non-IDK) answers, below min_subgroup_size=10",1
subgroup,CLM-000459,country,Uruguay,"only 1 valid (non-IDK) answers, below min_subgroup_size=10",1
unassigned,CLM-000459,country,(not recorded),"56 respondent(s) did not answer the optional 'country' question, so they belong to no subgroup and cannot enter this comparison",25
subgroup,CLM-000100,country,Albania,"only 1 valid (non-IDK) answers, below min_subgroup_size=10",1
subgroup,CLM-000100,country,Austria,"only 5 valid (non-IDK) answers, below min_subgroup_size=10",5
subgroup,CLM-000100,country,Azerbaijan,"only 1 valid (non-IDK) answers, below min_subgroup_size=10",1
subgroup,CLM-000100,country,Belgium,"only 3 valid (non-IDK) answers, below min_subgroup_size=10",3
subgroup,CLM-000100,country,Brazil,"only 1 valid (non-IDK) answers, below min_subgroup_size=10",1
subgroup,CLM-000100,country,China,"only 0 valid (non-IDK) answers, below min_subgroup_size=10",0
subgroup,CLM-000100,country,Colombia,"only 1 valid (non-IDK) answers, below min_subgroup_size=10",1
subgroup,CLM-000100,country,Czech Republic,"only 1 valid (non-IDK) answers, below min_subgroup_size=10",1
subgroup,CLM-000100,country,Denmark,"only 2 valid (non-IDK) answers, below min_subgroup_size=10",2
subgroup,CLM-000100,country,Finland,"only 9 valid (non-IDK) answers, below min_subgroup_size=10",9
subgroup,CLM-000100,country,France,"only 6 valid (non-IDK) answers, below min_subgroup_size=10",6
subgroup,CLM-000100,country,Greece,"only 0 valid (non-IDK) answers, below min_subgroup_size=10",0
subgroup,CLM-000100,country,Hungary,"only 0 valid (non-IDK) answers, below min_subgroup_size=10",0
subgroup,CLM-000100,country,India,"only 2 valid (non-IDK) answers, below min_subgroup_size=10",2
subgroup,CLM-000100,country,Iran,"only 0 valid (non-IDK) answers, below min_subgroup_size=10",0
subgroup,CLM-000100,country,Ireland,"only 1 valid (non-IDK) answers, below min_subgroup_size=10",1
subgroup,CLM-000100,country,Israel,"only 0 valid (non-IDK) answers, below min_subgroup_size=10",0
subgroup,CLM-000100,country,Italy,"only 3 valid (non-IDK) answers, below min_subgroup_size=10",3
subgroup,CLM-000100,country,Jordan,"only 1 valid (non-IDK) answers, below min_subgroup_size=10",1
subgroup,CLM-000100,country,Latvia,"only 1 valid (non-IDK) answers, below min_subgroup_size=10",1
subgroup,CLM-000100,country,Lithuania,"only 1 valid (non-IDK) answers, below min_subgroup_size=10",1
subgroup,CLM-000100,country,Mexico,"only 1 valid (non-IDK) answers, below min_subgroup_size=10",1
subgroup,CLM-000100,country,New Zealand,"only 3 valid (non-IDK) answers, below min_subgroup_size=10",3
subgroup,CLM-000100,country,Norway,"only 0 valid (non-IDK) answers, below min_subgroup_size=10",0
subgroup,CLM-000100,country,Other / Prefer not to say,"only 5 valid (non-IDK) answers, below min_subgroup_size=10",5
subgroup,CLM-000100,country,Poland,"only 1 valid (non-IDK) answers, below min_subgroup_size=10",1
subgroup,CLM-000100,country,Portugal,"only 0 valid (non-IDK) answers, below min_subgroup_size=10",0
subgroup,CLM-000100,country,Russia,"only 1 valid (non-IDK) answers, below min_subgroup_size=10",1
subgroup,CLM-000100,country,Singapore,"only 1 valid (non-IDK) answers, below min_subgroup_size=10",1
subgroup,CLM-000100,country,South Africa,"only 1 valid (non-IDK) answers, below min_subgroup_size=10",1
subgroup,CLM-000100,country,Spain,"only 4 valid (non-IDK) answers, below min_subgroup_size=10",4
subgroup,CLM-000100,country,Switzerland,"only 2 valid (non-IDK) answers, below min_subgroup_size=10",2
subgroup,CLM-000100,country,Thailand,"only 0 valid (non-IDK) answers, below min_subgroup_size=10",0
subgroup,CLM-000100,country,Uruguay,"only 1 valid (non-IDK) answers, below min_subgroup_size=10",1
unassigned,CLM-000100,country,(not recorded),"56 respondent(s) did not answer the optional 'country' question, so they belong to no subgroup and cannot enter this comparison",22
subgroup,CLM-000147,country,Albania,"only 1 valid (non-IDK) answers, below min_subgroup_size=10",1
subgroup,CLM-000147,country,Austria,"only 8 valid (non-IDK) answers, below min_subgroup_size=10",8
subgroup,CLM-000147,country,Azerbaijan,"only 1 valid (non-IDK) answers, below min_subgroup_size=10",1
subgroup,CLM-000147,country,Belgium,"only 5 valid (non-IDK) answers, below min_subgroup_size=10",5
subgroup,CLM-000147,country,Brazil,"only 3 valid (non-IDK) answers, below min_subgroup_size=10",3
subgroup,CLM-000147,country,China,"only 1 valid (non-IDK) answers, below min_subgroup_size=10",1
subgroup,CLM-000147,country,Colombia,"only 1 valid (non-IDK) answers, below min_subgroup_size=10",1
subgroup,CLM-000147,country,Czech Republic,"only 2 valid (non-IDK) answers, below min_subgroup_size=10",2
subgroup,CLM-000147,country,Denmark,"only 6 valid (non-IDK) answers, below min_subgroup_size=10",6
subgroup,CLM-000147,country,Greece,"only 1 valid (non-IDK) answers, below min_subgroup_size=10",1
subgroup,CLM-000147,country,Hungary,"only 1 valid (non-IDK) answers, below min_subgroup_size=10",1
subgroup,CLM-000147,country,India,"only 3 valid (non-IDK) answers, below min_subgroup_size=10",3
subgroup,CLM-000147,country,Iran,"only 1 valid (non-IDK) answers, below min_subgroup_size=10",1
subgroup,CLM-000147,country,Ireland,"only 4 valid (non-IDK) answers, below min_subgroup_size=10",4
subgroup,CLM-000147,country,Israel,"only 2 valid (non-IDK) answers, below min_subgroup_size=10",2
subgroup,CLM-000147,country,Italy,"only 4 valid (non-IDK) answers, below min_subgroup_size=10",4
subgroup,CLM-000147,country,Jordan,"only 1 valid (non-IDK) answers, below min_subgroup_size=10",1
subgroup,CLM-000147,country,Latvia,"only 1 valid (non-IDK) answers, below min_subgroup_size=10",1
subgroup,CLM-000147,country,Lithuania,"only 0 valid (non-IDK) answers, below min_subgroup_size=10",0
subgroup,CLM-000147,country,Mexico,"only 1 valid (non-IDK) answers, below min_subgroup_size=10",1
subgroup,CLM-000147,country,New Zealand,"only 6 valid (non-IDK) answers, below min_subgroup_size=10",6
subgroup,CLM-000147,country,Norway,"only 5 valid (non-IDK) answers, below min_subgroup_size=10",5
subgroup,CLM-000147,country,Poland,"only 4 valid (non-IDK) answers, below min_subgroup_size=10",4
subgroup,CLM-000147,country,Portugal,"only 1 valid (non-IDK) answers, below min_subgroup_size=10",1
subgroup,CLM-000147,country,Russia,"only 1 valid (non-IDK) answers, below min_subgroup_size=10",1
subgroup,CLM-000147,country,Singapore,"only 1 valid (non-IDK) answers, below min_subgroup_size=10",1
subgroup,CLM-000147,country,South Africa,"only 3 valid (non-IDK) answers, below min_subgroup_size=10",3
subgroup,CLM-000147,country,Spain,"only 5 valid (non-IDK) answers, below min_subgroup_size=10",5
subgroup,CLM-000147,country,Switzerland,"only 7 valid (non-IDK) answers, below min_subgroup_size=10",7
subgroup,CLM-000147,country,Thailand,"only 1 valid (non-IDK) answers, below min_subgroup_size=10",1
subgroup,CLM-000147,country,Uruguay,"only 1 valid (non-IDK) answers, below min_subgroup_size=10",1
unassigned,CLM-000147,country,(not recorded),"56 respondent(s) did not answer the optional 'country' question, so they belong to no subgroup and cannot enter this comparison",52
subgroup,CLM-000115,country,Albania,"only 0 valid (non-IDK) answers, below min_subgroup_size=10",0
subgroup,CLM-000115,country,Austria,"only 7 valid (non-IDK) answers, below min_subgroup_size=10",7
subgroup,CLM-000115,country,Azerbaijan,"only 1 valid (non-IDK) answers, below min_subgroup_size=10",1
subgroup,CLM-000115,country,Belgium,"only 2 valid (non-IDK) answers, below min_subgroup_size=10",2
subgroup,CLM-000115,country,Brazil,"only 3 valid (non-IDK) answers, below min_subgroup_size=10",3
subgroup,CLM-000115,country,China,"only 1 valid (non-IDK) answers, below min_subgroup_size=10",1
subgroup,CLM-000115,country,Colombia,"only 1 valid (non-IDK) answers, below min_subgroup_size=10",1
subgroup,CLM-000115,country,Czech Republic,"only 2 valid (non-IDK) answers, below min_subgroup_size=10",2
subgroup,CLM-000115,country,Denmark,"only 5 valid (non-IDK) answers, below min_subgroup_size=10",5
subgroup,CLM-000115,country,Finland,"only 8 valid (non-IDK) answers, below min_subgroup_size=10",8
subgroup,CLM-000115,country,Greece,"only 1 valid (non-IDK) answers, below min_subgroup_size=10",1
subgroup,CLM-000115,country,Hungary,"only 0 valid (non-IDK) answers, below min_subgroup_size=10",0
subgroup,CLM-000115,country,India,"only 3 valid (non-IDK) answers, below min_subgroup_size=10",3
subgroup,CLM-000115,country,Iran,"only 1 valid (non-IDK) answers, below min_subgroup_size=10",1
subgroup,CLM-000115,country,Ireland,"only 5 valid (non-IDK) answers, below min_subgroup_size=10",5
subgroup,CLM-000115,country,Israel,"only 1 valid (non-IDK) answers, below min_subgroup_size=10",1
subgroup,CLM-000115,country,Italy,"only 4 valid (non-IDK) answers, below min_subgroup_size=10",4
subgroup,CLM-000115,country,Jordan,"only 1 valid (non-IDK) answers, below min_subgroup_size=10",1
subgroup,CLM-000115,country,Latvia,"only 1 valid (non-IDK) answers, below min_subgroup_size=10",1
subgroup,CLM-000115,country,Lithuania,"only 1 valid (non-IDK) answers, below min_subgroup_size=10",1
subgroup,CLM-000115,country,Mexico,"only 1 valid (non-IDK) answers, below min_subgroup_size=10",1
subgroup,CLM-000115,country,New Zealand,"only 7 valid (non-IDK) answers, below min_subgroup_size=10",7
subgroup,CLM-000115,country,Norway,"only 5 valid (non-IDK) answers, below min_subgroup_size=10",5
subgroup,CLM-000115,country,Other / Prefer not to say,"only 6 valid (non-IDK) answers, below min_subgroup_size=10",6
subgroup,CLM-000115,country,Poland,"only 4 valid (non-IDK) answers, below min_subgroup_size=10",4
subgroup,CLM-000115,country,Portugal,"only 1 valid (non-IDK) answers, below min_subgroup_size=10",1
subgroup,CLM-000115,country,Russia,"only 1 valid (non-IDK) answers, below min_subgroup_size=10",1
subgroup,CLM-000115,country,Singapore,"only 1 valid (non-IDK) answers, below min_subgroup_size=10",1
subgroup,CLM-000115,country,South Africa,"only 3 valid (non-IDK) answers, below min_subgroup_size=10",3
subgroup,CLM-000115,country,Spain,"only 4 valid (non-IDK) answers, below min_subgroup_size=10",4
subgroup,CLM-000115,country,Switzerland,"only 6 valid (non-IDK) answers, below min_subgroup_size=10",6
subgroup,CLM-000115,country,Thailand,"only 1 valid (non-IDK) answers, below min_subgroup_size=10",1
subgroup,CLM-000115,country,Uruguay,"only 1 valid (non-IDK) answers, below min_subgroup_size=10",1
unassigned,CLM-000115,country,(not recorded),"56 respondent(s) did not answer the optional 'country' question, so they belong to no subgroup and cannot enter this comparison",48
subgroup,CLM-000224,country,Albania,"only 0 valid (non-IDK) answers, below min_subgroup_size=10",0
subgroup,CLM-000224,country,Austria,"only 6 valid (non-IDK) answers, below min_subgroup_size=10",6
subgroup,CLM-000224,country,Azerbaijan,"only 1 valid (non-IDK) answers, below min_subgroup_size=10",1
subgroup,CLM-000224,country,Belgium,"only 2 valid (non-IDK) answers, below min_subgroup_size=10",2
subgroup,CLM-000224,country,Brazil,"only 3 valid (non-IDK) answers, below min_subgroup_size=10",3
subgroup,CLM-000224,country,China,"only 1 valid (non-IDK) answers, below min_subgroup_size=10",1
subgroup,CLM-000224,country,Colombia,"only 1 valid (non-IDK) answers, below min_subgroup_size=10",1
subgroup,CLM-000224,country,Czech Republic,"only 2 valid (non-IDK) answers, below min_subgroup_size=10",2
subgroup,CLM-000224,country,Denmark,"only 3 valid (non-IDK) answers, below min_subgroup_size=10",3
subgroup,CLM-000224,country,Finland,"only 6 valid (non-IDK) answers, below min_subgroup_size=10",6
subgroup,CLM-000224,country,Greece,"only 1 valid (non-IDK) answers, below min_subgroup_size=10",1
subgroup,CLM-000224,country,Hungary,"only 0 valid (non-IDK) answers, below min_subgroup_size=10",0
subgroup,CLM-000224,country,India,"only 2 valid (non-IDK) answers, below min_subgroup_size=10",2
subgroup,CLM-000224,country,Iran,"only 1 valid (non-IDK) answers, below min_subgroup_size=10",1
subgroup,CLM-000224,country,Ireland,"only 2 valid (non-IDK) answers, below min_subgroup_size=10",2
subgroup,CLM-000224,country,Israel,"only 0 valid (non-IDK) answers, below min_subgroup_size=10",0
subgroup,CLM-000224,country,Italy,"only 4 valid (non-IDK) answers, below min_subgroup_size=10",4
subgroup,CLM-000224,country,Jordan,"only 1 valid (non-IDK) answers, below min_subgroup_size=10",1
subgroup,CLM-000224,country,Latvia,"only 1 valid (non-IDK) answers, below min_subgroup_size=10",1
subgroup,CLM-000224,country,Lithuania,"only 0 valid (non-IDK) answers, below min_subgroup_size=10",0
subgroup,CLM-000224,country,Mexico,"only 1 valid (non-IDK) answers, below min_subgroup_size=10",1
subgroup,CLM-000224,country,New Zealand,"only 4 valid (non-IDK) answers, below min_subgroup_size=10",4
subgroup,CLM-000224,country,Norway,"only 2 valid (non-IDK) answers, below min_subgroup_size=10",2
subgroup,CLM-000224,country,Other / Prefer not to say,"only 5 valid (non-IDK) answers, below min_subgroup_size=10",5
subgroup,CLM-000224,country,Poland,"only 4 valid (non-IDK) answers, below min_subgroup_size=10",4
subgroup,CLM-000224,country,Portugal,"only 1 valid (non-IDK) answers, below min_subgroup_size=10",1
subgroup,CLM-000224,country,Russia,"only 1 valid (non-IDK) answers, below min_subgroup_size=10",1
subgroup,CLM-000224,country,Singapore,"only 1 valid (non-IDK) answers, below min_subgroup_size=10",1
subgroup,CLM-000224,country,South Africa,"only 1 valid (non-IDK) answers, below min_subgroup_size=10",1
subgroup,CLM-000224,country,Spain,"only 5 valid (non-IDK) answers, below min_subgroup_size=10",5
subgroup,CLM-000224,country,Switzerland,"only 5 valid (non-IDK) answers, below min_subgroup_size=10",5
subgroup,CLM-000224,country,Thailand,"only 1 valid (non-IDK) answers, below min_subgroup_size=10",1
subgroup,CLM-000224,country,Uruguay,"only 1 valid (non-IDK) answers, below min_subgroup_size=10",1
unassigned,CLM-000224,country,(not recorded),"56 respondent(s) did not answer the optional 'country' question, so they belong to no subgroup and cannot enter this comparison",36
subgroup,CLM-000470,country,Albania,"only 1 valid (non-IDK) answers, below min_subgroup_size=10",1
subgroup,CLM-000470,country,Austria,"only 5 valid (non-IDK) answers, below min_subgroup_size=10",5
subgroup,CLM-000470,country,Azerbaijan,"only 1 valid (non-IDK) answers, below min_subgroup_size=10",1
subgroup,CLM-000470,country,Belgium,"only 4 valid (non-IDK) answers, below min_subgroup_size=10",4
subgroup,CLM-000470,country,Brazil,"only 2 valid (non-IDK) answers, below min_subgroup_size=10",2
subgroup,CLM-000470,country,China,"only 0 valid (non-IDK) answers, below min_subgroup_size=10",0
subgroup,CLM-000470,country,Colombia,"only 1 valid (non-IDK) answers, below min_subgroup_size=10",1
subgroup,CLM-000470,country,Czech Republic,"only 2 valid (non-IDK) answers, below min_subgroup_size=10",2
subgroup,CLM-000470,country,Denmark,"only 4 valid (non-IDK) answers, below min_subgroup_size=10",4
subgroup,CLM-000470,country,Finland,"only 5 valid (non-IDK) answers, below min_subgroup_size=10",5
subgroup,CLM-000470,country,Greece,"only 1 valid (non-IDK) answers, below min_subgroup_size=10",1
subgroup,CLM-000470,country,Hungary,"only 0 valid (non-IDK) answers, below min_subgroup_size=10",0
subgroup,CLM-000470,country,India,"only 2 valid (non-IDK) answers, below min_subgroup_size=10",2
subgroup,CLM-000470,country,Iran,"only 1 valid (non-IDK) answers, below min_subgroup_size=10",1
subgroup,CLM-000470,country,Ireland,"only 2 valid (non-IDK) answers, below min_subgroup_size=10",2
subgroup,CLM-000470,country,Israel,"only 1 valid (non-IDK) answers, below min_subgroup_size=10",1
subgroup,CLM-000470,country,Italy,"only 4 valid (non-IDK) answers, below min_subgroup_size=10",4
subgroup,CLM-000470,country,Jordan,"only 1 valid (non-IDK) answers, below min_subgroup_size=10",1
subgroup,CLM-000470,country,Latvia,"only 1 valid (non-IDK) answers, below min_subgroup_size=10",1
subgroup,CLM-000470,country,Lithuania,"only 0 valid (non-IDK) answers, below min_subgroup_size=10",0
subgroup,CLM-000470,country,Mexico,"only 0 valid (non-IDK) answers, below min_subgroup_size=10",0
subgroup,CLM-000470,country,New Zealand,"only 6 valid (non-IDK) answers, below min_subgroup_size=10",6
subgroup,CLM-000470,country,Norway,"only 5 valid (non-IDK) answers, below min_subgroup_size=10",5
subgroup,CLM-000470,country,Other / Prefer not to say,"only 7 valid (non-IDK) answers, below min_subgroup_size=10",7
subgroup,CLM-000470,country,Poland,"only 4 valid (non-IDK) answers, below min_subgroup_size=10",4
subgroup,CLM-000470,country,Portugal,"only 0 valid (non-IDK) answers, below min_subgroup_size=10",0
subgroup,CLM-000470,country,Russia,"only 1 valid (non-IDK) answers, below min_subgroup_size=10",1
subgroup,CLM-000470,country,Singapore,"only 0 valid (non-IDK) answers, below min_subgroup_size=10",0
subgroup,CLM-000470,country,South Africa,"only 2 valid (non-IDK) answers, below min_subgroup_size=10",2
subgroup,CLM-000470,country,Spain,"only 3 valid (non-IDK) answers, below min_subgroup_size=10",3
subgroup,CLM-000470,country,Switzerland,"only 4 valid (non-IDK) answers, below min_subgroup_size=10",4
subgroup,CLM-000470,country,Thailand,"only 1 valid (non-IDK) answers, below min_subgroup_size=10",1
subgroup,CLM-000470,country,Uruguay,"only 1 valid (non-IDK) answers, below min_subgroup_size=10",1
unassigned,CLM-000470,country,(not recorded),"56 respondent(s) did not answer the optional 'country' question, so they belong to no subgroup and cannot enter this comparison",39
subgroup,CLM-000015,country,Albania,"only 0 valid (non-IDK) answers, below min_subgroup_size=10",0
subgroup,CLM-000015,country,Austria,"only 6 valid (non-IDK) answers, below min_subgroup_size=10",6
subgroup,CLM-000015,country,Azerbaijan,"only 1 valid (non-IDK) answers, below min_subgroup_size=10",1
subgroup,CLM-000015,country,Belgium,"only 3 valid (non-IDK) answers, below min_subgroup_size=10",3
subgroup,CLM-000015,country,Brazil,"only 2 valid (non-IDK) answers, below min_subgroup_size=10",2
subgroup,CLM-000015,country,China,"only 1 valid (non-IDK) answers, below min_subgroup_size=10",1
subgroup,CLM-000015,country,Colombia,"only 0 valid (non-IDK) answers, below min_subgroup_size=10",0
subgroup,CLM-000015,country,Czech Republic,"only 2 valid (non-IDK) answers, below min_subgroup_size=10",2
subgroup,CLM-000015,country,Denmark,"only 4 valid (non-IDK) answers, below min_subgroup_size=10",4
subgroup,CLM-000015,country,Finland,"only 8 valid (non-IDK) answers, below min_subgroup_size=10",8
subgroup,CLM-000015,country,Greece,"only 1 valid (non-IDK) answers, below min_subgroup_size=10",1
subgroup,CLM-000015,country,Hungary,"only 0 valid (non-IDK) answers, below min_subgroup_size=10",0
subgroup,CLM-000015,country,India,"only 3 valid (non-IDK) answers, below min_subgroup_size=10",3
subgroup,CLM-000015,country,Iran,"only 1 valid (non-IDK) answers, below min_subgroup_size=10",1
subgroup,CLM-000015,country,Ireland,"only 3 valid (non-IDK) answers, below min_subgroup_size=10",3
subgroup,CLM-000015,country,Israel,"only 2 valid (non-IDK) answers, below min_subgroup_size=10",2
subgroup,CLM-000015,country,Italy,"only 4 valid (non-IDK) answers, below min_subgroup_size=10",4
subgroup,CLM-000015,country,Jordan,"only 1 valid (non-IDK) answers, below min_subgroup_size=10",1
subgroup,CLM-000015,country,Latvia,"only 1 valid (non-IDK) answers, below min_subgroup_size=10",1
subgroup,CLM-000015,country,Lithuania,"only 1 valid (non-IDK) answers, below min_subgroup_size=10",1
subgroup,CLM-000015,country,Mexico,"only 1 valid (non-IDK) answers, below min_subgroup_size=10",1
subgroup,CLM-000015,country,New Zealand,"only 3 valid (non-IDK) answers, below min_subgroup_size=10",3
subgroup,CLM-000015,country,Norway,"only 4 valid (non-IDK) answers, below min_subgroup_size=10",4
subgroup,CLM-000015,country,Other / Prefer not to say,"only 4 valid (non-IDK) answers, below min_subgroup_size=10",4
subgroup,CLM-000015,country,Poland,"only 2 valid (non-IDK) answers, below min_subgroup_size=10",2
subgroup,CLM-000015,country,Portugal,"only 1 valid (non-IDK) answers, below min_subgroup_size=10",1
subgroup,CLM-000015,country,Russia,"only 1 valid (non-IDK) answers, below min_subgroup_size=10",1
subgroup,CLM-000015,country,Singapore,"only 0 valid (non-IDK) answers, below min_subgroup_size=10",0
subgroup,CLM-000015,country,South Africa,"only 3 valid (non-IDK) answers, below min_subgroup_size=10",3
subgroup,CLM-000015,country,Spain,"only 3 valid (non-IDK) answers, below min_subgroup_size=10",3
subgroup,CLM-000015,country,Switzerland,"only 6 valid (non-IDK) answers, below min_subgroup_size=10",6
subgroup,CLM-000015,country,Thailand,"only 1 valid (non-IDK) answers, below min_subgroup_size=10",1
subgroup,CLM-000015,country,Uruguay,"only 1 valid (non-IDK) answers, below min_subgroup_size=10",1
unassigned,CLM-000015,country,(not recorded),"56 respondent(s) did not answer the optional 'country' question, so they belong to no subgroup and cannot enter this comparison",37
subgroup,CLM-000223,country,Albania,"only 1 valid (non-IDK) answers, below min_subgroup_size=10",1
subgroup,CLM-000223,country,Azerbaijan,"only 1 valid (non-IDK) answers, below min_subgroup_size=10",1
subgroup,CLM-000223,country,Belgium,"only 5 valid (non-IDK) answers, below min_subgroup_size=10",5
subgroup,CLM-000223,country,Brazil,"only 3 valid (non-IDK) answers, below min_subgroup_size=10",3
subgroup,CLM-000223,country,China,"only 1 valid (non-IDK) answers, below min_subgroup_size=10",1
subgroup,CLM-000223,country,Colombia,"only 1 valid (non-IDK) answers, below min_subgroup_size=10",1
subgroup,CLM-000223,country,Czech Republic,"only 2 valid (non-IDK) answers, below min_subgroup_size=10",2
subgroup,CLM-000223,country,Denmark,"only 6 valid (non-IDK) answers, below min_subgroup_size=10",6
subgroup,CLM-000223,country,Greece,"only 1 valid (non-IDK) answers, below min_subgroup_size=10",1
subgroup,CLM-000223,country,Hungary,"only 1 valid (non-IDK) answers, below min_subgroup_size=10",1
subgroup,CLM-000223,country,India,"only 3 valid (non-IDK) answers, below min_subgroup_size=10",3
subgroup,CLM-000223,country,Iran,"only 1 valid (non-IDK) answers, below min_subgroup_size=10",1
subgroup,CLM-000223,country,Ireland,"only 3 valid (non-IDK) answers, below min_subgroup_size=10",3
subgroup,CLM-000223,country,Israel,"only 2 valid (non-IDK) answers, below min_subgroup_size=10",2
subgroup,CLM-000223,country,Italy,"only 4 valid (non-IDK) answers, below min_subgroup_size=10",4
subgroup,CLM-000223,country,Jordan,"only 1 valid (non-IDK) answers, below min_subgroup_size=10",1
subgroup,CLM-000223,country,Latvia,"only 1 valid (non-IDK) answers, below min_subgroup_size=10",1
subgroup,CLM-000223,country,Lithuania,"only 1 valid (non-IDK) answers, below min_subgroup_size=10",1
subgroup,CLM-000223,country,Mexico,"only 1 valid (non-IDK) answers, below min_subgroup_size=10",1
subgroup,CLM-000223,country,New Zealand,"only 7 valid (non-IDK) answers, below min_subgroup_size=10",7
subgroup,CLM-000223,country,Norway,"only 5 valid (non-IDK) answers, below min_subgroup_size=10",5
subgroup,CLM-000223,country,Other / Prefer not to say,"only 9 valid (non-IDK) answers, below min_subgroup_size=10",9
subgroup,CLM-000223,country,Poland,"only 4 valid (non-IDK) answers, below min_subgroup_size=10",4
subgroup,CLM-000223,country,Portugal,"only 1 valid (non-IDK) answers, below min_subgroup_size=10",1
subgroup,CLM-000223,country,Russia,"only 1 valid (non-IDK) answers, below min_subgroup_size=10",1
subgroup,CLM-000223,country,Singapore,"only 1 valid (non-IDK) answers, below min_subgroup_size=10",1
subgroup,CLM-000223,country,South Africa,"only 3 valid (non-IDK) answers, below min_subgroup_size=10",3
subgroup,CLM-000223,country,Spain,"only 5 valid (non-IDK) answers, below min_subgroup_size=10",5
subgroup,CLM-000223,country,Switzerland,"only 7 valid (non-IDK) answers, below min_subgroup_size=10",7
subgroup,CLM-000223,country,Thailand,"only 1 valid (non-IDK) answers, below min_subgroup_size=10",1
subgroup,CLM-000223,country,Uruguay,"only 1 valid (non-IDK) answers, below min_subgroup_size=10",1
unassigned,CLM-000223,country,(not recorded),"56 respondent(s) did not answer the optional 'country' question, so they belong to no subgroup and cannot enter this comparison",53
subgroup,CLM-000045,country,Albania,"only 0 valid (non-IDK) answers, below min_subgroup_size=10",0
subgroup,CLM-000045,country,Austria,"only 9 valid (non-IDK) answers, below min_subgroup_size=10",9
subgroup,CLM-000045,country,Azerbaijan,"only 1 valid (non-IDK) answers, below min_subgroup_size=10",1
subgroup,CLM-000045,country,Belgium,"only 4 valid (non-IDK) answers, below min_subgroup_size=10",4
subgroup,CLM-000045,country,Brazil,"only 3 valid (non-IDK) answers, below min_subgroup_size=10",3
subgroup,CLM-000045,country,China,"only 1 valid (non-IDK) answers, below min_subgroup_size=10",1
subgroup,CLM-000045,country,Colombia,"only 1 valid (non-IDK) answers, below min_subgroup_size=10",1
subgroup,CLM-000045,country,Czech Republic,"only 2 valid (non-IDK) answers, below min_subgroup_size=10",2
subgroup,CLM-000045,country,Denmark,"only 6 valid (non-IDK) answers, below min_subgroup_size=10",6
subgroup,CLM-000045,country,Greece,"only 1 valid (non-IDK) answers, below min_subgroup_size=10",1
subgroup,CLM-000045,country,Hungary,"only 1 valid (non-IDK) answers, below min_subgroup_size=10",1
subgroup,CLM-000045,country,India,"only 2 valid (non-IDK) answers, below min_subgroup_size=10",2
subgroup,CLM-000045,country,Iran,"only 1 valid (non-IDK) answers, below min_subgroup_size=10",1
subgroup,CLM-000045,country,Ireland,"only 4 valid (non-IDK) answers, below min_subgroup_size=10",4
subgroup,CLM-000045,country,Israel,"only 2 valid (non-IDK) answers, below min_subgroup_size=10",2
subgroup,CLM-000045,country,Italy,"only 4 valid (non-IDK) answers, below min_subgroup_size=10",4
subgroup,CLM-000045,country,Jordan,"only 1 valid (non-IDK) answers, below min_subgroup_size=10",1
subgroup,CLM-000045,country,Latvia,"only 1 valid (non-IDK) answers, below min_subgroup_size=10",1
subgroup,CLM-000045,country,Lithuania,"only 1 valid (non-IDK) answers, below min_subgroup_size=10",1
subgroup,CLM-000045,country,Mexico,"only 1 valid (non-IDK) answers, below min_subgroup_size=10",1
subgroup,CLM-000045,country,New Zealand,"only 7 valid (non-IDK) answers, below min_subgroup_size=10",7
subgroup,CLM-000045,country,Norway,"only 4 valid (non-IDK) answers, below min_subgroup_size=10",4
subgroup,CLM-000045,country,Other / Prefer not to say,"only 9 valid (non-IDK) answers, below min_subgroup_size=10",9
subgroup,CLM-000045,country,Poland,"only 4 valid (non-IDK) answers, below min_subgroup_size=10",4
subgroup,CLM-000045,country,Portugal,"only 1 valid (non-IDK) answers, below min_subgroup_size=10",1
subgroup,CLM-000045,country,Russia,"only 1 valid (non-IDK) answers, below min_subgroup_size=10",1
subgroup,CLM-000045,country,Singapore,"only 1 valid (non-IDK) answers, below min_subgroup_size=10",1
subgroup,CLM-000045,country,South Africa,"only 3 valid (non-IDK) answers, below min_subgroup_size=10",3
subgroup,CLM-000045,country,Spain,"only 5 valid (non-IDK) answers, below min_subgroup_size=10",5
subgroup,CLM-000045,country,Switzerland,"only 6 valid (non-IDK) answers, below min_subgroup_size=10",6
subgroup,CLM-000045,country,Thailand,"only 1 valid (non-IDK) answers, below min_subgroup_size=10",1
subgroup,CLM-000045,country,Uruguay,"only 1 valid (non-IDK) answers, below min_subgroup_size=10",1
unassigned,CLM-000045,country,(not recorded),"56 respondent(s) did not answer the optional 'country' question, so they belong to no subgroup and cannot enter this comparison",53
subgroup,CLM-000087,country,Albania,"only 0 valid (non-IDK) answers, below min_subgroup_size=10",0
subgroup,CLM-000087,country,Austria,"only 8 valid (non-IDK) answers, below min_subgroup_size=10",8
subgroup,CLM-000087,country,Azerbaijan,"only 1 valid (non-IDK) answers, below min_subgroup_size=10",1
subgroup,CLM-000087,country,Belgium,"only 3 valid (non-IDK) answers, below min_subgroup_size=10",3
subgroup,CLM-000087,country,Brazil,"only 3 valid (non-IDK) answers, below min_subgroup_size=10",3
subgroup,CLM-000087,country,China,"only 1 valid (non-IDK) answers, below min_subgroup_size=10",1
subgroup,CLM-000087,country,Colombia,"only 1 valid (non-IDK) answers, below min_subgroup_size=10",1
subgroup,CLM-000087,country,Czech Republic,"only 2 valid (non-IDK) answers, below min_subgroup_size=10",2
subgroup,CLM-000087,country,Denmark,"only 4 valid (non-IDK) answers, below min_subgroup_size=10",4
subgroup,CLM-000087,country,Finland,"only 8 valid (non-IDK) answers, below min_subgroup_size=10",8
subgroup,CLM-000087,country,Greece,"only 0 valid (non-IDK) answers, below min_subgroup_size=10",0
subgroup,CLM-000087,country,Hungary,"only 0 valid (non-IDK) answers, below min_subgroup_size=10",0
subgroup,CLM-000087,country,India,"only 3 valid (non-IDK) answers, below min_subgroup_size=10",3
subgroup,CLM-000087,country,Iran,"only 1 valid (non-IDK) answers, below min_subgroup_size=10",1
subgroup,CLM-000087,country,Ireland,"only 4 valid (non-IDK) answers, below min_subgroup_size=10",4
subgroup,CLM-000087,country,Israel,"only 1 valid (non-IDK) answers, below min_subgroup_size=10",1
subgroup,CLM-000087,country,Italy,"only 4 valid (non-IDK) answers, below min_subgroup_size=10",4
subgroup,CLM-000087,country,Jordan,"only 1 valid (non-IDK) answers, below min_subgroup_size=10",1
subgroup,CLM-000087,country,Latvia,"only 1 valid (non-IDK) answers, below min_subgroup_size=10",1
subgroup,CLM-000087,country,Lithuania,"only 0 valid (non-IDK) answers, below min_subgroup_size=10",0
subgroup,CLM-000087,country,Mexico,"only 1 valid (non-IDK) answers, below min_subgroup_size=10",1
subgroup,CLM-000087,country,New Zealand,"only 5 valid (non-IDK) answers, below min_subgroup_size=10",5
subgroup,CLM-000087,country,Norway,"only 4 valid (non-IDK) answers, below min_subgroup_size=10",4
subgroup,CLM-000087,country,Other / Prefer not to say,"only 7 valid (non-IDK) answers, below min_subgroup_size=10",7
subgroup,CLM-000087,country,Poland,"only 4 valid (non-IDK) answers, below min_subgroup_size=10",4
subgroup,CLM-000087,country,Portugal,"only 1 valid (non-IDK) answers, below min_subgroup_size=10",1
subgroup,CLM-000087,country,Russia,"only 1 valid (non-IDK) answers, below min_subgroup_size=10",1
subgroup,CLM-000087,country,Singapore,"only 1 valid (non-IDK) answers, below min_subgroup_size=10",1
subgroup,CLM-000087,country,South Africa,"only 3 valid (non-IDK) answers, below min_subgroup_size=10",3
subgroup,CLM-000087,country,Spain,"only 5 valid (non-IDK) answers, below min_subgroup_size=10",5
subgroup,CLM-000087,country,Switzerland,"only 5 valid (non-IDK) answers, below min_subgroup_size=10",5
subgroup,CLM-000087,country,Thailand,"only 1 valid (non-IDK) answers, below min_subgroup_size=10",1
subgroup,CLM-000087,country,Uruguay,"only 0 valid (non-IDK) answers, below min_subgroup_size=10",0
unassigned,CLM-000087,country,(not recorded),"56 respondent(s) did not answer the optional 'country' question, so they belong to no subgroup and cannot enter this comparison",43
subgroup,CLM-000178,country,Albania,"only 0 valid (non-IDK) answers, below min_subgroup_size=10",0
subgroup,CLM-000178,country,Austria,"only 7 valid (non-IDK) answers, below min_subgroup_size=10",7
subgroup,CLM-000178,country,Azerbaijan,"only 1 valid (non-IDK) answers, below min_subgroup_size=10",1
subgroup,CLM-000178,country,Belgium,"only 4 valid (non-IDK) answers, below min_subgroup_size=10",4
subgroup,CLM-000178,country,Brazil,"only 3 valid (non-IDK) answers, below min_subgroup_size=10",3
subgroup,CLM-000178,country,China,"only 1 valid (non-IDK) answers, below min_subgroup_size=10",1
subgroup,CLM-000178,country,Colombia,"only 1 valid (non-IDK) answers, below min_subgroup_size=10",1
subgroup,CLM-000178,country,Czech Republic,"only 2 valid (non-IDK) answers, below min_subgroup_size=10",2
subgroup,CLM-000178,country,Denmark,"only 4 valid (non-IDK) answers, below min_subgroup_size=10",4
subgroup,CLM-000178,country,Finland,"only 7 valid (non-IDK) answers, below min_subgroup_size=10",7
subgroup,CLM-000178,country,Greece,"only 1 valid (non-IDK) answers, below min_subgroup_size=10",1
subgroup,CLM-000178,country,Hungary,"only 1 valid (non-IDK) answers, below min_subgroup_size=10",1
subgroup,CLM-000178,country,India,"only 2 valid (non-IDK) answers, below min_subgroup_size=10",2
subgroup,CLM-000178,country,Iran,"only 1 valid (non-IDK) answers, below min_subgroup_size=10",1
subgroup,CLM-000178,country,Ireland,"only 2 valid (non-IDK) answers, below min_subgroup_size=10",2
subgroup,CLM-000178,country,Israel,"only 0 valid (non-IDK) answers, below min_subgroup_size=10",0
subgroup,CLM-000178,country,Italy,"only 3 valid (non-IDK) answers, below min_subgroup_size=10",3
subgroup,CLM-000178,country,Jordan,"only 1 valid (non-IDK) answers, below min_subgroup_size=10",1
subgroup,CLM-000178,country,Latvia,"only 1 valid (non-IDK) answers, below min_subgroup_size=10",1
subgroup,CLM-000178,country,Lithuania,"only 0 valid (non-IDK) answers, below min_subgroup_size=10",0
subgroup,CLM-000178,country,Mexico,"only 0 valid (non-IDK) answers, below min_subgroup_size=10",0
subgroup,CLM-000178,country,New Zealand,"only 5 valid (non-IDK) answers, below min_subgroup_size=10",5
subgroup,CLM-000178,country,Norway,"only 3 valid (non-IDK) answers, below min_subgroup_size=10",3
subgroup,CLM-000178,country,Other / Prefer not to say,"only 8 valid (non-IDK) answers, below min_subgroup_size=10",8
subgroup,CLM-000178,country,Poland,"only 4 valid (non-IDK) answers, below min_subgroup_size=10",4
subgroup,CLM-000178,country,Portugal,"only 1 valid (non-IDK) answers, below min_subgroup_size=10",1
subgroup,CLM-000178,country,Russia,"only 1 valid (non-IDK) answers, below min_subgroup_size=10",1
subgroup,CLM-000178,country,Singapore,"only 1 valid (non-IDK) answers, below min_subgroup_size=10",1
subgroup,CLM-000178,country,South Africa,"only 3 valid (non-IDK) answers, below min_subgroup_size=10",3
subgroup,CLM-000178,country,Spain,"only 3 valid (non-IDK) answers, below min_subgroup_size=10",3
subgroup,CLM-000178,country,Switzerland,"only 4 valid (non-IDK) answers, below min_subgroup_size=10",4
subgroup,CLM-000178,country,Thailand,"only 1 valid (non-IDK) answers, below min_subgroup_size=10",1
subgroup,CLM-000178,country,Uruguay,"only 1 valid (non-IDK) answers, below min_subgroup_size=10",1
unassigned,CLM-000178,country,(not recorded),"56 respondent(s) did not answer the optional 'country' question, so they belong to no subgroup and cannot enter this comparison",38
subgroup,CLM-000269,country,Albania,"only 1 valid (non-IDK) answers, below min_subgroup_size=10",1
subgroup,CLM-000269,country,Austria,"only 9 valid (non-IDK) answers, below min_subgroup_size=10",9
subgroup,CLM-000269,country,Azerbaijan,"only 1 valid (non-IDK) answers, below min_subgroup_size=10",1
subgroup,CLM-000269,country,Belgium,"only 5 valid (non-IDK) answers, below min_subgroup_size=10",5
subgroup,CLM-000269,country,Brazil,"only 3 valid (non-IDK) answers, below min_subgroup_size=10",3
subgroup,CLM-000269,country,China,"only 1 valid (non-IDK) answers, below min_subgroup_size=10",1
subgroup,CLM-000269,country,Colombia,"only 1 valid (non-IDK) answers, below min_subgroup_size=10",1
subgroup,CLM-000269,country,Czech Republic,"only 2 valid (non-IDK) answers, below min_subgroup_size=10",2
subgroup,CLM-000269,country,Denmark,"only 6 valid (non-IDK) answers, below min_subgroup_size=10",6
subgroup,CLM-000269,country,Greece,"only 1 valid (non-IDK) answers, below min_subgroup_size=10",1
subgroup,CLM-000269,country,Hungary,"only 1 valid (non-IDK) answers, below min_subgroup_size=10",1
subgroup,CLM-000269,country,India,"only 3 valid (non-IDK) answers, below min_subgroup_size=10",3
subgroup,CLM-000269,country,Iran,"only 1 valid (non-IDK) answers, below min_subgroup_size=10",1
subgroup,CLM-000269,country,Ireland,"only 5 valid (non-IDK) answers, below min_subgroup_size=10",5
subgroup,CLM-000269,country,Israel,"only 2 valid (non-IDK) answers, below min_subgroup_size=10",2
subgroup,CLM-000269,country,Italy,"only 4 valid (non-IDK) answers, below min_subgroup_size=10",4
subgroup,CLM-000269,country,Jordan,"only 1 valid (non-IDK) answers, below min_subgroup_size=10",1
subgroup,CLM-000269,country,Latvia,"only 1 valid (non-IDK) answers, below min_subgroup_size=10",1
subgroup,CLM-000269,country,Lithuania,"only 1 valid (non-IDK) answers, below min_subgroup_size=10",1
subgroup,CLM-000269,country,Mexico,"only 1 valid (non-IDK) answers, below min_subgroup_size=10",1
subgroup,CLM-000269,country,New Zealand,"only 7 valid (non-IDK) answers, below min_subgroup_size=10",7
subgroup,CLM-000269,country,Norway,"only 5 valid (non-IDK) answers, below min_subgroup_size=10",5
subgroup,CLM-000269,country,Other / Prefer not to say,"only 9 valid (non-IDK) answers, below min_subgroup_size=10",9
subgroup,CLM-000269,country,Poland,"only 3 valid (non-IDK) answers, below min_subgroup_size=10",3
subgroup,CLM-000269,country,Portugal,"only 1 valid (non-IDK) answers, below min_subgroup_size=10",1
subgroup,CLM-000269,country,Russia,"only 1 valid (non-IDK) answers, below min_subgroup_size=10",1
subgroup,CLM-000269,country,Singapore,"only 1 valid (non-IDK) answers, below min_subgroup_size=10",1
subgroup,CLM-000269,country,South Africa,"only 3 valid (non-IDK) answers, below min_subgroup_size=10",3
subgroup,CLM-000269,country,Spain,"only 5 valid (non-IDK) answers, below min_subgroup_size=10",5
subgroup,CLM-000269,country,Switzerland,"only 6 valid (non-IDK) answers, below min_subgroup_size=10",6
subgroup,CLM-000269,country,Thailand,"only 1 valid (non-IDK) answers, below min_subgroup_size=10",1
subgroup,CLM-000269,country,Uruguay,"only 1 valid (non-IDK) answers, below min_subgroup_size=10",1
unassigned,CLM-000269,country,(not recorded),"56 respondent(s) did not answer the optional 'country' question, so they belong to no subgroup and cannot enter this comparison",55
subgroup,CLM-000238,country,Albania,"only 0 valid (non-IDK) answers, below min_subgroup_size=10",0
subgroup,CLM-000238,country,Austria,"only 5 valid (non-IDK) answers, below min_subgroup_size=10",5
subgroup,CLM-000238,country,Azerbaijan,"only 0 valid (non-IDK) answers, below min_subgroup_size=10",0
subgroup,CLM-000238,country,Belgium,"only 2 valid (non-IDK) answers, below min_subgroup_size=10",2
subgroup,CLM-000238,country,Brazil,"only 2 valid (non-IDK) answers, below min_subgroup_size=10",2
subgroup,CLM-000238,country,China,"only 0 valid (non-IDK) answers, below min_subgroup_size=10",0
subgroup,CLM-000238,country,Colombia,"only 1 valid (non-IDK) answers, below min_subgroup_size=10",1
subgroup,CLM-000238,country,Czech Republic,"only 2 valid (non-IDK) answers, below min_subgroup_size=10",2
subgroup,CLM-000238,country,Denmark,"only 2 valid (non-IDK) answers, below min_subgroup_size=10",2
subgroup,CLM-000238,country,Finland,"only 3 valid (non-IDK) answers, below min_subgroup_size=10",3
subgroup,CLM-000238,country,France,"only 9 valid (non-IDK) answers, below min_subgroup_size=10",9
subgroup,CLM-000238,country,Greece,"only 1 valid (non-IDK) answers, below min_subgroup_size=10",1
subgroup,CLM-000238,country,Hungary,"only 1 valid (non-IDK) answers, below min_subgroup_size=10",1
subgroup,CLM-000238,country,India,"only 3 valid (non-IDK) answers, below min_subgroup_size=10",3
subgroup,CLM-000238,country,Iran,"only 1 valid (non-IDK) answers, below min_subgroup_size=10",1
subgroup,CLM-000238,country,Ireland,"only 2 valid (non-IDK) answers, below min_subgroup_size=10",2
subgroup,CLM-000238,country,Israel,"only 0 valid (non-IDK) answers, below min_subgroup_size=10",0
subgroup,CLM-000238,country,Italy,"only 3 valid (non-IDK) answers, below min_subgroup_size=10",3
subgroup,CLM-000238,country,Jordan,"only 1 valid (non-IDK) answers, below min_subgroup_size=10",1
subgroup,CLM-000238,country,Latvia,"only 0 valid (non-IDK) answers, below min_subgroup_size=10",0
subgroup,CLM-000238,country,Lithuania,"only 0 valid (non-IDK) answers, below min_subgroup_size=10",0
subgroup,CLM-000238,country,Mexico,"only 0 valid (non-IDK) answers, below min_subgroup_size=10",0
subgroup,CLM-000238,country,New Zealand,"only 5 valid (non-IDK) answers, below min_subgroup_size=10",5
subgroup,CLM-000238,country,Norway,"only 3 valid (non-IDK) answers, below min_subgroup_size=10",3
subgroup,CLM-000238,country,Other / Prefer not to say,"only 5 valid (non-IDK) answers, below min_subgroup_size=10",5
subgroup,CLM-000238,country,Poland,"only 3 valid (non-IDK) answers, below min_subgroup_size=10",3
subgroup,CLM-000238,country,Portugal,"only 0 valid (non-IDK) answers, below min_subgroup_size=10",0
subgroup,CLM-000238,country,Russia,"only 1 valid (non-IDK) answers, below min_subgroup_size=10",1
subgroup,CLM-000238,country,Singapore,"only 1 valid (non-IDK) answers, below min_subgroup_size=10",1
subgroup,CLM-000238,country,South Africa,"only 2 valid (non-IDK) answers, below min_subgroup_size=10",2
subgroup,CLM-000238,country,Spain,"only 3 valid (non-IDK) answers, below min_subgroup_size=10",3
subgroup,CLM-000238,country,Switzerland,"only 3 valid (non-IDK) answers, below min_subgroup_size=10",3
subgroup,CLM-000238,country,Thailand,"only 1 valid (non-IDK) answers, below min_subgroup_size=10",1
subgroup,CLM-000238,country,Uruguay,"only 0 valid (non-IDK) answers, below min_subgroup_size=10",0
unassigned,CLM-000238,country,(not recorded),"56 respondent(s) did not answer the optional 'country' question, so they belong to no subgroup and cannot enter this comparison",35
subgroup,CLM-000361,country,Albania,"only 0 valid (non-IDK) answers, below min_subgroup_size=10",0
subgroup,CLM-000361,country,Australia,"only 8 valid (non-IDK) answers, below min_subgroup_size=10",8
subgroup,CLM-000361,country,Austria,"only 3 valid (non-IDK) answers, below min_subgroup_size=10",3
subgroup,CLM-000361,country,Azerbaijan,"only 1 valid (non-IDK) answers, below min_subgroup_size=10",1
subgroup,CLM-000361,country,Belgium,"only 2 valid (non-IDK) answers, below min_subgroup_size=10",2
subgroup,CLM-000361,country,Brazil,"only 1 valid (non-IDK) answers, below min_subgroup_size=10",1
subgroup,CLM-000361,country,China,"only 1 valid (non-IDK) answers, below min_subgroup_size=10",1
subgroup,CLM-000361,country,Colombia,"only 0 valid (non-IDK) answers, below min_subgroup_size=10",0
subgroup,CLM-000361,country,Czech Republic,"only 2 valid (non-IDK) answers, below min_subgroup_size=10",2
subgroup,CLM-000361,country,Denmark,"only 0 valid (non-IDK) answers, below min_subgroup_size=10",0
subgroup,CLM-000361,country,Finland,"only 3 valid (non-IDK) answers, below min_subgroup_size=10",3
subgroup,CLM-000361,country,France,"only 4 valid (non-IDK) answers, below min_subgroup_size=10",4
subgroup,CLM-000361,country,Greece,"only 0 valid (non-IDK) answers, below min_subgroup_size=10",0
subgroup,CLM-000361,country,Hungary,"only 0 valid (non-IDK) answers, below min_subgroup_size=10",0
subgroup,CLM-000361,country,India,"only 0 valid (non-IDK) answers, below min_subgroup_size=10",0
subgroup,CLM-000361,country,Iran,"only 1 valid (non-IDK) answers, below min_subgroup_size=10",1
subgroup,CLM-000361,country,Ireland,"only 2 valid (non-IDK) answers, below min_subgroup_size=10",2
subgroup,CLM-000361,country,Israel,"only 0 valid (non-IDK) answers, below min_subgroup_size=10",0
subgroup,CLM-000361,country,Italy,"only 3 valid (non-IDK) answers, below min_subgroup_size=10",3
subgroup,CLM-000361,country,Jordan,"only 1 valid (non-IDK) answers, below min_subgroup_size=10",1
subgroup,CLM-000361,country,Latvia,"only 1 valid (non-IDK) answers, below min_subgroup_size=10",1
subgroup,CLM-000361,country,Lithuania,"only 0 valid (non-IDK) answers, below min_subgroup_size=10",0
subgroup,CLM-000361,country,Mexico,"only 0 valid (non-IDK) answers, below min_subgroup_size=10",0
subgroup,CLM-000361,country,Netherlands,"only 9 valid (non-IDK) answers, below min_subgroup_size=10",9
subgroup,CLM-000361,country,New Zealand,"only 3 valid (non-IDK) answers, below min_subgroup_size=10",3
subgroup,CLM-000361,country,Norway,"only 1 valid (non-IDK) answers, below min_subgroup_size=10",1
subgroup,CLM-000361,country,Other / Prefer not to say,"only 1 valid (non-IDK) answers, below min_subgroup_size=10",1
subgroup,CLM-000361,country,Poland,"only 3 valid (non-IDK) answers, below min_subgroup_size=10",3
subgroup,CLM-000361,country,Portugal,"only 0 valid (non-IDK) answers, below min_subgroup_size=10",0
subgroup,CLM-000361,country,Russia,"only 0 valid (non-IDK) answers, below min_subgroup_size=10",0
subgroup,CLM-000361,country,Singapore,"only 1 valid (non-IDK) answers, below min_subgroup_size=10",1
subgroup,CLM-000361,country,South Africa,"only 2 valid (non-IDK) answers, below min_subgroup_size=10",2
subgroup,CLM-000361,country,Spain,"only 3 valid (non-IDK) answers, below min_subgroup_size=10",3
subgroup,CLM-000361,country,Sweden,"only 5 valid (non-IDK) answers, below min_subgroup_size=10",5
subgroup,CLM-000361,country,Switzerland,"only 0 valid (non-IDK) answers, below min_subgroup_size=10",0
subgroup,CLM-000361,country,Thailand,"only 1 valid (non-IDK) answers, below min_subgroup_size=10",1
subgroup,CLM-000361,country,Uruguay,"only 1 valid (non-IDK) answers, below min_subgroup_size=10",1
unassigned,CLM-000361,country,(not recorded),"56 respondent(s) did not answer the optional 'country' question, so they belong to no subgroup and cannot enter this comparison",18
subgroup,CLM-000450,country,Albania,"only 1 valid (non-IDK) answers, below min_subgroup_size=10",1
subgroup,CLM-000450,country,Austria,"only 8 valid (non-IDK) answers, below min_subgroup_size=10",8
subgroup,CLM-000450,country,Azerbaijan,"only 1 valid (non-IDK) answers, below min_subgroup_size=10",1
subgroup,CLM-000450,country,Belgium,"only 5 valid (non-IDK) answers, below min_subgroup_size=10",5
subgroup,CLM-000450,country,Brazil,"only 3 valid (non-IDK) answers, below min_subgroup_size=10",3
subgroup,CLM-000450,country,China,"only 1 valid (non-IDK) answers, below min_subgroup_size=10",1
subgroup,CLM-000450,country,Colombia,"only 1 valid (non-IDK) answers, below min_subgroup_size=10",1
subgroup,CLM-000450,country,Czech Republic,"only 2 valid (non-IDK) answers, below min_subgroup_size=10",2
subgroup,CLM-000450,country,Denmark,"only 6 valid (non-IDK) answers, below min_subgroup_size=10",6
subgroup,CLM-000450,country,Finland,"only 7 valid (non-IDK) answers, below min_subgroup_size=10",7
subgroup,CLM-000450,country,Greece,"only 1 valid (non-IDK) answers, below min_subgroup_size=10",1
subgroup,CLM-000450,country,Hungary,"only 0 valid (non-IDK) answers, below min_subgroup_size=10",0
subgroup,CLM-000450,country,India,"only 3 valid (non-IDK) answers, below min_subgroup_size=10",3
subgroup,CLM-000450,country,Iran,"only 1 valid (non-IDK) answers, below min_subgroup_size=10",1
subgroup,CLM-000450,country,Ireland,"only 3 valid (non-IDK) answers, below min_subgroup_size=10",3
subgroup,CLM-000450,country,Israel,"only 1 valid (non-IDK) answers, below min_subgroup_size=10",1
subgroup,CLM-000450,country,Italy,"only 4 valid (non-IDK) answers, below min_subgroup_size=10",4
subgroup,CLM-000450,country,Jordan,"only 0 valid (non-IDK) answers, below min_subgroup_size=10",0
subgroup,CLM-000450,country,Latvia,"only 1 valid (non-IDK) answers, below min_subgroup_size=10",1
subgroup,CLM-000450,country,Lithuania,"only 0 valid (non-IDK) answers, below min_subgroup_size=10",0
subgroup,CLM-000450,country,Mexico,"only 0 valid (non-IDK) answers, below min_subgroup_size=10",0
subgroup,CLM-000450,country,New Zealand,"only 6 valid (non-IDK) answers, below min_subgroup_size=10",6
subgroup,CLM-000450,country,Norway,"only 2 valid (non-IDK) answers, below min_subgroup_size=10",2
subgroup,CLM-000450,country,Other / Prefer not to say,"only 9 valid (non-IDK) answers, below min_subgroup_size=10",9
subgroup,CLM-000450,country,Poland,"only 4 valid (non-IDK) answers, below min_subgroup_size=10",4
subgroup,CLM-000450,country,Portugal,"only 1 valid (non-IDK) answers, below min_subgroup_size=10",1
subgroup,CLM-000450,country,Russia,"only 1 valid (non-IDK) answers, below min_subgroup_size=10",1
subgroup,CLM-000450,country,Singapore,"only 0 valid (non-IDK) answers, below min_subgroup_size=10",0
subgroup,CLM-000450,country,South Africa,"only 2 valid (non-IDK) answers, below min_subgroup_size=10",2
subgroup,CLM-000450,country,Spain,"only 3 valid (non-IDK) answers, below min_subgroup_size=10",3
subgroup,CLM-000450,country,Switzerland,"only 7 valid (non-IDK) answers, below min_subgroup_size=10",7
subgroup,CLM-000450,country,Thailand,"only 1 valid (non-IDK) answers, below min_subgroup_size=10",1
subgroup,CLM-000450,country,Uruguay,"only 1 valid (non-IDK) answers, below min_subgroup_size=10",1
unassigned,CLM-000450,country,(not recorded),"56 respondent(s) did not answer the optional 'country' question, so they belong to no subgroup and cannot enter this comparison",40
subgroup,CLM-000142,country,Albania,"only 1 valid (non-IDK) answers, below min_subgroup_size=10",1
subgroup,CLM-000142,country,Austria,"only 8 valid (non-IDK) answers, below min_subgroup_size=10",8
subgroup,CLM-000142,country,Azerbaijan,"only 1 valid (non-IDK) answers, below min_subgroup_size=10",1
subgroup,CLM-000142,country,Belgium,"only 5 valid (non-IDK) answers, below min_subgroup_size=10",5
subgroup,CLM-000142,country,Brazil,"only 3 valid (non-IDK) answers, below min_subgroup_size=10",3
subgroup,CLM-000142,country,China,"only 1 valid (non-IDK) answers, below min_subgroup_size=10",1
subgroup,CLM-000142,country,Colombia,"only 1 valid (non-IDK) answers, below min_subgroup_size=10",1
subgroup,CLM-000142,country,Czech Republic,"only 2 valid (non-IDK) answers, below min_subgroup_size=10",2
subgroup,CLM-000142,country,Denmark,"only 6 valid (non-IDK) answers, below min_subgroup_size=10",6
subgroup,CLM-000142,country,Greece,"only 1 valid (non-IDK) answers, below min_subgroup_size=10",1
subgroup,CLM-000142,country,Hungary,"only 1 valid (non-IDK) answers, below min_subgroup_size=10",1
subgroup,CLM-000142,country,India,"only 3 valid (non-IDK) answers, below min_subgroup_size=10",3
subgroup,CLM-000142,country,Iran,"only 1 valid (non-IDK) answers, below min_subgroup_size=10",1
subgroup,CLM-000142,country,Ireland,"only 4 valid (non-IDK) answers, below min_subgroup_size=10",4
subgroup,CLM-000142,country,Israel,"only 2 valid (non-IDK) answers, below min_subgroup_size=10",2
subgroup,CLM-000142,country,Italy,"only 4 valid (non-IDK) answers, below min_subgroup_size=10",4
subgroup,CLM-000142,country,Jordan,"only 1 valid (non-IDK) answers, below min_subgroup_size=10",1
subgroup,CLM-000142,country,Latvia,"only 1 valid (non-IDK) answers, below min_subgroup_size=10",1
subgroup,CLM-000142,country,Lithuania,"only 1 valid (non-IDK) answers, below min_subgroup_size=10",1
subgroup,CLM-000142,country,Mexico,"only 1 valid (non-IDK) answers, below min_subgroup_size=10",1
subgroup,CLM-000142,country,New Zealand,"only 7 valid (non-IDK) answers, below min_subgroup_size=10",7
subgroup,CLM-000142,country,Norway,"only 5 valid (non-IDK) answers, below min_subgroup_size=10",5
subgroup,CLM-000142,country,Poland,"only 4 valid (non-IDK) answers, below min_subgroup_size=10",4
subgroup,CLM-000142,country,Portugal,"only 1 valid (non-IDK) answers, below min_subgroup_size=10",1
subgroup,CLM-000142,country,Russia,"only 1 valid (non-IDK) answers, below min_subgroup_size=10",1
subgroup,CLM-000142,country,Singapore,"only 1 valid (non-IDK) answers, below min_subgroup_size=10",1
subgroup,CLM-000142,country,South Africa,"only 3 valid (non-IDK) answers, below min_subgroup_size=10",3
subgroup,CLM-000142,country,Spain,"only 4 valid (non-IDK) answers, below min_subgroup_size=10",4
subgroup,CLM-000142,country,Switzerland,"only 7 valid (non-IDK) answers, below min_subgroup_size=10",7
subgroup,CLM-000142,country,Thailand,"only 1 valid (non-IDK) answers, below min_subgroup_size=10",1
subgroup,CLM-000142,country,Uruguay,"only 1 valid (non-IDK) answers, below min_subgroup_size=10",1
unassigned,CLM-000142,country,(not recorded),"56 respondent(s) did not answer the optional 'country' question, so they belong to no subgroup and cannot enter this comparison",54
subgroup,CLM-000496,country,Albania,"only 0 valid (non-IDK) answers, below min_subgroup_size=10",0
subgroup,CLM-000496,country,Azerbaijan,"only 1 valid (non-IDK) answers, below min_subgroup_size=10",1
subgroup,CLM-000496,country,Belgium,"only 4 valid (non-IDK) answers, below min_subgroup_size=10",4
subgroup,CLM-000496,country,Brazil,"only 3 valid (non-IDK) answers, below min_subgroup_size=10",3
subgroup,CLM-000496,country,China,"only 1 valid (non-IDK) answers, below min_subgroup_size=10",1
subgroup,CLM-000496,country,Colombia,"only 1 valid (non-IDK) answers, below min_subgroup_size=10",1
subgroup,CLM-000496,country,Czech Republic,"only 2 valid (non-IDK) answers, below min_subgroup_size=10",2
subgroup,CLM-000496,country,Denmark,"only 6 valid (non-IDK) answers, below min_subgroup_size=10",6
subgroup,CLM-000496,country,Finland,"only 9 valid (non-IDK) answers, below min_subgroup_size=10",9
subgroup,CLM-000496,country,Greece,"only 1 valid (non-IDK) answers, below min_subgroup_size=10",1
subgroup,CLM-000496,country,Hungary,"only 1 valid (non-IDK) answers, below min_subgroup_size=10",1
subgroup,CLM-000496,country,India,"only 1 valid (non-IDK) answers, below min_subgroup_size=10",1
subgroup,CLM-000496,country,Iran,"only 1 valid (non-IDK) answers, below min_subgroup_size=10",1
subgroup,CLM-000496,country,Ireland,"only 3 valid (non-IDK) answers, below min_subgroup_size=10",3
subgroup,CLM-000496,country,Israel,"only 1 valid (non-IDK) answers, below min_subgroup_size=10",1
subgroup,CLM-000496,country,Italy,"only 4 valid (non-IDK) answers, below min_subgroup_size=10",4
subgroup,CLM-000496,country,Jordan,"only 1 valid (non-IDK) answers, below min_subgroup_size=10",1
subgroup,CLM-000496,country,Latvia,"only 1 valid (non-IDK) answers, below min_subgroup_size=10",1
subgroup,CLM-000496,country,Lithuania,"only 1 valid (non-IDK) answers, below min_subgroup_size=10",1
subgroup,CLM-000496,country,Mexico,"only 1 valid (non-IDK) answers, below min_subgroup_size=10",1
subgroup,CLM-000496,country,New Zealand,"only 7 valid (non-IDK) answers, below min_subgroup_size=10",7
subgroup,CLM-000496,country,Norway,"only 5 valid (non-IDK) answers, below min_subgroup_size=10",5
subgroup,CLM-000496,country,Other / Prefer not to say,"only 8 valid (non-IDK) answers, below min_subgroup_size=10",8
subgroup,CLM-000496,country,Poland,"only 3 valid (non-IDK) answers, below min_subgroup_size=10",3
subgroup,CLM-000496,country,Portugal,"only 0 valid (non-IDK) answers, below min_subgroup_size=10",0
subgroup,CLM-000496,country,Russia,"only 1 valid (non-IDK) answers, below min_subgroup_size=10",1
subgroup,CLM-000496,country,Singapore,"only 1 valid (non-IDK) answers, below min_subgroup_size=10",1
subgroup,CLM-000496,country,South Africa,"only 2 valid (non-IDK) answers, below min_subgroup_size=10",2
subgroup,CLM-000496,country,Spain,"only 4 valid (non-IDK) answers, below min_subgroup_size=10",4
subgroup,CLM-000496,country,Switzerland,"only 6 valid (non-IDK) answers, below min_subgroup_size=10",6
subgroup,CLM-000496,country,Thailand,"only 1 valid (non-IDK) answers, below min_subgroup_size=10",1
subgroup,CLM-000496,country,Uruguay,"only 1 valid (non-IDK) answers, below min_subgroup_size=10",1
unassigned,CLM-000496,country,(not recorded),"56 respondent(s) did not answer the optional 'country' question, so they belong to no subgroup and cannot enter this comparison",46
subgroup,CLM-000169,country,Albania,"only 0 valid (non-IDK) answers, below min_subgroup_size=10",0
subgroup,CLM-000169,country,Austria,"only 8 valid (non-IDK) answers, below min_subgroup_size=10",8
subgroup,CLM-000169,country,Azerbaijan,"only 1 valid (non-IDK) answers, below min_subgroup_size=10",1
subgroup,CLM-000169,country,Belgium,"only 4 valid (non-IDK) answers, below min_subgroup_size=10",4
subgroup,CLM-000169,country,Brazil,"only 3 valid (non-IDK) answers, below min_subgroup_size=10",3
subgroup,CLM-000169,country,China,"only 1 valid (non-IDK) answers, below min_subgroup_size=10",1
subgroup,CLM-000169,country,Colombia,"only 1 valid (non-IDK) answers, below min_subgroup_size=10",1
subgroup,CLM-000169,country,Czech Republic,"only 2 valid (non-IDK) answers, below min_subgroup_size=10",2
subgroup,CLM-000169,country,Denmark,"only 4 valid (non-IDK) answers, below min_subgroup_size=10",4
subgroup,CLM-000169,country,Greece,"only 1 valid (non-IDK) answers, below min_subgroup_size=10",1
subgroup,CLM-000169,country,Hungary,"only 0 valid (non-IDK) answers, below min_subgroup_size=10",0
subgroup,CLM-000169,country,India,"only 2 valid (non-IDK) answers, below min_subgroup_size=10",2
subgroup,CLM-000169,country,Iran,"only 1 valid (non-IDK) answers, below min_subgroup_size=10",1
subgroup,CLM-000169,country,Ireland,"only 5 valid (non-IDK) answers, below min_subgroup_size=10",5
subgroup,CLM-000169,country,Israel,"only 2 valid (non-IDK) answers, below min_subgroup_size=10",2
subgroup,CLM-000169,country,Italy,"only 4 valid (non-IDK) answers, below min_subgroup_size=10",4
subgroup,CLM-000169,country,Jordan,"only 1 valid (non-IDK) answers, below min_subgroup_size=10",1
subgroup,CLM-000169,country,Latvia,"only 1 valid (non-IDK) answers, below min_subgroup_size=10",1
subgroup,CLM-000169,country,Lithuania,"only 1 valid (non-IDK) answers, below min_subgroup_size=10",1
subgroup,CLM-000169,country,Mexico,"only 1 valid (non-IDK) answers, below min_subgroup_size=10",1
subgroup,CLM-000169,country,New Zealand,"only 5 valid (non-IDK) answers, below min_subgroup_size=10",5
subgroup,CLM-000169,country,Norway,"only 4 valid (non-IDK) answers, below min_subgroup_size=10",4
subgroup,CLM-000169,country,Other / Prefer not to say,"only 7 valid (non-IDK) answers, below min_subgroup_size=10",7
subgroup,CLM-000169,country,Poland,"only 3 valid (non-IDK) answers, below min_subgroup_size=10",3
subgroup,CLM-000169,country,Portugal,"only 1 valid (non-IDK) answers, below min_subgroup_size=10",1
subgroup,CLM-000169,country,Russia,"only 1 valid (non-IDK) answers, below min_subgroup_size=10",1
subgroup,CLM-000169,country,Singapore,"only 1 valid (non-IDK) answers, below min_subgroup_size=10",1
subgroup,CLM-000169,country,South Africa,"only 3 valid (non-IDK) answers, below min_subgroup_size=10",3
subgroup,CLM-000169,country,Spain,"only 5 valid (non-IDK) answers, below min_subgroup_size=10",5
subgroup,CLM-000169,country,Switzerland,"only 7 valid (non-IDK) answers, below min_subgroup_size=10",7
subgroup,CLM-000169,country,Thailand,"only 1 valid (non-IDK) answers, below min_subgroup_size=10",1
subgroup,CLM-000169,country,Uruguay,"only 1 valid (non-IDK) answers, below min_subgroup_size=10",1
unassigned,CLM-000169,country,(not recorded),"56 respondent(s) did not answer the optional 'country' question, so they belong to no subgroup and cannot enter this comparison",46
subgroup,CLM-000036,country,Albania,"only 0 valid (non-IDK) answers, below min_subgroup_size=10",0
subgroup,CLM-000036,country,Austria,"only 7 valid (non-IDK) answers, below min_subgroup_size=10",7
subgroup,CLM-000036,country,Azerbaijan,"only 1 valid (non-IDK) answers, below min_subgroup_size=10",1
subgroup,CLM-000036,country,Belgium,"only 4 valid (non-IDK) answers, below min_subgroup_size=10",4
subgroup,CLM-000036,country,Brazil,"only 3 valid (non-IDK) answers, below min_subgroup_size=10",3
subgroup,CLM-000036,country,China,"only 1 valid (non-IDK) answers, below min_subgroup_size=10",1
subgroup,CLM-000036,country,Colombia,"only 1 valid (non-IDK) answers, below min_subgroup_size=10",1
subgroup,CLM-000036,country,Czech Republic,"only 2 valid (non-IDK) answers, below min_subgroup_size=10",2
subgroup,CLM-000036,country,Denmark,"only 2 valid (non-IDK) answers, below min_subgroup_size=10",2
subgroup,CLM-000036,country,Finland,"only 4 valid (non-IDK) answers, below min_subgroup_size=10",4
subgroup,CLM-000036,country,France,"only 7 valid (non-IDK) answers, below min_subgroup_size=10",7
subgroup,CLM-000036,country,Greece,"only 1 valid (non-IDK) answers, below min_subgroup_size=10",1
subgroup,CLM-000036,country,Hungary,"only 0 valid (non-IDK) answers, below min_subgroup_size=10",0
subgroup,CLM-000036,country,India,"only 2 valid (non-IDK) answers, below min_subgroup_size=10",2
subgroup,CLM-000036,country,Iran,"only 1 valid (non-IDK) answers, below min_subgroup_size=10",1
subgroup,CLM-000036,country,Ireland,"only 3 valid (non-IDK) answers, below min_subgroup_size=10",3
subgroup,CLM-000036,country,Israel,"only 1 valid (non-IDK) answers, below min_subgroup_size=10",1
subgroup,CLM-000036,country,Italy,"only 2 valid (non-IDK) answers, below min_subgroup_size=10",2
subgroup,CLM-000036,country,Jordan,"only 1 valid (non-IDK) answers, below min_subgroup_size=10",1
subgroup,CLM-000036,country,Latvia,"only 1 valid (non-IDK) answers, below min_subgroup_size=10",1
subgroup,CLM-000036,country,Lithuania,"only 0 valid (non-IDK) answers, below min_subgroup_size=10",0
subgroup,CLM-000036,country,Mexico,"only 0 valid (non-IDK) answers, below min_subgroup_size=10",0
subgroup,CLM-000036,country,New Zealand,"only 4 valid (non-IDK) answers, below min_subgroup_size=10",4
subgroup,CLM-000036,country,Norway,"only 4 valid (non-IDK) answers, below min_subgroup_size=10",4
subgroup,CLM-000036,country,Other / Prefer not to say,"only 6 valid (non-IDK) answers, below min_subgroup_size=10",6
subgroup,CLM-000036,country,Poland,"only 1 valid (non-IDK) answers, below min_subgroup_size=10",1
subgroup,CLM-000036,country,Portugal,"only 0 valid (non-IDK) answers, below min_subgroup_size=10",0
subgroup,CLM-000036,country,Russia,"only 1 valid (non-IDK) answers, below min_subgroup_size=10",1
subgroup,CLM-000036,country,Singapore,"only 1 valid (non-IDK) answers, below min_subgroup_size=10",1
subgroup,CLM-000036,country,South Africa,"only 3 valid (non-IDK) answers, below min_subgroup_size=10",3
subgroup,CLM-000036,country,Spain,"only 1 valid (non-IDK) answers, below min_subgroup_size=10",1
subgroup,CLM-000036,country,Switzerland,"only 4 valid (non-IDK) answers, below min_subgroup_size=10",4
subgroup,CLM-000036,country,Thailand,"only 1 valid (non-IDK) answers, below min_subgroup_size=10",1
subgroup,CLM-000036,country,Uruguay,"only 1 valid (non-IDK) answers, below min_subgroup_size=10",1
unassigned,CLM-000036,country,(not recorded),"56 respondent(s) did not answer the optional 'country' question, so they belong to no subgroup and cannot enter this comparison",32
subgroup,CLM-000210,country,Albania,"only 1 valid (non-IDK) answers, below min_subgroup_size=10",1
subgroup,CLM-000210,country,Austria,"only 8 valid (non-IDK) answers, below min_subgroup_size=10",8
subgroup,CLM-000210,country,Azerbaijan,"only 1 valid (non-IDK) answers, below min_subgroup_size=10",1
subgroup,CLM-000210,country,Belgium,"only 4 valid (non-IDK) answers, below min_subgroup_size=10",4
subgroup,CLM-000210,country,Brazil,"only 3 valid (non-IDK) answers, below min_subgroup_size=10",3
subgroup,CLM-000210,country,China,"only 1 valid (non-IDK) answers, below min_subgroup_size=10",1
subgroup,CLM-000210,country,Colombia,"only 1 valid (non-IDK) answers, below min_subgroup_size=10",1
subgroup,CLM-000210,country,Czech Republic,"only 2 valid (non-IDK) answers, below min_subgroup_size=10",2
subgroup,CLM-000210,country,Denmark,"only 5 valid (non-IDK) answers, below min_subgroup_size=10",5
subgroup,CLM-000210,country,Greece,"only 1 valid (non-IDK) answers, below min_subgroup_size=10",1
subgroup,CLM-000210,country,Hungary,"only 1 valid (non-IDK) answers, below min_subgroup_size=10",1
subgroup,CLM-000210,country,India,"only 1 valid (non-IDK) answers, below min_subgroup_size=10",1
subgroup,CLM-000210,country,Iran,"only 1 valid (non-IDK) answers, below min_subgroup_size=10",1
subgroup,CLM-000210,country,Ireland,"only 3 valid (non-IDK) answers, below min_subgroup_size=10",3
subgroup,CLM-000210,country,Israel,"only 2 valid (non-IDK) answers, below min_subgroup_size=10",2
subgroup,CLM-000210,country,Italy,"only 4 valid (non-IDK) answers, below min_subgroup_size=10",4
subgroup,CLM-000210,country,Jordan,"only 1 valid (non-IDK) answers, below min_subgroup_size=10",1
subgroup,CLM-000210,country,Latvia,"only 1 valid (non-IDK) answers, below min_subgroup_size=10",1
subgroup,CLM-000210,country,Lithuania,"only 0 valid (non-IDK) answers, below min_subgroup_size=10",0
subgroup,CLM-000210,country,Mexico,"only 0 valid (non-IDK) answers, below min_subgroup_size=10",0
subgroup,CLM-000210,country,New Zealand,"only 7 valid (non-IDK) answers, below min_subgroup_size=10",7
subgroup,CLM-000210,country,Norway,"only 4 valid (non-IDK) answers, below min_subgroup_size=10",4
subgroup,CLM-000210,country,Poland,"only 4 valid (non-IDK) answers, below min_subgroup_size=10",4
subgroup,CLM-000210,country,Portugal,"only 0 valid (non-IDK) answers, below min_subgroup_size=10",0
subgroup,CLM-000210,country,Russia,"only 1 valid (non-IDK) answers, below min_subgroup_size=10",1
subgroup,CLM-000210,country,Singapore,"only 1 valid (non-IDK) answers, below min_subgroup_size=10",1
subgroup,CLM-000210,country,South Africa,"only 3 valid (non-IDK) answers, below min_subgroup_size=10",3
subgroup,CLM-000210,country,Spain,"only 5 valid (non-IDK) answers, below min_subgroup_size=10",5
subgroup,CLM-000210,country,Switzerland,"only 6 valid (non-IDK) answers, below min_subgroup_size=10",6
subgroup,CLM-000210,country,Thailand,"only 1 valid (non-IDK) answers, below min_subgroup_size=10",1
subgroup,CLM-000210,country,Uruguay,"only 1 valid (non-IDK) answers, below min_subgroup_size=10",1
unassigned,CLM-000210,country,(not recorded),"56 respondent(s) did not answer the optional 'country' question, so they belong to no subgroup and cannot enter this comparison",50
subgroup,CLM-000581,country,Albania,"only 0 valid (non-IDK) answers, below min_subgroup_size=10",0
subgroup,CLM-000581,country,Austria,"only 9 valid (non-IDK) answers, below min_subgroup_size=10",9
subgroup,CLM-000581,country,Azerbaijan,"only 1 valid (non-IDK) answers, below min_subgroup_size=10",1
subgroup,CLM-000581,country,Belgium,"only 4 valid (non-IDK) answers, below min_subgroup_size=10",4
subgroup,CLM-000581,country,Brazil,"only 3 valid (non-IDK) answers, below min_subgroup_size=10",3
subgroup,CLM-000581,country,China,"only 1 valid (non-IDK) answers, below min_subgroup_size=10",1
subgroup,CLM-000581,country,Colombia,"only 1 valid (non-IDK) answers, below min_subgroup_size=10",1
subgroup,CLM-000581,country,Czech Republic,"only 2 valid (non-IDK) answers, below min_subgroup_size=10",2
subgroup,CLM-000581,country,Denmark,"only 5 valid (non-IDK) answers, below min_subgroup_size=10",5
subgroup,CLM-000581,country,Finland,"only 9 valid (non-IDK) answers, below min_subgroup_size=10",9
subgroup,CLM-000581,country,Greece,"only 1 valid (non-IDK) answers, below min_subgroup_size=10",1
subgroup,CLM-000581,country,Hungary,"only 0 valid (non-IDK) answers, below min_subgroup_size=10",0
subgroup,CLM-000581,country,India,"only 2 valid (non-IDK) answers, below min_subgroup_size=10",2
subgroup,CLM-000581,country,Iran,"only 1 valid (non-IDK) answers, below min_subgroup_size=10",1
subgroup,CLM-000581,country,Ireland,"only 3 valid (non-IDK) answers, below min_subgroup_size=10",3
subgroup,CLM-000581,country,Israel,"only 2 valid (non-IDK) answers, below min_subgroup_size=10",2
subgroup,CLM-000581,country,Italy,"only 4 valid (non-IDK) answers, below min_subgroup_size=10",4
subgroup,CLM-000581,country,Jordan,"only 1 valid (non-IDK) answers, below min_subgroup_size=10",1
subgroup,CLM-000581,country,Latvia,"only 1 valid (non-IDK) answers, below min_subgroup_size=10",1
subgroup,CLM-000581,country,Lithuania,"only 1 valid (non-IDK) answers, below min_subgroup_size=10",1
subgroup,CLM-000581,country,Mexico,"only 1 valid (non-IDK) answers, below min_subgroup_size=10",1
subgroup,CLM-000581,country,New Zealand,"only 7 valid (non-IDK) answers, below min_subgroup_size=10",7
subgroup,CLM-000581,country,Norway,"only 3 valid (non-IDK) answers, below min_subgroup_size=10",3
subgroup,CLM-000581,country,Other / Prefer not to say,"only 9 valid (non-IDK) answers, below min_subgroup_size=10",9
subgroup,CLM-000581,country,Poland,"only 4 valid (non-IDK) answers, below min_subgroup_size=10",4
subgroup,CLM-000581,country,Portugal,"only 1 valid (non-IDK) answers, below min_subgroup_size=10",1
subgroup,CLM-000581,country,Russia,"only 1 valid (non-IDK) answers, below min_subgroup_size=10",1
subgroup,CLM-000581,country,Singapore,"only 1 valid (non-IDK) answers, below min_subgroup_size=10",1
subgroup,CLM-000581,country,South Africa,"only 3 valid (non-IDK) answers, below min_subgroup_size=10",3
subgroup,CLM-000581,country,Spain,"only 5 valid (non-IDK) answers, below min_subgroup_size=10",5
subgroup,CLM-000581,country,Switzerland,"only 7 valid (non-IDK) answers, below min_subgroup_size=10",7
subgroup,CLM-000581,country,Thailand,"only 1 valid (non-IDK) answers, below min_subgroup_size=10",1
subgroup,CLM-000581,country,Uruguay,"only 1 valid (non-IDK) answers, below min_subgroup_size=10",1
unassigned,CLM-000581,country,(not recorded),"56 respondent(s) did not answer the optional 'country' question, so they belong to no subgroup and cannot enter this comparison",49
subgroup,CLM-000242,country,Albania,"only 1 valid (non-IDK) answers, below min_subgroup_size=10",1
subgroup,CLM-000242,country,Azerbaijan,"only 1 valid (non-IDK) answers, below min_subgroup_size=10",1
subgroup,CLM-000242,country,Belgium,"only 5 valid (non-IDK) answers, below min_subgroup_size=10",5
subgroup,CLM-000242,country,Brazil,"only 3 valid (non-IDK) answers, below min_subgroup_size=10",3
subgroup,CLM-000242,country,China,"only 1 valid (non-IDK) answers, below min_subgroup_size=10",1
subgroup,CLM-000242,country,Colombia,"only 1 valid (non-IDK) answers, below min_subgroup_size=10",1
subgroup,CLM-000242,country,Czech Republic,"only 2 valid (non-IDK) answers, below min_subgroup_size=10",2
subgroup,CLM-000242,country,Denmark,"only 5 valid (non-IDK) answers, below min_subgroup_size=10",5
subgroup,CLM-000242,country,Greece,"only 1 valid (non-IDK) answers, below min_subgroup_size=10",1
subgroup,CLM-000242,country,Hungary,"only 0 valid (non-IDK) answers, below min_subgroup_size=10",0
subgroup,CLM-000242,country,India,"only 3 valid (non-IDK) answers, below min_subgroup_size=10",3
subgroup,CLM-000242,country,Iran,"only 1 valid (non-IDK) answers, below min_subgroup_size=10",1
subgroup,CLM-000242,country,Ireland,"only 4 valid (non-IDK) answers, below min_subgroup_size=10",4
subgroup,CLM-000242,country,Israel,"only 2 valid (non-IDK) answers, below min_subgroup_size=10",2
subgroup,CLM-000242,country,Italy,"only 4 valid (non-IDK) answers, below min_subgroup_size=10",4
subgroup,CLM-000242,country,Jordan,"only 1 valid (non-IDK) answers, below min_subgroup_size=10",1
subgroup,CLM-000242,country,Latvia,"only 1 valid (non-IDK) answers, below min_subgroup_size=10",1
subgroup,CLM-000242,country,Lithuania,"only 1 valid (non-IDK) answers, below min_subgroup_size=10",1
subgroup,CLM-000242,country,Mexico,"only 1 valid (non-IDK) answers, below min_subgroup_size=10",1
subgroup,CLM-000242,country,New Zealand,"only 7 valid (non-IDK) answers, below min_subgroup_size=10",7
subgroup,CLM-000242,country,Norway,"only 5 valid (non-IDK) answers, below min_subgroup_size=10",5
subgroup,CLM-000242,country,Other / Prefer not to say,"only 9 valid (non-IDK) answers, below min_subgroup_size=10",9
subgroup,CLM-000242,country,Poland,"only 4 valid (non-IDK) answers, below min_subgroup_size=10",4
subgroup,CLM-000242,country,Portugal,"only 1 valid (non-IDK) answers, below min_subgroup_size=10",1
subgroup,CLM-000242,country,Russia,"only 1 valid (non-IDK) answers, below min_subgroup_size=10",1
subgroup,CLM-000242,country,Singapore,"only 1 valid (non-IDK) answers, below min_subgroup_size=10",1
subgroup,CLM-000242,country,South Africa,"only 3 valid (non-IDK) answers, below min_subgroup_size=10",3
subgroup,CLM-000242,country,Spain,"only 5 valid (non-IDK) answers, below min_subgroup_size=10",5
subgroup,CLM-000242,country,Switzerland,"only 7 valid (non-IDK) answers, below min_subgroup_size=10",7
subgroup,CLM-000242,country,Thailand,"only 1 valid (non-IDK) answers, below min_subgroup_size=10",1
subgroup,CLM-000242,country,Uruguay,"only 1 valid (non-IDK) answers, below min_subgroup_size=10",1
unassigned,CLM-000242,country,(not recorded),"56 respondent(s) did not answer the optional 'country' question, so they belong to no subgroup and cannot enter this comparison",55
subgroup,CLM-000199,country,Albania,"only 1 valid (non-IDK) answers, below min_subgroup_size=10",1
subgroup,CLM-000199,country,Austria,"only 9 valid (non-IDK) answers, below min_subgroup_size=10",9
subgroup,CLM-000199,country,Azerbaijan,"only 1 valid (non-IDK) answers, below min_subgroup_size=10",1
subgroup,CLM-000199,country,Belgium,"only 5 valid (non-IDK) answers, below min_subgroup_size=10",5
subgroup,CLM-000199,country,Brazil,"only 3 valid (non-IDK) answers, below min_subgroup_size=10",3
subgroup,CLM-000199,country,China,"only 1 valid (non-IDK) answers, below min_subgroup_size=10",1
subgroup,CLM-000199,country,Colombia,"only 1 valid (non-IDK) answers, below min_subgroup_size=10",1
subgroup,CLM-000199,country,Czech Republic,"only 2 valid (non-IDK) answers, below min_subgroup_size=10",2
subgroup,CLM-000199,country,Denmark,"only 6 valid (non-IDK) answers, below min_subgroup_size=10",6
subgroup,CLM-000199,country,Greece,"only 1 valid (non-IDK) answers, below min_subgroup_size=10",1
subgroup,CLM-000199,country,Hungary,"only 1 valid (non-IDK) answers, below min_subgroup_size=10",1
subgroup,CLM-000199,country,India,"only 3 valid (non-IDK) answers, below min_subgroup_size=10",3
subgroup,CLM-000199,country,Iran,"only 1 valid (non-IDK) answers, below min_subgroup_size=10",1
subgroup,CLM-000199,country,Ireland,"only 4 valid (non-IDK) answers, below min_subgroup_size=10",4
subgroup,CLM-000199,country,Israel,"only 2 valid (non-IDK) answers, below min_subgroup_size=10",2
subgroup,CLM-000199,country,Italy,"only 4 valid (non-IDK) answers, below min_subgroup_size=10",4
subgroup,CLM-000199,country,Jordan,"only 1 valid (non-IDK) answers, below min_subgroup_size=10",1
subgroup,CLM-000199,country,Latvia,"only 1 valid (non-IDK) answers, below min_subgroup_size=10",1
subgroup,CLM-000199,country,Lithuania,"only 1 valid (non-IDK) answers, below min_subgroup_size=10",1
subgroup,CLM-000199,country,Mexico,"only 1 valid (non-IDK) answers, below min_subgroup_size=10",1
subgroup,CLM-000199,country,New Zealand,"only 7 valid (non-IDK) answers, below min_subgroup_size=10",7
subgroup,CLM-000199,country,Norway,"only 5 valid (non-IDK) answers, below min_subgroup_size=10",5
subgroup,CLM-000199,country,Other / Prefer not to say,"only 9 valid (non-IDK) answers, below min_subgroup_size=10",9
subgroup,CLM-000199,country,Poland,"only 4 valid (non-IDK) answers, below min_subgroup_size=10",4
subgroup,CLM-000199,country,Portugal,"only 1 valid (non-IDK) answers, below min_subgroup_size=10",1
subgroup,CLM-000199,country,Russia,"only 1 valid (non-IDK) answers, below min_subgroup_size=10",1
subgroup,CLM-000199,country,Singapore,"only 1 valid (non-IDK) answers, below min_subgroup_size=10",1
subgroup,CLM-000199,country,South Africa,"only 3 valid (non-IDK) answers, below min_subgroup_size=10",3
subgroup,CLM-000199,country,Spain,"only 5 valid (non-IDK) answers, below min_subgroup_size=10",5
subgroup,CLM-000199,country,Switzerland,"only 6 valid (non-IDK) answers, below min_subgroup_size=10",6
subgroup,CLM-000199,country,Thailand,"only 1 valid (non-IDK) answers, below min_subgroup_size=10",1
subgroup,CLM-000199,country,Uruguay,"only 1 valid (non-IDK) answers, below min_subgroup_size=10",1
unassigned,CLM-000199,country,(not recorded),"56 respondent(s) did not answer the optional 'country' question, so they belong to no subgroup and cannot enter this comparison",55
subgroup,CLM-000007,country,Albania,"only 0 valid (non-IDK) answers, below min_subgroup_size=10",0
subgroup,CLM-000007,country,Austria,"only 9 valid (non-IDK) answers, below min_subgroup_size=10",9
subgroup,CLM-000007,country,Azerbaijan,"only 1 valid (non-IDK) answers, below min_subgroup_size=10",1
subgroup,CLM-000007,country,Belgium,"only 5 valid (non-IDK) answers, below min_subgroup_size=10",5
subgroup,CLM-000007,country,Brazil,"only 3 valid (non-IDK) answers, below min_subgroup_size=10",3
subgroup,CLM-000007,country,China,"only 1 valid (non-IDK) answers, below min_subgroup_size=10",1
subgroup,CLM-000007,country,Colombia,"only 1 valid (non-IDK) answers, below min_subgroup_size=10",1
subgroup,CLM-000007,country,Czech Republic,"only 2 valid (non-IDK) answers, below min_subgroup_size=10",2
subgroup,CLM-000007,country,Denmark,"only 6 valid (non-IDK) answers, below min_subgroup_size=10",6
subgroup,CLM-000007,country,Greece,"only 1 valid (non-IDK) answers, below min_subgroup_size=10",1
subgroup,CLM-000007,country,Hungary,"only 1 valid (non-IDK) answers, below min_subgroup_size=10",1
subgroup,CLM-000007,country,India,"only 3 valid (non-IDK) answers, below min_subgroup_size=10",3
subgroup,CLM-000007,country,Iran,"only 1 valid (non-IDK) answers, below min_subgroup_size=10",1
subgroup,CLM-000007,country,Ireland,"only 4 valid (non-IDK) answers, below min_subgroup_size=10",4
subgroup,CLM-000007,country,Israel,"only 2 valid (non-IDK) answers, below min_subgroup_size=10",2
subgroup,CLM-000007,country,Italy,"only 4 valid (non-IDK) answers, below min_subgroup_size=10",4
subgroup,CLM-000007,country,Jordan,"only 1 valid (non-IDK) answers, below min_subgroup_size=10",1
subgroup,CLM-000007,country,Latvia,"only 1 valid (non-IDK) answers, below min_subgroup_size=10",1
subgroup,CLM-000007,country,Lithuania,"only 1 valid (non-IDK) answers, below min_subgroup_size=10",1
subgroup,CLM-000007,country,Mexico,"only 1 valid (non-IDK) answers, below min_subgroup_size=10",1
subgroup,CLM-000007,country,New Zealand,"only 7 valid (non-IDK) answers, below min_subgroup_size=10",7
subgroup,CLM-000007,country,Norway,"only 5 valid (non-IDK) answers, below min_subgroup_size=10",5
subgroup,CLM-000007,country,Poland,"only 1 valid (non-IDK) answers, below min_subgroup_size=10",1
subgroup,CLM-000007,country,Portugal,"only 1 valid (non-IDK) answers, below min_subgroup_size=10",1
subgroup,CLM-000007,country,Russia,"only 1 valid (non-IDK) answers, below min_subgroup_size=10",1
subgroup,CLM-000007,country,Singapore,"only 1 valid (non-IDK) answers, below min_subgroup_size=10",1
subgroup,CLM-000007,country,South Africa,"only 3 valid (non-IDK) answers, below min_subgroup_size=10",3
subgroup,CLM-000007,country,Spain,"only 5 valid (non-IDK) answers, below min_subgroup_size=10",5
subgroup,CLM-000007,country,Switzerland,"only 7 valid (non-IDK) answers, below min_subgroup_size=10",7
subgroup,CLM-000007,country,Thailand,"only 1 valid (non-IDK) answers, below min_subgroup_size=10",1
subgroup,CLM-000007,country,Uruguay,"only 1 valid (non-IDK) answers, below min_subgroup_size=10",1
unassigned,CLM-000007,country,(not recorded),"56 respondent(s) did not answer the optional 'country' question, so they belong to no subgroup and cannot enter this comparison",49
subgroup,CLM-000486,country,Albania,"only 0 valid (non-IDK) answers, below min_subgroup_size=10",0
subgroup,CLM-000486,country,Austria,"only 7 valid (non-IDK) answers, below min_subgroup_size=10",7
subgroup,CLM-000486,country,Azerbaijan,"only 0 valid (non-IDK) answers, below min_subgroup_size=10",0
subgroup,CLM-000486,country,Belgium,"only 4 valid (non-IDK) answers, below min_subgroup_size=10",4
subgroup,CLM-000486,country,Brazil,"only 3 valid (non-IDK) answers, below min_subgroup_size=10",3
subgroup,CLM-000486,country,China,"only 1 valid (non-IDK) answers, below min_subgroup_size=10",1
subgroup,CLM-000486,country,Colombia,"only 1 valid (non-IDK) answers, below min_subgroup_size=10",1
subgroup,CLM-000486,country,Czech Republic,"only 2 valid (non-IDK) answers, below min_subgroup_size=10",2
subgroup,CLM-000486,country,Denmark,"only 6 valid (non-IDK) answers, below min_subgroup_size=10",6
subgroup,CLM-000486,country,Finland,"only 7 valid (non-IDK) answers, below min_subgroup_size=10",7
subgroup,CLM-000486,country,Greece,"only 1 valid (non-IDK) answers, below min_subgroup_size=10",1
subgroup,CLM-000486,country,Hungary,"only 0 valid (non-IDK) answers, below min_subgroup_size=10",0
subgroup,CLM-000486,country,India,"only 2 valid (non-IDK) answers, below min_subgroup_size=10",2
subgroup,CLM-000486,country,Iran,"only 1 valid (non-IDK) answers, below min_subgroup_size=10",1
subgroup,CLM-000486,country,Ireland,"only 2 valid (non-IDK) answers, below min_subgroup_size=10",2
subgroup,CLM-000486,country,Israel,"only 2 valid (non-IDK) answers, below min_subgroup_size=10",2
subgroup,CLM-000486,country,Italy,"only 4 valid (non-IDK) answers, below min_subgroup_size=10",4
subgroup,CLM-000486,country,Jordan,"only 1 valid (non-IDK) answers, below min_subgroup_size=10",1
subgroup,CLM-000486,country,Latvia,"only 1 valid (non-IDK) answers, below min_subgroup_size=10",1
subgroup,CLM-000486,country,Lithuania,"only 0 valid (non-IDK) answers, below min_subgroup_size=10",0
subgroup,CLM-000486,country,Mexico,"only 0 valid (non-IDK) answers, below min_subgroup_size=10",0
subgroup,CLM-000486,country,New Zealand,"only 5 valid (non-IDK) answers, below min_subgroup_size=10",5
subgroup,CLM-000486,country,Norway,"only 2 valid (non-IDK) answers, below min_subgroup_size=10",2
subgroup,CLM-000486,country,Other / Prefer not to say,"only 9 valid (non-IDK) answers, below min_subgroup_size=10",9
subgroup,CLM-000486,country,Poland,"only 3 valid (non-IDK) answers, below min_subgroup_size=10",3
subgroup,CLM-000486,country,Portugal,"only 1 valid (non-IDK) answers, below min_subgroup_size=10",1
subgroup,CLM-000486,country,Russia,"only 1 valid (non-IDK) answers, below min_subgroup_size=10",1
subgroup,CLM-000486,country,Singapore,"only 1 valid (non-IDK) answers, below min_subgroup_size=10",1
subgroup,CLM-000486,country,South Africa,"only 3 valid (non-IDK) answers, below min_subgroup_size=10",3
subgroup,CLM-000486,country,Spain,"only 3 valid (non-IDK) answers, below min_subgroup_size=10",3
subgroup,CLM-000486,country,Switzerland,"only 6 valid (non-IDK) answers, below min_subgroup_size=10",6
subgroup,CLM-000486,country,Thailand,"only 1 valid (non-IDK) answers, below min_subgroup_size=10",1
subgroup,CLM-000486,country,Uruguay,"only 1 valid (non-IDK) answers, below min_subgroup_size=10",1
unassigned,CLM-000486,country,(not recorded),"56 respondent(s) did not answer the optional 'country' question, so they belong to no subgroup and cannot enter this comparison",43
subgroup,CLM-000109,country,Albania,"only 1 valid (non-IDK) answers, below min_subgroup_size=10",1
subgroup,CLM-000109,country,Austria,"only 9 valid (non-IDK) answers, below min_subgroup_size=10",9
subgroup,CLM-000109,country,Azerbaijan,"only 1 valid (non-IDK) answers, below min_subgroup_size=10",1
subgroup,CLM-000109,country,Belgium,"only 4 valid (non-IDK) answers, below min_subgroup_size=10",4
subgroup,CLM-000109,country,Brazil,"only 3 valid (non-IDK) answers, below min_subgroup_size=10",3
subgroup,CLM-000109,country,China,"only 1 valid (non-IDK) answers, below min_subgroup_size=10",1
subgroup,CLM-000109,country,Colombia,"only 1 valid (non-IDK) answers, below min_subgroup_size=10",1
subgroup,CLM-000109,country,Czech Republic,"only 2 valid (non-IDK) answers, below min_subgroup_size=10",2
subgroup,CLM-000109,country,Denmark,"only 6 valid (non-IDK) answers, below min_subgroup_size=10",6
subgroup,CLM-000109,country,Greece,"only 1 valid (non-IDK) answers, below min_subgroup_size=10",1
subgroup,CLM-000109,country,Hungary,"only 1 valid (non-IDK) answers, below min_subgroup_size=10",1
subgroup,CLM-000109,country,India,"only 3 valid (non-IDK) answers, below min_subgroup_size=10",3
subgroup,CLM-000109,country,Iran,"only 1 valid (non-IDK) answers, below min_subgroup_size=10",1
subgroup,CLM-000109,country,Ireland,"only 5 valid (non-IDK) answers, below min_subgroup_size=10",5
subgroup,CLM-000109,country,Israel,"only 0 valid (non-IDK) answers, below min_subgroup_size=10",0
subgroup,CLM-000109,country,Italy,"only 4 valid (non-IDK) answers, below min_subgroup_size=10",4
subgroup,CLM-000109,country,Jordan,"only 1 valid (non-IDK) answers, below min_subgroup_size=10",1
subgroup,CLM-000109,country,Latvia,"only 1 valid (non-IDK) answers, below min_subgroup_size=10",1
subgroup,CLM-000109,country,Lithuania,"only 0 valid (non-IDK) answers, below min_subgroup_size=10",0
subgroup,CLM-000109,country,Mexico,"only 1 valid (non-IDK) answers, below min_subgroup_size=10",1
subgroup,CLM-000109,country,New Zealand,"only 7 valid (non-IDK) answers, below min_subgroup_size=10",7
subgroup,CLM-000109,country,Norway,"only 5 valid (non-IDK) answers, below min_subgroup_size=10",5
subgroup,CLM-000109,country,Poland,"only 4 valid (non-IDK) answers, below min_subgroup_size=10",4
subgroup,CLM-000109,country,Portugal,"only 1 valid (non-IDK) answers, below min_subgroup_size=10",1
subgroup,CLM-000109,country,Russia,"only 0 valid (non-IDK) answers, below min_subgroup_size=10",0
subgroup,CLM-000109,country,Singapore,"only 1 valid (non-IDK) answers, below min_subgroup_size=10",1
subgroup,CLM-000109,country,South Africa,"only 3 valid (non-IDK) answers, below min_subgroup_size=10",3
subgroup,CLM-000109,country,Spain,"only 5 valid (non-IDK) answers, below min_subgroup_size=10",5
subgroup,CLM-000109,country,Switzerland,"only 7 valid (non-IDK) answers, below min_subgroup_size=10",7
subgroup,CLM-000109,country,Thailand,"only 1 valid (non-IDK) answers, below min_subgroup_size=10",1
subgroup,CLM-000109,country,Uruguay,"only 1 valid (non-IDK) answers, below min_subgroup_size=10",1
unassigned,CLM-000109,country,(not recorded),"56 respondent(s) did not answer the optional 'country' question, so they belong to no subgroup and cannot enter this comparison",48
subgroup,CLM-000190,country,Albania,"only 1 valid (non-IDK) answers, below min_subgroup_size=10",1
subgroup,CLM-000190,country,Azerbaijan,"only 1 valid (non-IDK) answers, below min_subgroup_size=10",1
subgroup,CLM-000190,country,Belgium,"only 5 valid (non-IDK) answers, below min_subgroup_size=10",5
subgroup,CLM-000190,country,Brazil,"only 3 valid (non-IDK) answers, below min_subgroup_size=10",3
subgroup,CLM-000190,country,China,"only 1 valid (non-IDK) answers, below min_subgroup_size=10",1
subgroup,CLM-000190,country,Colombia,"only 1 valid (non-IDK) answers, below min_subgroup_size=10",1
subgroup,CLM-000190,country,Czech Republic,"only 2 valid (non-IDK) answers, below min_subgroup_size=10",2
subgroup,CLM-000190,country,Denmark,"only 6 valid (non-IDK) answers, below min_subgroup_size=10",6
subgroup,CLM-000190,country,Finland,"only 9 valid (non-IDK) answers, below min_subgroup_size=10",9
subgroup,CLM-000190,country,Greece,"only 1 valid (non-IDK) answers, below min_subgroup_size=10",1
subgroup,CLM-000190,country,Hungary,"only 1 valid (non-IDK) answers, below min_subgroup_size=10",1
subgroup,CLM-000190,country,India,"only 3 valid (non-IDK) answers, below min_subgroup_size=10",3
subgroup,CLM-000190,country,Iran,"only 1 valid (non-IDK) answers, below min_subgroup_size=10",1
subgroup,CLM-000190,country,Ireland,"only 4 valid (non-IDK) answers, below min_subgroup_size=10",4
subgroup,CLM-000190,country,Israel,"only 2 valid (non-IDK) answers, below min_subgroup_size=10",2
subgroup,CLM-000190,country,Italy,"only 4 valid (non-IDK) answers, below min_subgroup_size=10",4
subgroup,CLM-000190,country,Jordan,"only 1 valid (non-IDK) answers, below min_subgroup_size=10",1
subgroup,CLM-000190,country,Latvia,"only 1 valid (non-IDK) answers, below min_subgroup_size=10",1
subgroup,CLM-000190,country,Lithuania,"only 1 valid (non-IDK) answers, below min_subgroup_size=10",1
subgroup,CLM-000190,country,Mexico,"only 1 valid (non-IDK) answers, below min_subgroup_size=10",1
subgroup,CLM-000190,country,New Zealand,"only 7 valid (non-IDK) answers, below min_subgroup_size=10",7
subgroup,CLM-000190,country,Norway,"only 5 valid (non-IDK) answers, below min_subgroup_size=10",5
subgroup,CLM-000190,country,Other / Prefer not to say,"only 9 valid (non-IDK) answers, below min_subgroup_size=10",9
subgroup,CLM-000190,country,Poland,"only 4 valid (non-IDK) answers, below min_subgroup_size=10",4
subgroup,CLM-000190,country,Portugal,"only 1 valid (non-IDK) answers, below min_subgroup_size=10",1
subgroup,CLM-000190,country,Russia,"only 1 valid (non-IDK) answers, below min_subgroup_size=10",1
subgroup,CLM-000190,country,Singapore,"only 1 valid (non-IDK) answers, below min_subgroup_size=10",1
subgroup,CLM-000190,country,South Africa,"only 3 valid (non-IDK) answers, below min_subgroup_size=10",3
subgroup,CLM-000190,country,Spain,"only 5 valid (non-IDK) answers, below min_subgroup_size=10",5
subgroup,CLM-000190,country,Switzerland,"only 6 valid (non-IDK) answers, below min_subgroup_size=10",6
subgroup,CLM-000190,country,Thailand,"only 1 valid (non-IDK) answers, below min_subgroup_size=10",1
subgroup,CLM-000190,country,Uruguay,"only 0 valid (non-IDK) answers, below min_subgroup_size=10",0
unassigned,CLM-000190,country,(not recorded),"56 respondent(s) did not answer the optional 'country' question, so they belong to no subgroup and cannot enter this comparison",52
subgroup,CLM-000374,country,Albania,"only 0 valid (non-IDK) answers, below min_subgroup_size=10",0
subgroup,CLM-000374,country,Australia,"only 9 valid (non-IDK) answers, below min_subgroup_size=10",9
subgroup,CLM-000374,country,Austria,"only 1 valid (non-IDK) answers, below min_subgroup_size=10",1
subgroup,CLM-000374,country,Azerbaijan,"only 1 valid (non-IDK) answers, below min_subgroup_size=10",1
subgroup,CLM-000374,country,Belgium,"only 4 valid (non-IDK) answers, below min_subgroup_size=10",4
subgroup,CLM-000374,country,Brazil,"only 1 valid (non-IDK) answers, below min_subgroup_size=10",1
subgroup,CLM-000374,country,China,"only 1 valid (non-IDK) answers, below min_subgroup_size=10",1
subgroup,CLM-000374,country,Colombia,"only 0 valid (non-IDK) answers, below min_subgroup_size=10",0
subgroup,CLM-000374,country,Czech Republic,"only 2 valid (non-IDK) answers, below min_subgroup_size=10",2
subgroup,CLM-000374,country,Denmark,"only 0 valid (non-IDK) answers, below min_subgroup_size=10",0
subgroup,CLM-000374,country,Finland,"only 4 valid (non-IDK) answers, below min_subgroup_size=10",4
subgroup,CLM-000374,country,France,"only 7 valid (non-IDK) answers, below min_subgroup_size=10",7
subgroup,CLM-000374,country,Greece,"only 0 valid (non-IDK) answers, below min_subgroup_size=10",0
subgroup,CLM-000374,country,Hungary,"only 0 valid (non-IDK) answers, below min_subgroup_size=10",0
subgroup,CLM-000374,country,India,"only 0 valid (non-IDK) answers, below min_subgroup_size=10",0
subgroup,CLM-000374,country,Iran,"only 1 valid (non-IDK) answers, below min_subgroup_size=10",1
subgroup,CLM-000374,country,Ireland,"only 1 valid (non-IDK) answers, below min_subgroup_size=10",1
subgroup,CLM-000374,country,Israel,"only 1 valid (non-IDK) answers, below min_subgroup_size=10",1
subgroup,CLM-000374,country,Italy,"only 2 valid (non-IDK) answers, below min_subgroup_size=10",2
subgroup,CLM-000374,country,Jordan,"only 1 valid (non-IDK) answers, below min_subgroup_size=10",1
subgroup,CLM-000374,country,Latvia,"only 1 valid (non-IDK) answers, below min_subgroup_size=10",1
subgroup,CLM-000374,country,Lithuania,"only 0 valid (non-IDK) answers, below min_subgroup_size=10",0
subgroup,CLM-000374,country,Mexico,"only 0 valid (non-IDK) answers, below min_subgroup_size=10",0
subgroup,CLM-000374,country,Netherlands,"only 8 valid (non-IDK) answers, below min_subgroup_size=10",8
subgroup,CLM-000374,country,New Zealand,"only 4 valid (non-IDK) answers, below min_subgroup_size=10",4
subgroup,CLM-000374,country,Norway,"only 1 valid (non-IDK) answers, below min_subgroup_size=10",1
subgroup,CLM-000374,country,Other / Prefer not to say,"only 3 valid (non-IDK) answers, below min_subgroup_size=10",3
subgroup,CLM-000374,country,Poland,"only 4 valid (non-IDK) answers, below min_subgroup_size=10",4
subgroup,CLM-000374,country,Portugal,"only 0 valid (non-IDK) answers, below min_subgroup_size=10",0
subgroup,CLM-000374,country,Russia,"only 0 valid (non-IDK) answers, below min_subgroup_size=10",0
subgroup,CLM-000374,country,Singapore,"only 0 valid (non-IDK) answers, below min_subgroup_size=10",0
subgroup,CLM-000374,country,South Africa,"only 1 valid (non-IDK) answers, below min_subgroup_size=10",1
subgroup,CLM-000374,country,Spain,"only 3 valid (non-IDK) answers, below min_subgroup_size=10",3
subgroup,CLM-000374,country,Sweden,"only 4 valid (non-IDK) answers, below min_subgroup_size=10",4
subgroup,CLM-000374,country,Switzerland,"only 0 valid (non-IDK) answers, below min_subgroup_size=10",0
subgroup,CLM-000374,country,Thailand,"only 1 valid (non-IDK) answers, below min_subgroup_size=10",1
subgroup,CLM-000374,country,Uruguay,"only 1 valid (non-IDK) answers, below min_subgroup_size=10",1
unassigned,CLM-000374,country,(not recorded),"56 respondent(s) did not answer the optional 'country' question, so they belong to no subgroup and cannot enter this comparison",18
subgroup,CLM-000122,country,Albania,"only 1 valid (non-IDK) answers, below min_subgroup_size=10",1
subgroup,CLM-000122,country,Austria,"only 7 valid (non-IDK) answers, below min_subgroup_size=10",7
subgroup,CLM-000122,country,Azerbaijan,"only 1 valid (non-IDK) answers, below min_subgroup_size=10",1
subgroup,CLM-000122,country,Belgium,"only 4 valid (non-IDK) answers, below min_subgroup_size=10",4
subgroup,CLM-000122,country,Brazil,"only 2 valid (non-IDK) answers, below min_subgroup_size=10",2
subgroup,CLM-000122,country,China,"only 1 valid (non-IDK) answers, below min_subgroup_size=10",1
subgroup,CLM-000122,country,Colombia,"only 1 valid (non-IDK) answers, below min_subgroup_size=10",1
subgroup,CLM-000122,country,Czech Republic,"only 2 valid (non-IDK) answers, below min_subgroup_size=10",2
subgroup,CLM-000122,country,Denmark,"only 3 valid (non-IDK) answers, below min_subgroup_size=10",3
subgroup,CLM-000122,country,Finland,"only 9 valid (non-IDK) answers, below min_subgroup_size=10",9
subgroup,CLM-000122,country,France,"only 9 valid (non-IDK) answers, below min_subgroup_size=10",9
subgroup,CLM-000122,country,Greece,"only 1 valid (non-IDK) answers, below min_subgroup_size=10",1
subgroup,CLM-000122,country,Hungary,"only 0 valid (non-IDK) answers, below min_subgroup_size=10",0
subgroup,CLM-000122,country,India,"only 2 valid (non-IDK) answers, below min_subgroup_size=10",2
subgroup,CLM-000122,country,Iran,"only 1 valid (non-IDK) answers, below min_subgroup_size=10",1
subgroup,CLM-000122,country,Ireland,"only 3 valid (non-IDK) answers, below min_subgroup_size=10",3
subgroup,CLM-000122,country,Israel,"only 1 valid (non-IDK) answers, below min_subgroup_size=10",1
subgroup,CLM-000122,country,Italy,"only 4 valid (non-IDK) answers, below min_subgroup_size=10",4
subgroup,CLM-000122,country,Jordan,"only 1 valid (non-IDK) answers, below min_subgroup_size=10",1
subgroup,CLM-000122,country,Latvia,"only 1 valid (non-IDK) answers, below min_subgroup_size=10",1
subgroup,CLM-000122,country,Lithuania,"only 1 valid (non-IDK) answers, below min_subgroup_size=10",1
subgroup,CLM-000122,country,Mexico,"only 0 valid (non-IDK) answers, below min_subgroup_size=10",0
subgroup,CLM-000122,country,New Zealand,"only 7 valid (non-IDK) answers, below min_subgroup_size=10",7
subgroup,CLM-000122,country,Norway,"only 4 valid (non-IDK) answers, below min_subgroup_size=10",4
subgroup,CLM-000122,country,Other / Prefer not to say,"only 8 valid (non-IDK) answers, below min_subgroup_size=10",8
subgroup,CLM-000122,country,Poland,"only 4 valid (non-IDK) answers, below min_subgroup_size=10",4
subgroup,CLM-000122,country,Portugal,"only 1 valid (non-IDK) answers, below min_subgroup_size=10",1
subgroup,CLM-000122,country,Russia,"only 1 valid (non-IDK) answers, below min_subgroup_size=10",1
subgroup,CLM-000122,country,Singapore,"only 1 valid (non-IDK) answers, below min_subgroup_size=10",1
subgroup,CLM-000122,country,South Africa,"only 3 valid (non-IDK) answers, below min_subgroup_size=10",3
subgroup,CLM-000122,country,Spain,"only 5 valid (non-IDK) answers, below min_subgroup_size=10",5
subgroup,CLM-000122,country,Switzerland,"only 5 valid (non-IDK) answers, below min_subgroup_size=10",5
subgroup,CLM-000122,country,Thailand,"only 1 valid (non-IDK) answers, below min_subgroup_size=10",1
subgroup,CLM-000122,country,Uruguay,"only 0 valid (non-IDK) answers, below min_subgroup_size=10",0
unassigned,CLM-000122,country,(not recorded),"56 respondent(s) did not answer the optional 'country' question, so they belong to no subgroup and cannot enter this comparison",47
subgroup,CLM-000097,country,Albania,"only 0 valid (non-IDK) answers, below min_subgroup_size=10",0
subgroup,CLM-000097,country,Austria,"only 8 valid (non-IDK) answers, below min_subgroup_size=10",8
subgroup,CLM-000097,country,Azerbaijan,"only 1 valid (non-IDK) answers, below min_subgroup_size=10",1
subgroup,CLM-000097,country,Belgium,"only 5 valid (non-IDK) answers, below min_subgroup_size=10",5
subgroup,CLM-000097,country,Brazil,"only 3 valid (non-IDK) answers, below min_subgroup_size=10",3
subgroup,CLM-000097,country,China,"only 1 valid (non-IDK) answers, below min_subgroup_size=10",1
subgroup,CLM-000097,country,Colombia,"only 1 valid (non-IDK) answers, below min_subgroup_size=10",1
subgroup,CLM-000097,country,Czech Republic,"only 2 valid (non-IDK) answers, below min_subgroup_size=10",2
subgroup,CLM-000097,country,Denmark,"only 5 valid (non-IDK) answers, below min_subgroup_size=10",5
subgroup,CLM-000097,country,Greece,"only 1 valid (non-IDK) answers, below min_subgroup_size=10",1
subgroup,CLM-000097,country,Hungary,"only 1 valid (non-IDK) answers, below min_subgroup_size=10",1
subgroup,CLM-000097,country,India,"only 3 valid (non-IDK) answers, below min_subgroup_size=10",3
subgroup,CLM-000097,country,Iran,"only 1 valid (non-IDK) answers, below min_subgroup_size=10",1
subgroup,CLM-000097,country,Ireland,"only 4 valid (non-IDK) answers, below min_subgroup_size=10",4
subgroup,CLM-000097,country,Israel,"only 2 valid (non-IDK) answers, below min_subgroup_size=10",2
subgroup,CLM-000097,country,Italy,"only 4 valid (non-IDK) answers, below min_subgroup_size=10",4
subgroup,CLM-000097,country,Jordan,"only 1 valid (non-IDK) answers, below min_subgroup_size=10",1
subgroup,CLM-000097,country,Latvia,"only 1 valid (non-IDK) answers, below min_subgroup_size=10",1
subgroup,CLM-000097,country,Lithuania,"only 1 valid (non-IDK) answers, below min_subgroup_size=10",1
subgroup,CLM-000097,country,Mexico,"only 1 valid (non-IDK) answers, below min_subgroup_size=10",1
subgroup,CLM-000097,country,New Zealand,"only 7 valid (non-IDK) answers, below min_subgroup_size=10",7
subgroup,CLM-000097,country,Norway,"only 5 valid (non-IDK) answers, below min_subgroup_size=10",5
subgroup,CLM-000097,country,Poland,"only 4 valid (non-IDK) answers, below min_subgroup_size=10",4
subgroup,CLM-000097,country,Portugal,"only 1 valid (non-IDK) answers, below min_subgroup_size=10",1
subgroup,CLM-000097,country,Russia,"only 1 valid (non-IDK) answers, below min_subgroup_size=10",1
subgroup,CLM-000097,country,Singapore,"only 1 valid (non-IDK) answers, below min_subgroup_size=10",1
subgroup,CLM-000097,country,South Africa,"only 3 valid (non-IDK) answers, below min_subgroup_size=10",3
subgroup,CLM-000097,country,Spain,"only 5 valid (non-IDK) answers, below min_subgroup_size=10",5
subgroup,CLM-000097,country,Switzerland,"only 7 valid (non-IDK) answers, below min_subgroup_size=10",7
subgroup,CLM-000097,country,Thailand,"only 1 valid (non-IDK) answers, below min_subgroup_size=10",1
subgroup,CLM-000097,country,Uruguay,"only 1 valid (non-IDK) answers, below min_subgroup_size=10",1
unassigned,CLM-000097,country,(not recorded),"56 respondent(s) did not answer the optional 'country' question, so they belong to no subgroup and cannot enter this comparison",53
subgroup,CLM-000201,country,Albania,"only 1 valid (non-IDK) answers, below min_subgroup_size=10",1
subgroup,CLM-000201,country,Austria,"only 9 valid (non-IDK) answers, below min_subgroup_size=10",9
subgroup,CLM-000201,country,Azerbaijan,"only 1 valid (non-IDK) answers, below min_subgroup_size=10",1
subgroup,CLM-000201,country,Belgium,"only 5 valid (non-IDK) answers, below min_subgroup_size=10",5
subgroup,CLM-000201,country,Brazil,"only 3 valid (non-IDK) answers, below min_subgroup_size=10",3
subgroup,CLM-000201,country,China,"only 1 valid (non-IDK) answers, below min_subgroup_size=10",1
subgroup,CLM-000201,country,Colombia,"only 1 valid (non-IDK) answers, below min_subgroup_size=10",1
subgroup,CLM-000201,country,Czech Republic,"only 2 valid (non-IDK) answers, below min_subgroup_size=10",2
subgroup,CLM-000201,country,Denmark,"only 6 valid (non-IDK) answers, below min_subgroup_size=10",6
subgroup,CLM-000201,country,Greece,"only 1 valid (non-IDK) answers, below min_subgroup_size=10",1
subgroup,CLM-000201,country,Hungary,"only 0 valid (non-IDK) answers, below min_subgroup_size=10",0
subgroup,CLM-000201,country,India,"only 3 valid (non-IDK) answers, below min_subgroup_size=10",3
subgroup,CLM-000201,country,Iran,"only 1 valid (non-IDK) answers, below min_subgroup_size=10",1
subgroup,CLM-000201,country,Ireland,"only 4 valid (non-IDK) answers, below min_subgroup_size=10",4
subgroup,CLM-000201,country,Israel,"only 2 valid (non-IDK) answers, below min_subgroup_size=10",2
subgroup,CLM-000201,country,Italy,"only 4 valid (non-IDK) answers, below min_subgroup_size=10",4
subgroup,CLM-000201,country,Jordan,"only 1 valid (non-IDK) answers, below min_subgroup_size=10",1
subgroup,CLM-000201,country,Latvia,"only 1 valid (non-IDK) answers, below min_subgroup_size=10",1
subgroup,CLM-000201,country,Lithuania,"only 1 valid (non-IDK) answers, below min_subgroup_size=10",1
subgroup,CLM-000201,country,Mexico,"only 1 valid (non-IDK) answers, below min_subgroup_size=10",1
subgroup,CLM-000201,country,New Zealand,"only 7 valid (non-IDK) answers, below min_subgroup_size=10",7
subgroup,CLM-000201,country,Norway,"only 5 valid (non-IDK) answers, below min_subgroup_size=10",5
subgroup,CLM-000201,country,Poland,"only 4 valid (non-IDK) answers, below min_subgroup_size=10",4
subgroup,CLM-000201,country,Portugal,"only 1 valid (non-IDK) answers, below min_subgroup_size=10",1
subgroup,CLM-000201,country,Russia,"only 1 valid (non-IDK) answers, below min_subgroup_size=10",1
subgroup,CLM-000201,country,Singapore,"only 1 valid (non-IDK) answers, below min_subgroup_size=10",1
subgroup,CLM-000201,country,South Africa,"only 3 valid (non-IDK) answers, below min_subgroup_size=10",3
subgroup,CLM-000201,country,Spain,"only 5 valid (non-IDK) answers, below min_subgroup_size=10",5
subgroup,CLM-000201,country,Switzerland,"only 7 valid (non-IDK) answers, below min_subgroup_size=10",7
subgroup,CLM-000201,country,Thailand,"only 1 valid (non-IDK) answers, below min_subgroup_size=10",1
subgroup,CLM-000201,country,Uruguay,"only 1 valid (non-IDK) answers, below min_subgroup_size=10",1
unassigned,CLM-000201,country,(not recorded),"56 respondent(s) did not answer the optional 'country' question, so they belong to no subgroup and cannot enter this comparison",53
subgroup,CLM-000180,country,Albania,"only 1 valid (non-IDK) answers, below min_subgroup_size=10",1
subgroup,CLM-000180,country,Austria,"only 9 valid (non-IDK) answers, below min_subgroup_size=10",9
subgroup,CLM-000180,country,Azerbaijan,"only 1 valid (non-IDK) answers, below min_subgroup_size=10",1
subgroup,CLM-000180,country,Belgium,"only 4 valid (non-IDK) answers, below min_subgroup_size=10",4
subgroup,CLM-000180,country,Brazil,"only 3 valid (non-IDK) answers, below min_subgroup_size=10",3
subgroup,CLM-000180,country,China,"only 1 valid (non-IDK) answers, below min_subgroup_size=10",1
subgroup,CLM-000180,country,Colombia,"only 1 valid (non-IDK) answers, below min_subgroup_size=10",1
subgroup,CLM-000180,country,Czech Republic,"only 2 valid (non-IDK) answers, below min_subgroup_size=10",2
subgroup,CLM-000180,country,Denmark,"only 5 valid (non-IDK) answers, below min_subgroup_size=10",5
subgroup,CLM-000180,country,Greece,"only 1 valid (non-IDK) answers, below min_subgroup_size=10",1
subgroup,CLM-000180,country,Hungary,"only 1 valid (non-IDK) answers, below min_subgroup_size=10",1
subgroup,CLM-000180,country,India,"only 3 valid (non-IDK) answers, below min_subgroup_size=10",3
subgroup,CLM-000180,country,Iran,"only 1 valid (non-IDK) answers, below min_subgroup_size=10",1
subgroup,CLM-000180,country,Ireland,"only 4 valid (non-IDK) answers, below min_subgroup_size=10",4
subgroup,CLM-000180,country,Israel,"only 1 valid (non-IDK) answers, below min_subgroup_size=10",1
subgroup,CLM-000180,country,Italy,"only 4 valid (non-IDK) answers, below min_subgroup_size=10",4
subgroup,CLM-000180,country,Jordan,"only 1 valid (non-IDK) answers, below min_subgroup_size=10",1
subgroup,CLM-000180,country,Latvia,"only 1 valid (non-IDK) answers, below min_subgroup_size=10",1
subgroup,CLM-000180,country,Lithuania,"only 1 valid (non-IDK) answers, below min_subgroup_size=10",1
subgroup,CLM-000180,country,Mexico,"only 1 valid (non-IDK) answers, below min_subgroup_size=10",1
subgroup,CLM-000180,country,New Zealand,"only 7 valid (non-IDK) answers, below min_subgroup_size=10",7
subgroup,CLM-000180,country,Norway,"only 5 valid (non-IDK) answers, below min_subgroup_size=10",5
subgroup,CLM-000180,country,Other / Prefer not to say,"only 9 valid (non-IDK) answers, below min_subgroup_size=10",9
subgroup,CLM-000180,country,Poland,"only 4 valid (non-IDK) answers, below min_subgroup_size=10",4
subgroup,CLM-000180,country,Portugal,"only 1 valid (non-IDK) answers, below min_subgroup_size=10",1
subgroup,CLM-000180,country,Russia,"only 1 valid (non-IDK) answers, below min_subgroup_size=10",1
subgroup,CLM-000180,country,Singapore,"only 1 valid (non-IDK) answers, below min_subgroup_size=10",1
subgroup,CLM-000180,country,South Africa,"only 3 valid (non-IDK) answers, below min_subgroup_size=10",3
subgroup,CLM-000180,country,Spain,"only 5 valid (non-IDK) answers, below min_subgroup_size=10",5
subgroup,CLM-000180,country,Switzerland,"only 7 valid (non-IDK) answers, below min_subgroup_size=10",7
subgroup,CLM-000180,country,Thailand,"only 1 valid (non-IDK) answers, below min_subgroup_size=10",1
subgroup,CLM-000180,country,Uruguay,"only 1 valid (non-IDK) answers, below min_subgroup_size=10",1
unassigned,CLM-000180,country,(not recorded),"56 respondent(s) did not answer the optional 'country' question, so they belong to no subgroup and cannot enter this comparison",50
subgroup,CLM-000502,country,Albania,"only 1 valid (non-IDK) answers, below min_subgroup_size=10",1
subgroup,CLM-000502,country,Azerbaijan,"only 1 valid (non-IDK) answers, below min_subgroup_size=10",1
subgroup,CLM-000502,country,Belgium,"only 5 valid (non-IDK) answers, below min_subgroup_size=10",5
subgroup,CLM-000502,country,Brazil,"only 3 valid (non-IDK) answers, below min_subgroup_size=10",3
subgroup,CLM-000502,country,China,"only 1 valid (non-IDK) answers, below min_subgroup_size=10",1
subgroup,CLM-000502,country,Colombia,"only 1 valid (non-IDK) answers, below min_subgroup_size=10",1
subgroup,CLM-000502,country,Czech Republic,"only 2 valid (non-IDK) answers, below min_subgroup_size=10",2
subgroup,CLM-000502,country,Denmark,"only 6 valid (non-IDK) answers, below min_subgroup_size=10",6
subgroup,CLM-000502,country,Greece,"only 1 valid (non-IDK) answers, below min_subgroup_size=10",1
subgroup,CLM-000502,country,Hungary,"only 1 valid (non-IDK) answers, below min_subgroup_size=10",1
subgroup,CLM-000502,country,India,"only 3 valid (non-IDK) answers, below min_subgroup_size=10",3
subgroup,CLM-000502,country,Iran,"only 1 valid (non-IDK) answers, below min_subgroup_size=10",1
subgroup,CLM-000502,country,Ireland,"only 4 valid (non-IDK) answers, below min_subgroup_size=10",4
subgroup,CLM-000502,country,Israel,"only 2 valid (non-IDK) answers, below min_subgroup_size=10",2
subgroup,CLM-000502,country,Italy,"only 4 valid (non-IDK) answers, below min_subgroup_size=10",4
subgroup,CLM-000502,country,Jordan,"only 1 valid (non-IDK) answers, below min_subgroup_size=10",1
subgroup,CLM-000502,country,Latvia,"only 1 valid (non-IDK) answers, below min_subgroup_size=10",1
subgroup,CLM-000502,country,Lithuania,"only 1 valid (non-IDK) answers, below min_subgroup_size=10",1
subgroup,CLM-000502,country,Mexico,"only 1 valid (non-IDK) answers, below min_subgroup_size=10",1
subgroup,CLM-000502,country,New Zealand,"only 7 valid (non-IDK) answers, below min_subgroup_size=10",7
subgroup,CLM-000502,country,Norway,"only 5 valid (non-IDK) answers, below min_subgroup_size=10",5
subgroup,CLM-000502,country,Poland,"only 4 valid (non-IDK) answers, below min_subgroup_size=10",4
subgroup,CLM-000502,country,Portugal,"only 1 valid (non-IDK) answers, below min_subgroup_size=10",1
subgroup,CLM-000502,country,Russia,"only 1 valid (non-IDK) answers, below min_subgroup_size=10",1
subgroup,CLM-000502,country,Singapore,"only 1 valid (non-IDK) answers, below min_subgroup_size=10",1
subgroup,CLM-000502,country,South Africa,"only 3 valid (non-IDK) answers, below min_subgroup_size=10",3
subgroup,CLM-000502,country,Spain,"only 5 valid (non-IDK) answers, below min_subgroup_size=10",5
subgroup,CLM-000502,country,Switzerland,"only 6 valid (non-IDK) answers, below min_subgroup_size=10",6
subgroup,CLM-000502,country,Thailand,"only 1 valid (non-IDK) answers, below min_subgroup_size=10",1
subgroup,CLM-000502,country,Uruguay,"only 1 valid (non-IDK) answers, below min_subgroup_size=10",1
unassigned,CLM-000502,country,(not recorded),"56 respondent(s) did not answer the optional 'country' question, so they belong to no subgroup and cannot enter this comparison",52
subgroup,CLM-000129,country,Albania,"only 0 valid (non-IDK) answers, below min_subgroup_size=10",0
subgroup,CLM-000129,country,Azerbaijan,"only 1 valid (non-IDK) answers, below min_subgroup_size=10",1
subgroup,CLM-000129,country,Belgium,"only 5 valid (non-IDK) answers, below min_subgroup_size=10",5
subgroup,CLM-000129,country,Brazil,"only 3 valid (non-IDK) answers, below min_subgroup_size=10",3
subgroup,CLM-000129,country,China,"only 1 valid (non-IDK) answers, below min_subgroup_size=10",1
subgroup,CLM-000129,country,Colombia,"only 1 valid (non-IDK) answers, below min_subgroup_size=10",1
subgroup,CLM-000129,country,Czech Republic,"only 2 valid (non-IDK) answers, below min_subgroup_size=10",2
subgroup,CLM-000129,country,Denmark,"only 6 valid (non-IDK) answers, below min_subgroup_size=10",6
subgroup,CLM-000129,country,Greece,"only 1 valid (non-IDK) answers, below min_subgroup_size=10",1
subgroup,CLM-000129,country,Hungary,"only 1 valid (non-IDK) answers, below min_subgroup_size=10",1
subgroup,CLM-000129,country,India,"only 3 valid (non-IDK) answers, below min_subgroup_size=10",3
subgroup,CLM-000129,country,Iran,"only 1 valid (non-IDK) answers, below min_subgroup_size=10",1
subgroup,CLM-000129,country,Ireland,"only 4 valid (non-IDK) answers, below min_subgroup_size=10",4
subgroup,CLM-000129,country,Israel,"only 2 valid (non-IDK) answers, below min_subgroup_size=10",2
subgroup,CLM-000129,country,Italy,"only 4 valid (non-IDK) answers, below min_subgroup_size=10",4
subgroup,CLM-000129,country,Jordan,"only 1 valid (non-IDK) answers, below min_subgroup_size=10",1
subgroup,CLM-000129,country,Latvia,"only 1 valid (non-IDK) answers, below min_subgroup_size=10",1
subgroup,CLM-000129,country,Lithuania,"only 1 valid (non-IDK) answers, below min_subgroup_size=10",1
subgroup,CLM-000129,country,Mexico,"only 1 valid (non-IDK) answers, below min_subgroup_size=10",1
subgroup,CLM-000129,country,New Zealand,"only 7 valid (non-IDK) answers, below min_subgroup_size=10",7
subgroup,CLM-000129,country,Norway,"only 4 valid (non-IDK) answers, below min_subgroup_size=10",4
subgroup,CLM-000129,country,Other / Prefer not to say,"only 8 valid (non-IDK) answers, below min_subgroup_size=10",8
subgroup,CLM-000129,country,Poland,"only 3 valid (non-IDK) answers, below min_subgroup_size=10",3
subgroup,CLM-000129,country,Portugal,"only 1 valid (non-IDK) answers, below min_subgroup_size=10",1
subgroup,CLM-000129,country,Russia,"only 1 valid (non-IDK) answers, below min_subgroup_size=10",1
subgroup,CLM-000129,country,Singapore,"only 1 valid (non-IDK) answers, below min_subgroup_size=10",1
subgroup,CLM-000129,country,South Africa,"only 3 valid (non-IDK) answers, below min_subgroup_size=10",3
subgroup,CLM-000129,country,Spain,"only 4 valid (non-IDK) answers, below min_subgroup_size=10",4
subgroup,CLM-000129,country,Switzerland,"only 7 valid (non-IDK) answers, below min_subgroup_size=10",7
subgroup,CLM-000129,country,Thailand,"only 1 valid (non-IDK) answers, below min_subgroup_size=10",1
subgroup,CLM-000129,country,Uruguay,"only 1 valid (non-IDK) answers, below min_subgroup_size=10",1
unassigned,CLM-000129,country,(not recorded),"56 respondent(s) did not answer the optional 'country' question, so they belong to no subgroup and cannot enter this comparison",49
subgroup,CLM-000032,country,Albania,"only 0 valid (non-IDK) answers, below min_subgroup_size=10",0
subgroup,CLM-000032,country,Austria,"only 8 valid (non-IDK) answers, below min_subgroup_size=10",8
subgroup,CLM-000032,country,Azerbaijan,"only 1 valid (non-IDK) answers, below min_subgroup_size=10",1
subgroup,CLM-000032,country,Belgium,"only 5 valid (non-IDK) answers, below min_subgroup_size=10",5
subgroup,CLM-000032,country,Brazil,"only 3 valid (non-IDK) answers, below min_subgroup_size=10",3
subgroup,CLM-000032,country,China,"only 1 valid (non-IDK) answers, below min_subgroup_size=10",1
subgroup,CLM-000032,country,Colombia,"only 1 valid (non-IDK) answers, below min_subgroup_size=10",1
subgroup,CLM-000032,country,Czech Republic,"only 2 valid (non-IDK) answers, below min_subgroup_size=10",2
subgroup,CLM-000032,country,Denmark,"only 4 valid (non-IDK) answers, below min_subgroup_size=10",4
subgroup,CLM-000032,country,Finland,"only 7 valid (non-IDK) answers, below min_subgroup_size=10",7
subgroup,CLM-000032,country,Greece,"only 1 valid (non-IDK) answers, below min_subgroup_size=10",1
subgroup,CLM-000032,country,Hungary,"only 1 valid (non-IDK) answers, below min_subgroup_size=10",1
subgroup,CLM-000032,country,India,"only 3 valid (non-IDK) answers, below min_subgroup_size=10",3
subgroup,CLM-000032,country,Iran,"only 1 valid (non-IDK) answers, below min_subgroup_size=10",1
subgroup,CLM-000032,country,Ireland,"only 4 valid (non-IDK) answers, below min_subgroup_size=10",4
subgroup,CLM-000032,country,Israel,"only 2 valid (non-IDK) answers, below min_subgroup_size=10",2
subgroup,CLM-000032,country,Italy,"only 4 valid (non-IDK) answers, below min_subgroup_size=10",4
subgroup,CLM-000032,country,Jordan,"only 1 valid (non-IDK) answers, below min_subgroup_size=10",1
subgroup,CLM-000032,country,Latvia,"only 1 valid (non-IDK) answers, below min_subgroup_size=10",1
subgroup,CLM-000032,country,Lithuania,"only 0 valid (non-IDK) answers, below min_subgroup_size=10",0
subgroup,CLM-000032,country,Mexico,"only 1 valid (non-IDK) answers, below min_subgroup_size=10",1
subgroup,CLM-000032,country,New Zealand,"only 6 valid (non-IDK) answers, below min_subgroup_size=10",6
subgroup,CLM-000032,country,Norway,"only 4 valid (non-IDK) answers, below min_subgroup_size=10",4
subgroup,CLM-000032,country,Other / Prefer not to say,"only 8 valid (non-IDK) answers, below min_subgroup_size=10",8
subgroup,CLM-000032,country,Poland,"only 3 valid (non-IDK) answers, below min_subgroup_size=10",3
subgroup,CLM-000032,country,Portugal,"only 1 valid (non-IDK) answers, below min_subgroup_size=10",1
subgroup,CLM-000032,country,Russia,"only 0 valid (non-IDK) answers, below min_subgroup_size=10",0
subgroup,CLM-000032,country,Singapore,"only 1 valid (non-IDK) answers, below min_subgroup_size=10",1
subgroup,CLM-000032,country,South Africa,"only 3 valid (non-IDK) answers, below min_subgroup_size=10",3
subgroup,CLM-000032,country,Spain,"only 5 valid (non-IDK) answers, below min_subgroup_size=10",5
subgroup,CLM-000032,country,Switzerland,"only 6 valid (non-IDK) answers, below min_subgroup_size=10",6
subgroup,CLM-000032,country,Thailand,"only 1 valid (non-IDK) answers, below min_subgroup_size=10",1
subgroup,CLM-000032,country,Uruguay,"only 1 valid (non-IDK) answers, below min_subgroup_size=10",1
unassigned,CLM-000032,country,(not recorded),"56 respondent(s) did not answer the optional 'country' question, so they belong to no subgroup and cannot enter this comparison",42
