# sampling_caveat: Purposive sampling subject to availability constraints. Results describe the beliefs of the surveyed sample, not of software engineering practitioners in general, and no inference to a wider population is supported (Baltes & Ralph, 2022, Empirical Software Engineering).
# question_order_caveat: BTHSurvey provides no question-order randomisation, so all 50 claims were presented in a fixed order to every respondent. Order effects (fatigue, priming, anchoring) cannot be estimated or corrected for by this tool and stand as a documented construct-validity limitation.
# classification_rule: majority > 50% of directional answers; IDK-dominant at >= 30% of the full sample
# run_id: 20260904T170248Z-d602c796
# input_file: data/raw/export (4).xlsx
# input_sha256: d602c796f3cbfb3f5322be5551f12e280f71dbd1880fbd430253c4518e4ddd95
claim_id,variable,test,statistic,p_value,p_adjusted_bh,significant_after_bh,n_groups_included,n_groups_excluded,groups_included,groups_excluded,excluded,exclusion_reason,effect_size_epsilon_squared,effect_magnitude
CLM-000062,experience,kruskal_wallis,6.3876331640863,0.09420088366128242,0.315770647546253,False,4,0,"1 to 3 years (n=26, mdn=2.0, IDK=26%); 10+ years (n=413, mdn=2.0, IDK=31%); 4 to 9 years (n=64, mdn=2.0, IDK=37%); Less than 1 year (n=11, mdn=1.0, IDK=35%)",,False,,0.0066,negligible
CLM-000179,experience,kruskal_wallis,8.810346392313718,0.031921655329979946,0.16082513915697427,False,4,0,"1 to 3 years (n=33, mdn=4.0, IDK=6%); 10+ years (n=550, mdn=4.0, IDK=8%); 4 to 9 years (n=98, mdn=4.0, IDK=3%); Less than 1 year (n=17, mdn=5.0, IDK=0%)",,False,,0.0084,negligible
CLM-000028,experience,kruskal_wallis,11.524082847366726,0.009204666353715632,0.0920466635371563,False,4,0,"1 to 3 years (n=35, mdn=4.0, IDK=0%); 10+ years (n=588, mdn=5.0, IDK=2%); 4 to 9 years (n=100, mdn=5.0, IDK=1%); Less than 1 year (n=16, mdn=5.0, IDK=6%)",,False,,0.0116,small
CLM-000204,experience,kruskal_wallis,9.227652913405041,0.026412351308296673,0.16082513915697427,False,4,0,"1 to 3 years (n=34, mdn=2.0, IDK=3%); 10+ years (n=575, mdn=2.0, IDK=4%); 4 to 9 years (n=98, mdn=2.0, IDK=3%); Less than 1 year (n=15, mdn=2.0, IDK=12%)",,False,,0.0087,negligible
CLM-000086,experience,kruskal_wallis,1.2681090691561532,0.736719458854594,0.8681815866383414,False,4,0,"1 to 3 years (n=34, mdn=4.0, IDK=3%); 10+ years (n=588, mdn=4.0, IDK=2%); 4 to 9 years (n=97, mdn=4.0, IDK=4%); Less than 1 year (n=16, mdn=4.0, IDK=6%)",,False,,0.0,negligible
CLM-000131,experience,kruskal_wallis,2.8196325937615927,0.4202782316119781,0.7154495728899491,False,4,0,"1 to 3 years (n=29, mdn=4.0, IDK=17%); 10+ years (n=556, mdn=4.0, IDK=7%); 4 to 9 years (n=90, mdn=4.0, IDK=11%); Less than 1 year (n=12, mdn=4.0, IDK=29%)",,False,,0.0,negligible
CLM-000337,experience,kruskal_wallis,3.6815739243713677,0.2979648228898185,0.6207600476871219,False,4,0,"1 to 3 years (n=32, mdn=2.5, IDK=9%); 10+ years (n=508, mdn=3.0, IDK=15%); 4 to 9 years (n=89, mdn=2.0, IDK=12%); Less than 1 year (n=15, mdn=2.0, IDK=12%)",,False,,0.0011,negligible
CLM-000101,experience,kruskal_wallis,2.6937217628694947,0.4412952695771627,0.7154495728899491,False,4,0,"1 to 3 years (n=31, mdn=4.0, IDK=11%); 10+ years (n=556, mdn=4.0, IDK=7%); 4 to 9 years (n=91, mdn=4.0, IDK=10%); Less than 1 year (n=13, mdn=4.0, IDK=24%)",,False,,0.0,negligible
CLM-000059,experience,kruskal_wallis,22.654467561700233,4.766494645047887e-05,0.0023832473225239435,True,4,0,"1 to 3 years (n=35, mdn=4.0, IDK=0%); 10+ years (n=564, mdn=4.0, IDK=6%); 4 to 9 years (n=97, mdn=4.0, IDK=4%); Less than 1 year (n=17, mdn=4.0, IDK=0%)",,False,,0.0277,small
CLM-000329,experience,kruskal_wallis,0.5480038439586409,0.908225460502489,0.9710175753429577,False,4,0,"1 to 3 years (n=32, mdn=5.0, IDK=9%); 10+ years (n=582, mdn=5.0, IDK=3%); 4 to 9 years (n=101, mdn=5.0, IDK=0%); Less than 1 year (n=16, mdn=5.0, IDK=6%)",,False,,0.0,negligible
CLM-000060,experience,kruskal_wallis,1.6722537636357795,0.6431199335951643,0.8371430513203841,False,4,0,"1 to 3 years (n=34, mdn=5.0, IDK=3%); 10+ years (n=585, mdn=5.0, IDK=2%); 4 to 9 years (n=97, mdn=5.0, IDK=4%); Less than 1 year (n=16, mdn=5.0, IDK=6%)",,False,,0.0,negligible
CLM-000073,experience,kruskal_wallis,1.4747577153487539,0.6881083696601211,0.8391565483660014,False,4,0,"1 to 3 years (n=31, mdn=4.0, IDK=11%); 10+ years (n=561, mdn=4.0, IDK=6%); 4 to 9 years (n=91, mdn=4.0, IDK=10%); Less than 1 year (n=15, mdn=4.0, IDK=12%)",,False,,0.0,negligible
CLM-000194,experience,kruskal_wallis,10.746585330927484,0.004638832014408214,0.07731386690680357,False,3,1,"1 to 3 years (n=18, mdn=3.5, IDK=49%); 10+ years (n=392, mdn=3.0, IDK=34%); 4 to 9 years (n=68, mdn=4.0, IDK=33%)",Less than 1 year (n=5),False,,0.0184,small
CLM-000026,experience,kruskal_wallis,14.391367928163483,0.0024180601699814804,0.060451504249537005,False,4,0,"1 to 3 years (n=35, mdn=4.0, IDK=0%); 10+ years (n=578, mdn=3.0, IDK=3%); 4 to 9 years (n=97, mdn=4.0, IDK=4%); Less than 1 year (n=17, mdn=2.0, IDK=0%)",,False,,0.0158,small
CLM-000085,experience,kruskal_wallis,4.582993574046577,0.20500584236315983,0.5205198221718573,False,4,0,"1 to 3 years (n=30, mdn=4.0, IDK=14%); 10+ years (n=525, mdn=3.0, IDK=12%); 4 to 9 years (n=83, mdn=4.0, IDK=18%); Less than 1 year (n=16, mdn=3.0, IDK=6%)",,False,,0.0024,negligible
CLM-000459,experience,kruskal_wallis,2.0760600321189737,0.3541516683064865,0.6899146552781591,False,3,1,"1 to 3 years (n=18, mdn=3.0, IDK=49%); 10+ years (n=336, mdn=3.0, IDK=44%); 4 to 9 years (n=41, mdn=3.0, IDK=59%)",Less than 1 year (n=5),False,,0.0002,negligible
CLM-000100,experience,kruskal_wallis,0.06073610576633382,0.9700884239935611,0.9710175753429577,False,3,1,"1 to 3 years (n=11, mdn=3.0, IDK=69%); 10+ years (n=298, mdn=4.0, IDK=50%); 4 to 9 years (n=40, mdn=3.5, IDK=60%)",Less than 1 year (n=2),False,,0.0,negligible
CLM-000147,experience,kruskal_wallis,9.162126629885826,0.027211208024266645,0.16082513915697427,False,4,0,"1 to 3 years (n=34, mdn=4.0, IDK=3%); 10+ years (n=568, mdn=4.0, IDK=5%); 4 to 9 years (n=92, mdn=4.0, IDK=9%); Less than 1 year (n=16, mdn=4.0, IDK=6%)",,False,,0.0087,negligible
CLM-000115,experience,kruskal_wallis,1.7309925388348366,0.6300655688217429,0.8371430513203841,False,4,0,"1 to 3 years (n=28, mdn=3.0, IDK=20%); 10+ years (n=514, mdn=3.0, IDK=14%); 4 to 9 years (n=89, mdn=3.0, IDK=12%); Less than 1 year (n=14, mdn=4.0, IDK=18%)",,False,,0.0,negligible
CLM-000224,experience,kruskal_wallis,2.547818376502801,0.4667111806612202,0.7292362197831566,False,4,0,"1 to 3 years (n=24, mdn=4.0, IDK=31%); 10+ years (n=383, mdn=4.0, IDK=36%); 4 to 9 years (n=61, mdn=4.0, IDK=40%); Less than 1 year (n=12, mdn=4.0, IDK=29%)",,False,,0.0,negligible
CLM-000470,experience,kruskal_wallis,0.25969001986205714,0.9674223990740688,0.9710175753429577,False,4,0,"1 to 3 years (n=21, mdn=3.0, IDK=40%); 10+ years (n=402, mdn=3.0, IDK=33%); 4 to 9 years (n=66, mdn=3.0, IDK=35%); Less than 1 year (n=11, mdn=3.0, IDK=35%)",,False,,0.0,negligible
CLM-000015,experience,kruskal_wallis,0.07154854342955243,0.9648580646600613,0.9710175753429577,False,3,1,"1 to 3 years (n=23, mdn=4.0, IDK=34%); 10+ years (n=416, mdn=3.0, IDK=30%); 4 to 9 years (n=69, mdn=3.0, IDK=32%)",Less than 1 year (n=9),False,,0.0,negligible
CLM-000223,experience,kruskal_wallis,3.2212416213459516,0.35875562074464273,0.6899146552781591,False,4,0,"1 to 3 years (n=35, mdn=2.0, IDK=0%); 10+ years (n=583, mdn=2.0, IDK=3%); 4 to 9 years (n=97, mdn=2.0, IDK=4%); Less than 1 year (n=15, mdn=2.0, IDK=12%)",,False,,0.0003,negligible
CLM-000045,experience,kruskal_wallis,6.374844192195098,0.0947311942638759,0.315770647546253,False,4,0,"1 to 3 years (n=33, mdn=4.0, IDK=6%); 10+ years (n=565, mdn=4.0, IDK=6%); 4 to 9 years (n=94, mdn=4.0, IDK=7%); Less than 1 year (n=16, mdn=4.0, IDK=6%)",,False,,0.0048,negligible
CLM-000087,experience,kruskal_wallis,3.934401888567598,0.2686352200275563,0.5839896087555572,False,4,0,"1 to 3 years (n=25, mdn=4.0, IDK=29%); 10+ years (n=456, mdn=4.0, IDK=24%); 4 to 9 years (n=73, mdn=4.0, IDK=28%); Less than 1 year (n=12, mdn=4.0, IDK=29%)",,False,,0.0017,negligible
CLM-000178,experience,kruskal_wallis,2.82138376473926,0.41999185553750273,0.7154495728899491,False,4,0,"1 to 3 years (n=24, mdn=3.0, IDK=31%); 10+ years (n=421, mdn=3.0, IDK=30%); 4 to 9 years (n=63, mdn=3.0, IDK=38%); Less than 1 year (n=11, mdn=2.0, IDK=35%)",,False,,0.0,negligible
CLM-000269,experience,kruskal_wallis,2.3157955871475546,0.509501647583519,0.7719721933083621,False,4,0,"1 to 3 years (n=34, mdn=5.0, IDK=3%); 10+ years (n=580, mdn=5.0, IDK=3%); 4 to 9 years (n=97, mdn=5.0, IDK=4%); Less than 1 year (n=16, mdn=5.0, IDK=6%)",,False,,0.0,negligible
CLM-000238,experience,kruskal_wallis,0.340231795743505,0.8435670433056353,0.9372967147840392,False,3,1,"1 to 3 years (n=18, mdn=4.0, IDK=49%); 10+ years (n=337, mdn=3.0, IDK=44%); 4 to 9 years (n=63, mdn=3.0, IDK=38%)",Less than 1 year (n=8),False,,0.0,negligible
CLM-000361,experience,kruskal_wallis,3.138436081166711,0.20820792886874295,0.5205198221718573,False,3,1,"1 to 3 years (n=12, mdn=4.0, IDK=66%); 10+ years (n=228, mdn=3.0, IDK=62%); 4 to 9 years (n=39, mdn=4.0, IDK=61%)",Less than 1 year (n=6),False,,0.0041,negligible
CLM-000450,experience,kruskal_wallis,2.6803395080491224,0.4435787351917685,0.7154495728899491,False,4,0,"1 to 3 years (n=24, mdn=4.0, IDK=31%); 10+ years (n=467, mdn=4.0, IDK=22%); 4 to 9 years (n=87, mdn=4.0, IDK=14%); Less than 1 year (n=10, mdn=4.0, IDK=41%)",,False,,0.0,negligible
CLM-000142,experience,kruskal_wallis,2.766839999554535,0.4289877735965889,0.7154495728899491,False,4,0,"1 to 3 years (n=33, mdn=4.0, IDK=6%); 10+ years (n=576, mdn=4.0, IDK=4%); 4 to 9 years (n=96, mdn=4.0, IDK=5%); Less than 1 year (n=14, mdn=4.0, IDK=18%)",,False,,0.0,negligible
CLM-000496,experience,kruskal_wallis,0.9975326030633633,0.8018489944223615,0.9111920391163199,False,4,0,"1 to 3 years (n=26, mdn=4.0, IDK=26%); 10+ years (n=524, mdn=4.0, IDK=12%); 4 to 9 years (n=89, mdn=4.0, IDK=12%); Less than 1 year (n=15, mdn=4.0, IDK=12%)",,False,,0.0,negligible
CLM-000169,experience,kruskal_wallis,9.465055166336654,0.023706035414044316,0.16082513915697427,False,4,0,"1 to 3 years (n=30, mdn=4.0, IDK=14%); 10+ years (n=509, mdn=4.0, IDK=15%); 4 to 9 years (n=93, mdn=4.0, IDK=8%); Less than 1 year (n=15, mdn=5.0, IDK=12%)",,False,,0.0101,small
CLM-000036,experience,kruskal_wallis,6.87375101770001,0.032165027831394855,0.16082513915697427,False,3,1,"1 to 3 years (n=26, mdn=4.0, IDK=26%); 10+ years (n=366, mdn=4.0, IDK=39%); 4 to 9 years (n=64, mdn=4.0, IDK=37%)",Less than 1 year (n=8),False,,0.0108,small
CLM-000210,experience,kruskal_wallis,1.6283823145888066,0.6529715800298996,0.8371430513203841,False,4,0,"1 to 3 years (n=32, mdn=4.0, IDK=9%); 10+ years (n=552, mdn=4.0, IDK=8%); 4 to 9 years (n=86, mdn=4.0, IDK=15%); Less than 1 year (n=11, mdn=4.0, IDK=35%)",,False,,0.0,negligible
CLM-000581,experience,kruskal_wallis,4.096762909299402,0.2512032718942076,0.5839896087555572,False,4,0,"1 to 3 years (n=30, mdn=3.5, IDK=14%); 10+ years (n=536, mdn=3.0, IDK=10%); 4 to 9 years (n=89, mdn=3.0, IDK=12%); Less than 1 year (n=14, mdn=3.5, IDK=18%)",,False,,0.0016,negligible
CLM-000242,experience,kruskal_wallis,4.941641892254524,0.17612062831338088,0.4892239675371691,False,4,0,"1 to 3 years (n=34, mdn=4.0, IDK=3%); 10+ years (n=575, mdn=4.0, IDK=4%); 4 to 9 years (n=100, mdn=4.0, IDK=1%); Less than 1 year (n=15, mdn=4.0, IDK=12%)",,False,,0.0027,negligible
CLM-000199,experience,kruskal_wallis,7.315038999642036,0.06250627732389477,0.2604428221828949,False,4,0,"1 to 3 years (n=33, mdn=5.0, IDK=6%); 10+ years (n=589, mdn=4.0, IDK=2%); 4 to 9 years (n=100, mdn=4.0, IDK=1%); Less than 1 year (n=16, mdn=5.0, IDK=6%)",,False,,0.0059,negligible
CLM-000007,experience,kruskal_wallis,0.2392483262339833,0.9710175753429577,0.9710175753429577,False,4,0,"1 to 3 years (n=28, mdn=2.0, IDK=20%); 10+ years (n=554, mdn=2.0, IDK=7%); 4 to 9 years (n=98, mdn=2.0, IDK=3%); Less than 1 year (n=14, mdn=2.0, IDK=18%)",,False,,0.0,negligible
CLM-000486,experience,kruskal_wallis,6.548327870329457,0.08777593349982483,0.315770647546253,False,4,0,"1 to 3 years (n=28, mdn=3.0, IDK=20%); 10+ years (n=452, mdn=3.0, IDK=24%); 4 to 9 years (n=73, mdn=3.0, IDK=28%); Less than 1 year (n=11, mdn=2.0, IDK=35%)",,False,,0.0063,negligible
CLM-000109,experience,kruskal_wallis,1.518941850183989,0.6779055122045814,0.8391565483660014,False,4,0,"1 to 3 years (n=31, mdn=4.0, IDK=11%); 10+ years (n=556, mdn=4.0, IDK=7%); 4 to 9 years (n=93, mdn=4.0, IDK=8%); Less than 1 year (n=16, mdn=4.5, IDK=6%)",,False,,0.0,negligible
CLM-000190,experience,kruskal_wallis,3.982263620844685,0.26338571860083326,0.5839896087555572,False,4,0,"1 to 3 years (n=33, mdn=4.0, IDK=6%); 10+ years (n=562, mdn=4.0, IDK=6%); 4 to 9 years (n=99, mdn=4.0, IDK=2%); Less than 1 year (n=16, mdn=4.0, IDK=6%)",,False,,0.0014,negligible
CLM-000374,experience,kruskal_wallis,0.8570685969847265,0.6514632459638243,0.8371430513203841,False,3,1,"1 to 3 years (n=15, mdn=3.0, IDK=57%); 10+ years (n=206, mdn=3.0, IDK=66%); 4 to 9 years (n=38, mdn=3.0, IDK=62%)",Less than 1 year (n=7),False,,0.0,negligible
CLM-000122,experience,kruskal_wallis,1.2265819950946124,0.7466361645089736,0.8681815866383414,False,4,0,"1 to 3 years (n=29, mdn=3.0, IDK=17%); 10+ years (n=492, mdn=3.0, IDK=18%); 4 to 9 years (n=78, mdn=4.0, IDK=23%); Less than 1 year (n=13, mdn=4.0, IDK=24%)",,False,,0.0,negligible
CLM-000097,experience,kruskal_wallis,1.9639157468026351,0.5799298031742917,0.8371430513203841,False,4,0,"1 to 3 years (n=34, mdn=4.0, IDK=3%); 10+ years (n=565, mdn=4.0, IDK=6%); 4 to 9 years (n=98, mdn=4.0, IDK=3%); Less than 1 year (n=17, mdn=4.0, IDK=0%)",,False,,0.0,negligible
CLM-000201,experience,kruskal_wallis,11.590750528750508,0.008925018730120384,0.0920466635371563,False,4,0,"1 to 3 years (n=34, mdn=4.0, IDK=3%); 10+ years (n=579, mdn=4.0, IDK=3%); 4 to 9 years (n=97, mdn=4.0, IDK=4%); Less than 1 year (n=17, mdn=4.0, IDK=0%)",,False,,0.0119,small
CLM-000180,experience,kruskal_wallis,1.7797873858804159,0.6193432739143256,0.8371430513203841,False,4,0,"1 to 3 years (n=34, mdn=4.0, IDK=3%); 10+ years (n=569, mdn=4.0, IDK=5%); 4 to 9 years (n=100, mdn=4.0, IDK=1%); Less than 1 year (n=16, mdn=4.5, IDK=6%)",,False,,0.0,negligible
CLM-000502,experience,kruskal_wallis,8.311408598109164,0.03999571474584475,0.1817987033902034,False,4,0,"1 to 3 years (n=34, mdn=5.0, IDK=3%); 10+ years (n=584, mdn=4.0, IDK=2%); 4 to 9 years (n=101, mdn=4.0, IDK=0%); Less than 1 year (n=17, mdn=5.0, IDK=0%)",,False,,0.0073,negligible
CLM-000129,experience,kruskal_wallis,5.99590299863176,0.11180972333933516,0.3494053854354224,False,4,0,"1 to 3 years (n=32, mdn=4.0, IDK=9%); 10+ years (n=544, mdn=4.0, IDK=9%); 4 to 9 years (n=95, mdn=4.0, IDK=6%); Less than 1 year (n=15, mdn=4.0, IDK=12%)",,False,,0.0044,negligible
CLM-000032,experience,kruskal_wallis,5.142854555385141,0.16163055828953532,0.4753839949692215,False,4,0,"1 to 3 years (n=29, mdn=4.0, IDK=17%); 10+ years (n=494, mdn=4.0, IDK=17%); 4 to 9 years (n=80, mdn=4.0, IDK=21%); Less than 1 year (n=14, mdn=4.0, IDK=18%)",,False,,0.0035,negligible
CLM-000062,role,kruskal_wallis,9.364246138249912,0.15410552835748284,0.6793344892714547,False,7,1,"Architect (n=51, mdn=2.0, IDK=30%); Consultant (n=27, mdn=2.0, IDK=18%); Developer (n=231, mdn=2.0, IDK=35%); Engineering manager (n=36, mdn=2.0, IDK=16%); Other (n=36, mdn=2.0, IDK=41%); Researcher (n=22, mdn=2.0, IDK=41%); Tech lead (n=110, mdn=2.0, IDK=26%)",(not recorded) (n=1),False,,0.0066,negligible
CLM-000179,role,kruskal_wallis,6.835211936131917,0.3363560515951115,0.6793344892714547,False,7,1,"Architect (n=66, mdn=4.0, IDK=10%); Consultant (n=31, mdn=4.0, IDK=6%); Developer (n=326, mdn=4.0, IDK=8%); Engineering manager (n=39, mdn=4.0, IDK=9%); Other (n=56, mdn=4.0, IDK=8%); Researcher (n=34, mdn=4.0, IDK=8%); Tech lead (n=145, mdn=4.0, IDK=3%)",(not recorded) (n=1),False,,0.0012,negligible
CLM-000028,role,kruskal_wallis,8.00594695374096,0.23766794032221392,0.6793344892714547,False,7,1,"Architect (n=71, mdn=5.0, IDK=3%); Consultant (n=33, mdn=5.0, IDK=0%); Developer (n=349, mdn=5.0, IDK=1%); Engineering manager (n=43, mdn=5.0, IDK=0%); Other (n=59, mdn=5.0, IDK=3%); Researcher (n=35, mdn=5.0, IDK=5%); Tech lead (n=147, mdn=5.0, IDK=1%)",(not recorded) (n=2),False,,0.0027,negligible
CLM-000204,role,kruskal_wallis,19.117384862560115,0.0039699135191772926,0.17221203129835147,False,7,1,"Architect (n=70, mdn=2.0, IDK=4%); Consultant (n=32, mdn=2.0, IDK=3%); Developer (n=336, mdn=2.0, IDK=5%); Engineering manager (n=42, mdn=2.0, IDK=2%); Other (n=58, mdn=2.0, IDK=5%); Researcher (n=35, mdn=2.0, IDK=5%); Tech lead (n=147, mdn=2.0, IDK=1%)",(not recorded) (n=2),False,,0.0184,small
CLM-000086,role,kruskal_wallis,5.556824423259196,0.4746154820876728,0.7104661731470933,False,7,1,"Architect (n=73, mdn=4.0, IDK=0%); Consultant (n=33, mdn=4.0, IDK=0%); Developer (n=345, mdn=4.0, IDK=2%); Engineering manager (n=42, mdn=4.0, IDK=2%); Other (n=57, mdn=4.0, IDK=7%); Researcher (n=35, mdn=4.0, IDK=5%); Tech lead (n=148, mdn=4.0, IDK=1%)",(not recorded) (n=2),False,,0.0,negligible
CLM-000131,role,kruskal_wallis,6.2515407152364375,0.3956104135281717,0.6793344892714547,False,7,1,"Architect (n=68, mdn=4.0, IDK=7%); Consultant (n=32, mdn=4.0, IDK=3%); Developer (n=320, mdn=4.0, IDK=9%); Engineering manager (n=41, mdn=4.0, IDK=5%); Other (n=54, mdn=4.0, IDK=11%); Researcher (n=32, mdn=4.0, IDK=14%); Tech lead (n=139, mdn=4.0, IDK=7%)",(not recorded) (n=1),False,,0.0004,negligible
CLM-000337,role,kruskal_wallis,5.8787188804765735,0.4369124446357556,0.704697491347993,False,7,1,"Architect (n=65, mdn=3.0, IDK=11%); Consultant (n=26, mdn=3.0, IDK=21%); Developer (n=297, mdn=2.0, IDK=16%); Engineering manager (n=39, mdn=2.0, IDK=9%); Other (n=50, mdn=2.5, IDK=18%); Researcher (n=31, mdn=3.0, IDK=16%); Tech lead (n=134, mdn=3.0, IDK=10%)",(not recorded) (n=2),False,,0.0,negligible
CLM-000101,role,kruskal_wallis,4.6400161520653835,0.5907400418864786,0.7507856426131989,False,7,1,"Architect (n=69, mdn=4.0, IDK=5%); Consultant (n=33, mdn=4.0, IDK=0%); Developer (n=320, mdn=4.0, IDK=9%); Engineering manager (n=42, mdn=4.0, IDK=2%); Other (n=56, mdn=4.0, IDK=8%); Researcher (n=29, mdn=4.0, IDK=22%); Tech lead (n=140, mdn=4.0, IDK=6%)",(not recorded) (n=2),False,,0.0,negligible
CLM-000059,role,kruskal_wallis,9.754990701438624,0.13535634390908496,0.6793344892714547,False,7,1,"Architect (n=66, mdn=4.0, IDK=10%); Consultant (n=30, mdn=4.0, IDK=9%); Developer (n=340, mdn=4.0, IDK=4%); Engineering manager (n=42, mdn=4.0, IDK=2%); Other (n=58, mdn=4.0, IDK=5%); Researcher (n=36, mdn=4.0, IDK=3%); Tech lead (n=139, mdn=4.0, IDK=7%)",(not recorded) (n=2),False,,0.0053,negligible
CLM-000329,role,kruskal_wallis,8.861460692964586,0.18152064516361768,0.6793344892714547,False,7,1,"Architect (n=72, mdn=5.0, IDK=1%); Consultant (n=32, mdn=5.0, IDK=3%); Developer (n=343, mdn=5.0, IDK=3%); Engineering manager (n=43, mdn=5.0, IDK=0%); Other (n=58, mdn=5.0, IDK=5%); Researcher (n=35, mdn=5.0, IDK=5%); Tech lead (n=146, mdn=5.0, IDK=2%)",(not recorded) (n=2),False,,0.004,negligible
CLM-000060,role,kruskal_wallis,8.108949525441977,0.23022958816085387,0.6793344892714547,False,7,1,"Architect (n=72, mdn=5.0, IDK=1%); Consultant (n=33, mdn=5.0, IDK=0%); Developer (n=342, mdn=5.0, IDK=3%); Engineering manager (n=43, mdn=5.0, IDK=0%); Other (n=59, mdn=5.0, IDK=3%); Researcher (n=36, mdn=5.0, IDK=3%); Tech lead (n=145, mdn=5.0, IDK=3%)",(not recorded) (n=2),False,,0.0029,negligible
CLM-000073,role,kruskal_wallis,5.5601661263179025,0.4742148456613816,0.7104661731470933,False,7,1,"Architect (n=69, mdn=4.0, IDK=5%); Consultant (n=31, mdn=4.0, IDK=6%); Developer (n=325, mdn=4.0, IDK=8%); Engineering manager (n=42, mdn=4.0, IDK=2%); Other (n=54, mdn=4.0, IDK=11%); Researcher (n=35, mdn=4.0, IDK=5%); Tech lead (n=140, mdn=4.0, IDK=6%)",(not recorded) (n=2),False,,0.0,negligible
CLM-000194,role,kruskal_wallis,14.361784592263438,0.025845832856134492,0.36199530946119357,False,7,1,"Architect (n=49, mdn=4.0, IDK=33%); Consultant (n=24, mdn=3.0, IDK=27%); Developer (n=223, mdn=3.0, IDK=37%); Engineering manager (n=28, mdn=3.0, IDK=35%); Other (n=37, mdn=4.0, IDK=39%); Researcher (n=14, mdn=3.5, IDK=62%); Tech lead (n=107, mdn=3.0, IDK=28%)",(not recorded) (n=1),False,,0.0176,small
CLM-000026,role,kruskal_wallis,4.735111088669187,0.5782078729953626,0.7507856426131989,False,7,1,"Architect (n=70, mdn=3.0, IDK=4%); Consultant (n=32, mdn=3.0, IDK=3%); Developer (n=343, mdn=3.0, IDK=3%); Engineering manager (n=43, mdn=3.0, IDK=0%); Other (n=58, mdn=3.0, IDK=5%); Researcher (n=35, mdn=3.0, IDK=5%); Tech lead (n=144, mdn=3.0, IDK=3%)",(not recorded) (n=2),False,,0.0,negligible
CLM-000085,role,kruskal_wallis,1.206924247150891,0.9765413212347719,0.9765413212347719,False,7,1,"Architect (n=66, mdn=4.0, IDK=10%); Consultant (n=30, mdn=3.5, IDK=9%); Developer (n=299, mdn=3.0, IDK=15%); Engineering manager (n=37, mdn=3.0, IDK=14%); Other (n=52, mdn=4.0, IDK=15%); Researcher (n=33, mdn=3.0, IDK=11%); Tech lead (n=135, mdn=3.0, IDK=9%)",(not recorded) (n=2),False,,0.0,negligible
CLM-000459,role,kruskal_wallis,2.6810627120657697,0.8476789755338212,0.9213901907976317,False,7,1,"Architect (n=47, mdn=3.0, IDK=36%); Consultant (n=16, mdn=3.0, IDK=52%); Developer (n=181, mdn=3.0, IDK=49%); Engineering manager (n=28, mdn=3.0, IDK=35%); Other (n=31, mdn=3.0, IDK=49%); Researcher (n=18, mdn=3.0, IDK=51%); Tech lead (n=78, mdn=3.0, IDK=48%)",(not recorded) (n=1),False,,0.0,negligible
CLM-000100,role,kruskal_wallis,4.0609320322195455,0.540677032862854,0.7507856426131989,False,6,2,"Architect (n=46, mdn=4.0, IDK=37%); Consultant (n=19, mdn=4.0, IDK=42%); Developer (n=162, mdn=3.0, IDK=54%); Engineering manager (n=19, mdn=4.0, IDK=56%); Other (n=28, mdn=4.0, IDK=54%); Tech lead (n=68, mdn=4.0, IDK=54%)",Researcher (n=8); (not recorded) (n=1),False,,0.0,negligible
CLM-000147,role,kruskal_wallis,2.1909053928839035,0.9013303425817385,0.9456153728737534,False,7,1,"Architect (n=70, mdn=4.0, IDK=4%); Consultant (n=32, mdn=4.0, IDK=3%); Developer (n=330, mdn=4.0, IDK=7%); Engineering manager (n=42, mdn=4.0, IDK=2%); Other (n=58, mdn=4.0, IDK=5%); Researcher (n=31, mdn=4.0, IDK=16%); Tech lead (n=145, mdn=4.0, IDK=3%)",(not recorded) (n=2),False,,0.0,negligible
CLM-000115,role,kruskal_wallis,6.7265591098588375,0.34687671139207976,0.6793344892714547,False,7,1,"Architect (n=60, mdn=3.0, IDK=18%); Consultant (n=29, mdn=3.0, IDK=12%); Developer (n=301, mdn=3.0, IDK=15%); Engineering manager (n=43, mdn=3.0, IDK=0%); Other (n=54, mdn=3.5, IDK=11%); Researcher (n=28, mdn=3.0, IDK=24%); Tech lead (n=128, mdn=3.0, IDK=14%)",(not recorded) (n=2),False,,0.0011,negligible
CLM-000224,role,kruskal_wallis,3.5139884673786153,0.7421076701076732,0.8629158954740386,False,7,1,"Architect (n=47, mdn=4.0, IDK=36%); Consultant (n=28, mdn=4.0, IDK=15%); Developer (n=217, mdn=4.0, IDK=39%); Engineering manager (n=33, mdn=4.0, IDK=23%); Other (n=36, mdn=4.0, IDK=41%); Researcher (n=22, mdn=4.0, IDK=41%); Tech lead (n=96, mdn=4.0, IDK=36%)",(not recorded) (n=1),False,,0.0,negligible
CLM-000470,role,kruskal_wallis,6.845701570745955,0.3353527667065277,0.6793344892714547,False,7,1,"Architect (n=52, mdn=3.0, IDK=29%); Consultant (n=21, mdn=3.0, IDK=36%); Developer (n=241, mdn=3.0, IDK=32%); Engineering manager (n=32, mdn=3.0, IDK=26%); Other (n=34, mdn=3.0, IDK=44%); Researcher (n=20, mdn=3.0, IDK=46%); Tech lead (n=98, mdn=3.0, IDK=34%)",(not recorded) (n=2),False,,0.0017,negligible
CLM-000015,role,kruskal_wallis,9.478406042578374,0.14840628861544605,0.6793344892714547,False,7,1,"Architect (n=52, mdn=3.5, IDK=29%); Consultant (n=23, mdn=3.0, IDK=30%); Developer (n=234, mdn=3.0, IDK=34%); Engineering manager (n=31, mdn=3.0, IDK=28%); Other (n=41, mdn=4.0, IDK=33%); Researcher (n=22, mdn=4.0, IDK=41%); Tech lead (n=112, mdn=3.0, IDK=25%)",(not recorded) (n=2),False,,0.0068,negligible
CLM-000223,role,kruskal_wallis,8.436162633035174,0.20785783813615075,0.6793344892714547,False,7,1,"Architect (n=72, mdn=2.0, IDK=1%); Consultant (n=32, mdn=2.0, IDK=3%); Developer (n=345, mdn=2.0, IDK=2%); Engineering manager (n=42, mdn=2.0, IDK=2%); Other (n=58, mdn=3.0, IDK=5%); Researcher (n=34, mdn=2.0, IDK=8%); Tech lead (n=145, mdn=2.0, IDK=3%)",(not recorded) (n=2),False,,0.0034,negligible
CLM-000045,role,kruskal_wallis,6.140830001568701,0.4076006935628728,0.6793344892714547,False,7,1,"Architect (n=67, mdn=4.0, IDK=8%); Consultant (n=32, mdn=4.0, IDK=3%); Developer (n=331, mdn=4.0, IDK=6%); Engineering manager (n=43, mdn=4.0, IDK=0%); Other (n=57, mdn=3.0, IDK=7%); Researcher (n=35, mdn=4.0, IDK=5%); Tech lead (n=141, mdn=4.0, IDK=5%)",(not recorded) (n=2),False,,0.0002,negligible
CLM-000087,role,kruskal_wallis,17.749931535775197,0.006888481251934059,0.17221203129835147,False,7,1,"Architect (n=52, mdn=4.0, IDK=29%); Consultant (n=29, mdn=4.0, IDK=12%); Developer (n=256, mdn=3.5, IDK=27%); Engineering manager (n=35, mdn=4.0, IDK=19%); Other (n=42, mdn=4.0, IDK=31%); Researcher (n=28, mdn=2.0, IDK=24%); Tech lead (n=122, mdn=4.0, IDK=18%)",(not recorded) (n=2),False,,0.0211,small
CLM-000178,role,kruskal_wallis,4.565423322277808,0.6006285140905592,0.7507856426131989,False,7,1,"Architect (n=51, mdn=3.0, IDK=30%); Consultant (n=26, mdn=2.0, IDK=21%); Developer (n=233, mdn=3.0, IDK=34%); Engineering manager (n=35, mdn=3.0, IDK=19%); Other (n=36, mdn=3.0, IDK=41%); Researcher (n=24, mdn=3.0, IDK=35%); Tech lead (n=113, mdn=3.0, IDK=24%)",(not recorded) (n=1),False,,0.0,negligible
CLM-000269,role,kruskal_wallis,2.7790570558887895,0.8360226095972939,0.9213901907976317,False,7,1,"Architect (n=71, mdn=5.0, IDK=3%); Consultant (n=33, mdn=5.0, IDK=0%); Developer (n=337, mdn=5.0, IDK=5%); Engineering manager (n=42, mdn=4.5, IDK=2%); Other (n=59, mdn=5.0, IDK=3%); Researcher (n=36, mdn=5.0, IDK=3%); Tech lead (n=147, mdn=5.0, IDK=1%)",(not recorded) (n=2),False,,0.0,negligible
CLM-000238,role,kruskal_wallis,4.043948815225763,0.6707288288495974,0.7984867010114255,False,7,1,"Architect (n=43, mdn=3.0, IDK=41%); Consultant (n=15, mdn=3.0, IDK=55%); Developer (n=219, mdn=3.0, IDK=38%); Engineering manager (n=24, mdn=4.0, IDK=44%); Other (n=29, mdn=3.0, IDK=52%); Researcher (n=19, mdn=4.0, IDK=49%); Tech lead (n=76, mdn=3.0, IDK=49%)",(not recorded) (n=1),False,,0.0,negligible
CLM-000361,role,kruskal_wallis,4.475880638560404,0.4831169977400235,0.7104661731470933,False,6,2,"Architect (n=36, mdn=3.5, IDK=51%); Consultant (n=10, mdn=4.0, IDK=70%); Developer (n=124, mdn=3.0, IDK=65%); Engineering manager (n=19, mdn=4.0, IDK=56%); Other (n=20, mdn=3.0, IDK=67%); Tech lead (n=68, mdn=3.0, IDK=54%)",Researcher (n=6); (not recorded) (n=2),False,,0.0,negligible
CLM-000450,role,kruskal_wallis,6.552047087161292,0.3642643567988539,0.6793344892714547,False,7,1,"Architect (n=58, mdn=4.0, IDK=21%); Consultant (n=26, mdn=4.0, IDK=21%); Developer (n=287, mdn=4.0, IDK=19%); Engineering manager (n=33, mdn=4.0, IDK=23%); Other (n=37, mdn=4.0, IDK=39%); Researcher (n=25, mdn=4.0, IDK=32%); Tech lead (n=120, mdn=4.0, IDK=19%)",(not recorded) (n=2),False,,0.001,negligible
CLM-000142,role,kruskal_wallis,6.960538854997187,0.32451197922951697,0.6793344892714547,False,7,1,"Architect (n=71, mdn=4.0, IDK=3%); Consultant (n=31, mdn=4.0, IDK=6%); Developer (n=337, mdn=4.0, IDK=5%); Engineering manager (n=42, mdn=4.0, IDK=2%); Other (n=55, mdn=4.0, IDK=10%); Researcher (n=33, mdn=4.0, IDK=11%); Tech lead (n=148, mdn=4.0, IDK=1%)",(not recorded) (n=2),False,,0.0014,negligible
CLM-000496,role,kruskal_wallis,2.6832746638433926,0.8474188384311795,0.9213901907976317,False,7,1,"Architect (n=67, mdn=4.0, IDK=8%); Consultant (n=30, mdn=4.0, IDK=9%); Developer (n=306, mdn=4.0, IDK=13%); Engineering manager (n=40, mdn=4.0, IDK=7%); Other (n=50, mdn=4.0, IDK=18%); Researcher (n=29, mdn=4.0, IDK=22%); Tech lead (n=130, mdn=4.0, IDK=13%)",(not recorded) (n=2),False,,0.0,negligible
CLM-000169,role,kruskal_wallis,6.9427408281197245,0.3261749974682569,0.6793344892714547,False,7,1,"Architect (n=56, mdn=4.0, IDK=23%); Consultant (n=29, mdn=4.0, IDK=12%); Developer (n=304, mdn=4.0, IDK=14%); Engineering manager (n=37, mdn=4.0, IDK=14%); Other (n=55, mdn=4.0, IDK=10%); Researcher (n=32, mdn=4.0, IDK=14%); Tech lead (n=132, mdn=4.0, IDK=11%)",(not recorded) (n=2),False,,0.0015,negligible
CLM-000036,role,kruskal_wallis,6.158787664108967,0.4056398682510376,0.6793344892714547,False,7,1,"Architect (n=47, mdn=4.0, IDK=36%); Consultant (n=21, mdn=4.0, IDK=36%); Developer (n=219, mdn=4.0, IDK=38%); Engineering manager (n=30, mdn=4.0, IDK=30%); Other (n=29, mdn=4.0, IDK=52%); Researcher (n=21, mdn=4.0, IDK=43%); Tech lead (n=95, mdn=4.0, IDK=36%)",(not recorded) (n=2),False,,0.0003,negligible
CLM-000210,role,kruskal_wallis,9.680778245663772,0.13875490434900561,0.6793344892714547,False,7,1,"Architect (n=68, mdn=3.0, IDK=7%); Consultant (n=33, mdn=4.0, IDK=0%); Developer (n=318, mdn=4.0, IDK=10%); Engineering manager (n=42, mdn=4.0, IDK=2%); Other (n=47, mdn=4.0, IDK=23%); Researcher (n=31, mdn=3.0, IDK=16%); Tech lead (n=140, mdn=4.0, IDK=6%)",(not recorded) (n=2),False,,0.0055,negligible
CLM-000581,role,kruskal_wallis,9.022700747528352,0.17230541631962434,0.6793344892714547,False,7,1,"Architect (n=67, mdn=4.0, IDK=8%); Consultant (n=30, mdn=2.5, IDK=9%); Developer (n=305, mdn=3.0, IDK=14%); Engineering manager (n=41, mdn=3.0, IDK=5%); Other (n=53, mdn=3.0, IDK=13%); Researcher (n=33, mdn=3.0, IDK=11%); Tech lead (n=139, mdn=3.0, IDK=7%)",(not recorded) (n=1),False,,0.0046,negligible
CLM-000242,role,kruskal_wallis,2.07670213521915,0.9125107937924499,0.9456153728737534,False,7,1,"Architect (n=71, mdn=4.0, IDK=3%); Consultant (n=33, mdn=4.0, IDK=0%); Developer (n=339, mdn=4.0, IDK=4%); Engineering manager (n=42, mdn=4.0, IDK=2%); Other (n=59, mdn=4.0, IDK=3%); Researcher (n=36, mdn=4.0, IDK=3%); Tech lead (n=142, mdn=4.0, IDK=5%)",(not recorded) (n=2),False,,0.0,negligible
CLM-000199,role,kruskal_wallis,14.061229512671048,0.028959624756895487,0.36199530946119357,False,7,1,"Architect (n=73, mdn=5.0, IDK=0%); Consultant (n=33, mdn=5.0, IDK=0%); Developer (n=345, mdn=4.0, IDK=2%); Engineering manager (n=41, mdn=4.0, IDK=5%); Other (n=60, mdn=4.0, IDK=2%); Researcher (n=37, mdn=5.0, IDK=0%); Tech lead (n=148, mdn=4.5, IDK=1%)",(not recorded) (n=1),False,,0.011,small
CLM-000007,role,kruskal_wallis,11.140720327138304,0.08412345685780395,0.6793344892714547,False,7,1,"Architect (n=68, mdn=2.0, IDK=7%); Consultant (n=32, mdn=2.0, IDK=3%); Developer (n=324, mdn=2.0, IDK=8%); Engineering manager (n=40, mdn=2.0, IDK=7%); Other (n=56, mdn=2.0, IDK=8%); Researcher (n=31, mdn=2.0, IDK=16%); Tech lead (n=142, mdn=2.0, IDK=5%)",(not recorded) (n=1),False,,0.0075,negligible
CLM-000486,role,kruskal_wallis,6.683139006983916,0.3511465284934318,0.6793344892714547,False,7,1,"Architect (n=58, mdn=3.0, IDK=21%); Consultant (n=26, mdn=2.0, IDK=21%); Developer (n=267, mdn=3.0, IDK=24%); Engineering manager (n=33, mdn=3.0, IDK=23%); Other (n=37, mdn=3.0, IDK=39%); Researcher (n=25, mdn=3.0, IDK=32%); Tech lead (n=116, mdn=3.0, IDK=22%)",(not recorded) (n=2),False,,0.0012,negligible
CLM-000109,role,kruskal_wallis,6.605126355867033,0.35891196615935267,0.6793344892714547,False,7,1,"Architect (n=71, mdn=4.0, IDK=3%); Consultant (n=31, mdn=4.0, IDK=6%); Developer (n=323, mdn=4.0, IDK=8%); Engineering manager (n=40, mdn=4.0, IDK=7%); Other (n=53, mdn=4.0, IDK=13%); Researcher (n=32, mdn=4.5, IDK=14%); Tech lead (n=144, mdn=4.0, IDK=3%)",(not recorded) (n=2),False,,0.0009,negligible
CLM-000190,role,kruskal_wallis,6.215964601624828,0.39943773568376006,0.6793344892714547,False,7,1,"Architect (n=72, mdn=4.0, IDK=1%); Consultant (n=31, mdn=4.0, IDK=6%); Developer (n=332, mdn=4.0, IDK=6%); Engineering manager (n=42, mdn=4.0, IDK=2%); Other (n=58, mdn=4.0, IDK=5%); Researcher (n=36, mdn=4.0, IDK=3%); Tech lead (n=138, mdn=4.0, IDK=7%)",(not recorded) (n=1),False,,0.0003,negligible
CLM-000374,role,kruskal_wallis,3.4990699453897625,0.6235283615456472,0.7604004409093259,False,6,2,"Architect (n=24, mdn=3.0, IDK=67%); Consultant (n=13, mdn=3.0, IDK=61%); Developer (n=139, mdn=3.0, IDK=61%); Engineering manager (n=12, mdn=3.0, IDK=72%); Other (n=22, mdn=3.0, IDK=64%); Tech lead (n=48, mdn=3.0, IDK=68%)",Researcher (n=7); (not recorded) (n=1),False,,0.0,negligible
CLM-000122,role,kruskal_wallis,4.850305690139262,0.5631511144954897,0.7507856426131989,False,7,1,"Architect (n=68, mdn=3.0, IDK=7%); Consultant (n=30, mdn=4.0, IDK=9%); Developer (n=275, mdn=4.0, IDK=22%); Engineering manager (n=38, mdn=3.0, IDK=12%); Other (n=50, mdn=4.0, IDK=18%); Researcher (n=32, mdn=3.0, IDK=14%); Tech lead (n=118, mdn=3.5, IDK=21%)",(not recorded) (n=1),False,,0.0,negligible
CLM-000097,role,kruskal_wallis,8.55974155963059,0.19989335049437854,0.6793344892714547,False,7,1,"Architect (n=71, mdn=4.0, IDK=3%); Consultant (n=33, mdn=4.0, IDK=0%); Developer (n=334, mdn=4.0, IDK=5%); Engineering manager (n=41, mdn=4.0, IDK=5%); Other (n=57, mdn=4.0, IDK=7%); Researcher (n=36, mdn=4.0, IDK=3%); Tech lead (n=141, mdn=4.0, IDK=5%)",(not recorded) (n=1),False,,0.0036,negligible
CLM-000201,role,kruskal_wallis,8.373061506337496,0.21202573593718071,0.6793344892714547,False,7,1,"Architect (n=73, mdn=4.0, IDK=0%); Consultant (n=33, mdn=3.0, IDK=0%); Developer (n=343, mdn=4.0, IDK=3%); Engineering manager (n=41, mdn=3.0, IDK=5%); Other (n=58, mdn=4.0, IDK=5%); Researcher (n=34, mdn=4.0, IDK=8%); Tech lead (n=144, mdn=4.0, IDK=3%)",(not recorded) (n=1),False,,0.0033,negligible
CLM-000180,role,kruskal_wallis,6.308116297237489,0.3895743173291864,0.6793344892714547,False,7,1,"Architect (n=72, mdn=4.0, IDK=1%); Consultant (n=33, mdn=4.0, IDK=0%); Developer (n=334, mdn=4.0, IDK=5%); Engineering manager (n=42, mdn=4.0, IDK=2%); Other (n=59, mdn=4.0, IDK=3%); Researcher (n=35, mdn=4.0, IDK=5%); Tech lead (n=143, mdn=4.0, IDK=4%)",(not recorded) (n=1),False,,0.0004,negligible
CLM-000502,role,kruskal_wallis,1.922311366724485,0.9267030654162783,0.9456153728737534,False,7,1,"Architect (n=72, mdn=4.0, IDK=1%); Consultant (n=32, mdn=4.0, IDK=3%); Developer (n=345, mdn=4.0, IDK=2%); Engineering manager (n=42, mdn=4.0, IDK=2%); Other (n=60, mdn=4.0, IDK=2%); Researcher (n=37, mdn=4.0, IDK=0%); Tech lead (n=147, mdn=4.0, IDK=1%)",(not recorded) (n=1),False,,0.0,negligible
CLM-000129,role,kruskal_wallis,5.3664539596993155,0.4977421721846649,0.7110602459780927,False,7,1,"Architect (n=67, mdn=4.0, IDK=8%); Consultant (n=32, mdn=4.0, IDK=3%); Developer (n=322, mdn=4.0, IDK=9%); Engineering manager (n=38, mdn=4.0, IDK=12%); Other (n=56, mdn=4.0, IDK=8%); Researcher (n=32, mdn=4.0, IDK=14%); Tech lead (n=138, mdn=4.0, IDK=7%)",(not recorded) (n=1),False,,0.0,negligible
CLM-000032,role,kruskal_wallis,6.4712237556643455,0.372521162673174,0.6793344892714547,False,7,1,"Architect (n=63, mdn=4.0, IDK=14%); Consultant (n=29, mdn=4.0, IDK=12%); Developer (n=283, mdn=4.0, IDK=20%); Engineering manager (n=37, mdn=4.0, IDK=14%); Other (n=50, mdn=4.0, IDK=18%); Researcher (n=25, mdn=4.0, IDK=32%); Tech lead (n=129, mdn=4.0, IDK=13%)",(not recorded) (n=1),False,,0.0008,negligible
CLM-000062,team_size,kruskal_wallis,1.5710849459497913,0.8139794186728094,0.8917147897763283,False,5,1,"1 to 5 (n=173, mdn=2.0, IDK=35%); 11 to 20 (n=80, mdn=2.0, IDK=32%); 21 to 50 (n=44, mdn=2.0, IDK=21%); 6 to 10 (n=179, mdn=2.0, IDK=30%); More than 50 (n=35, mdn=2.0, IDK=31%)",(not recorded) (n=3),False,,0.0,negligible
CLM-000179,team_size,kruskal_wallis,4.472918011972053,0.34577079237694286,0.8501037185471585,False,5,1,"1 to 5 (n=254, mdn=4.0, IDK=4%); 11 to 20 (n=111, mdn=4.0, IDK=6%); 21 to 50 (n=51, mdn=4.0, IDK=9%); 6 to 10 (n=231, mdn=4.0, IDK=9%); More than 50 (n=46, mdn=4.0, IDK=10%)",(not recorded) (n=5),False,,0.0007,negligible
CLM-000028,team_size,kruskal_wallis,2.303768761966255,0.6800829748377268,0.8501037185471585,False,5,1,"1 to 5 (n=259, mdn=5.0, IDK=2%); 11 to 20 (n=118, mdn=5.0, IDK=0%); 21 to 50 (n=54, mdn=5.0, IDK=4%); 6 to 10 (n=252, mdn=5.0, IDK=1%); More than 50 (n=50, mdn=5.0, IDK=2%)",(not recorded) (n=6),False,,0.0,negligible
CLM-000204,team_size,kruskal_wallis,1.1557423483450078,0.8853302021791698,0.9222189606033019,False,5,1,"1 to 5 (n=257, mdn=2.0, IDK=3%); 11 to 20 (n=115, mdn=2.0, IDK=3%); 21 to 50 (n=53, mdn=2.0, IDK=5%); 6 to 10 (n=242, mdn=2.0, IDK=5%); More than 50 (n=49, mdn=2.0, IDK=4%)",(not recorded) (n=6),False,,0.0,negligible
CLM-000086,team_size,kruskal_wallis,2.347361013451057,0.6721601221361269,0.8501037185471585,False,5,1,"1 to 5 (n=259, mdn=4.0, IDK=2%); 11 to 20 (n=115, mdn=4.0, IDK=3%); 21 to 50 (n=54, mdn=4.0, IDK=4%); 6 to 10 (n=251, mdn=4.0, IDK=2%); More than 50 (n=50, mdn=4.0, IDK=2%)",(not recorded) (n=6),False,,0.0,negligible
CLM-000131,team_size,kruskal_wallis,7.319795375426797,0.11992314553621193,0.84886058772171,False,5,1,"1 to 5 (n=237, mdn=4.0, IDK=11%); 11 to 20 (n=112, mdn=4.0, IDK=5%); 21 to 50 (n=52, mdn=4.0, IDK=7%); 6 to 10 (n=232, mdn=4.0, IDK=9%); More than 50 (n=48, mdn=4.0, IDK=6%)",(not recorded) (n=6),False,,0.0049,negligible
CLM-000337,team_size,kruskal_wallis,3.3047109637256624,0.5081861936684181,0.8501037185471585,False,5,1,"1 to 5 (n=231, mdn=3.0, IDK=13%); 11 to 20 (n=103, mdn=2.0, IDK=13%); 21 to 50 (n=49, mdn=3.0, IDK=12%); 6 to 10 (n=212, mdn=2.0, IDK=17%); More than 50 (n=44, mdn=3.0, IDK=14%)",(not recorded) (n=5),False,,0.0,negligible
CLM-000101,team_size,kruskal_wallis,2.6054539490623174,0.6258572851837498,0.8501037185471585,False,5,1,"1 to 5 (n=232, mdn=4.0, IDK=12%); 11 to 20 (n=113, mdn=4.0, IDK=4%); 21 to 50 (n=54, mdn=4.0, IDK=4%); 6 to 10 (n=239, mdn=4.0, IDK=6%); More than 50 (n=48, mdn=4.0, IDK=6%)",(not recorded) (n=5),False,,0.0,negligible
CLM-000059,team_size,kruskal_wallis,18.041001031278977,0.001211534586562886,0.0605767293281443,False,5,1,"1 to 5 (n=257, mdn=4.0, IDK=3%); 11 to 20 (n=111, mdn=4.0, IDK=6%); 21 to 50 (n=51, mdn=4.0, IDK=9%); 6 to 10 (n=243, mdn=4.0, IDK=5%); More than 50 (n=45, mdn=4.0, IDK=12%)",(not recorded) (n=6),False,,0.02,small
CLM-000329,team_size,kruskal_wallis,2.373172046547021,0.6674808426521238,0.8501037185471585,False,5,1,"1 to 5 (n=258, mdn=5.0, IDK=3%); 11 to 20 (n=117, mdn=5.0, IDK=1%); 21 to 50 (n=51, mdn=5.0, IDK=9%); 6 to 10 (n=251, mdn=5.0, IDK=2%); More than 50 (n=48, mdn=5.0, IDK=6%)",(not recorded) (n=6),False,,0.0,negligible
CLM-000060,team_size,kruskal_wallis,4.786315988212319,0.3099336785152339,0.8501037185471585,False,5,1,"1 to 5 (n=260, mdn=5.0, IDK=2%); 11 to 20 (n=115, mdn=5.0, IDK=3%); 21 to 50 (n=55, mdn=5.0, IDK=2%); 6 to 10 (n=246, mdn=5.0, IDK=4%); More than 50 (n=50, mdn=4.5, IDK=2%)",(not recorded) (n=6),False,,0.0011,negligible
CLM-000073,team_size,kruskal_wallis,6.674044802385019,0.1541491912437912,0.84886058772171,False,5,1,"1 to 5 (n=241, mdn=4.0, IDK=9%); 11 to 20 (n=113, mdn=4.0, IDK=4%); 21 to 50 (n=52, mdn=4.0, IDK=7%); 6 to 10 (n=237, mdn=4.0, IDK=7%); More than 50 (n=49, mdn=4.0, IDK=4%)",(not recorded) (n=6),False,,0.0039,negligible
CLM-000194,team_size,kruskal_wallis,7.239238987611142,0.12377286180320964,0.84886058772171,False,5,1,"1 to 5 (n=151, mdn=3.0, IDK=43%); 11 to 20 (n=78, mdn=4.0, IDK=34%); 21 to 50 (n=38, mdn=3.5, IDK=32%); 6 to 10 (n=175, mdn=3.0, IDK=31%); More than 50 (n=38, mdn=3.0, IDK=25%)",(not recorded) (n=3),False,,0.0068,negligible
CLM-000026,team_size,kruskal_wallis,6.74767230948356,0.14983873067338513,0.84886058772171,False,5,1,"1 to 5 (n=258, mdn=3.0, IDK=3%); 11 to 20 (n=115, mdn=3.0, IDK=3%); 21 to 50 (n=53, mdn=3.0, IDK=5%); 6 to 10 (n=247, mdn=3.0, IDK=3%); More than 50 (n=49, mdn=3.0, IDK=4%)",(not recorded) (n=5),False,,0.0038,negligible
CLM-000085,team_size,kruskal_wallis,4.439996192925427,0.3497217893827087,0.8501037185471585,False,5,1,"1 to 5 (n=231, mdn=4.0, IDK=13%); 11 to 20 (n=101, mdn=4.0, IDK=14%); 21 to 50 (n=49, mdn=3.0, IDK=12%); 6 to 10 (n=225, mdn=4.0, IDK=12%); More than 50 (n=43, mdn=2.0, IDK=16%)",(not recorded) (n=5),False,,0.0007,negligible
CLM-000459,team_size,kruskal_wallis,2.812491032957484,0.5896784676554279,0.8501037185471585,False,5,1,"1 to 5 (n=125, mdn=3.0, IDK=53%); 11 to 20 (n=68, mdn=3.0, IDK=42%); 21 to 50 (n=38, mdn=3.0, IDK=32%); 6 to 10 (n=138, mdn=3.0, IDK=46%); More than 50 (n=28, mdn=3.0, IDK=45%)",(not recorded) (n=3),False,,0.0,negligible
CLM-000100,team_size,kruskal_wallis,3.446538367672984,0.4860537233021708,0.8501037185471585,False,5,1,"1 to 5 (n=104, mdn=4.0, IDK=61%); 11 to 20 (n=59, mdn=4.0, IDK=50%); 21 to 50 (n=28, mdn=4.0, IDK=50%); 6 to 10 (n=126, mdn=3.5, IDK=51%); More than 50 (n=31, mdn=3.0, IDK=39%)",(not recorded) (n=3),False,,0.0,negligible
CLM-000147,team_size,kruskal_wallis,2.7722552267172342,0.5966313819927553,0.8501037185471585,False,5,1,"1 to 5 (n=248, mdn=4.0, IDK=6%); 11 to 20 (n=115, mdn=4.0, IDK=3%); 21 to 50 (n=54, mdn=4.0, IDK=4%); 6 to 10 (n=239, mdn=4.0, IDK=6%); More than 50 (n=48, mdn=4.0, IDK=6%)",(not recorded) (n=6),False,,0.0,negligible
CLM-000115,team_size,kruskal_wallis,4.410736905488482,0.3532633708690329,0.8501037185471585,False,5,1,"1 to 5 (n=231, mdn=3.0, IDK=13%); 11 to 20 (n=100, mdn=3.5, IDK=15%); 21 to 50 (n=49, mdn=4.0, IDK=12%); 6 to 10 (n=215, mdn=3.0, IDK=16%); More than 50 (n=45, mdn=3.0, IDK=12%)",(not recorded) (n=5),False,,0.0006,negligible
CLM-000224,team_size,kruskal_wallis,7.574217890557734,0.10848077869756248,0.84886058772171,False,5,1,"1 to 5 (n=168, mdn=4.0, IDK=37%); 11 to 20 (n=74, mdn=4.0, IDK=37%); 21 to 50 (n=37, mdn=4.0, IDK=34%); 6 to 10 (n=163, mdn=4.0, IDK=36%); More than 50 (n=34, mdn=4.0, IDK=33%)",(not recorded) (n=4),False,,0.0076,negligible
CLM-000470,team_size,kruskal_wallis,4.641993167189758,0.3260411528231554,0.8501037185471585,False,5,1,"1 to 5 (n=177, mdn=3.0, IDK=33%); 11 to 20 (n=82, mdn=3.0, IDK=31%); 21 to 50 (n=41, mdn=3.0, IDK=27%); 6 to 10 (n=165, mdn=3.0, IDK=35%); More than 50 (n=30, mdn=3.0, IDK=41%)",(not recorded) (n=5),False,,0.0013,negligible
CLM-000015,team_size,kruskal_wallis,3.0436046974065185,0.5505549634154316,0.8501037185471585,False,5,1,"1 to 5 (n=178, mdn=3.5, IDK=33%); 11 to 20 (n=87, mdn=3.0, IDK=26%); 21 to 50 (n=39, mdn=3.0, IDK=30%); 6 to 10 (n=171, mdn=3.0, IDK=33%); More than 50 (n=37, mdn=4.0, IDK=27%)",(not recorded) (n=5),False,,0.0,negligible
CLM-000223,team_size,kruskal_wallis,1.6879498261573496,0.792905372744964,0.8917147897763283,False,5,1,"1 to 5 (n=259, mdn=2.0, IDK=2%); 11 to 20 (n=114, mdn=2.0, IDK=3%); 21 to 50 (n=54, mdn=2.0, IDK=4%); 6 to 10 (n=249, mdn=2.0, IDK=2%); More than 50 (n=49, mdn=2.0, IDK=4%)",(not recorded) (n=5),False,,0.0,negligible
CLM-000045,team_size,kruskal_wallis,5.623221654521862,0.22910864899925365,0.8501037185471585,False,5,1,"1 to 5 (n=252, mdn=4.0, IDK=5%); 11 to 20 (n=114, mdn=4.0, IDK=3%); 21 to 50 (n=55, mdn=4.0, IDK=2%); 6 to 10 (n=238, mdn=4.0, IDK=7%); More than 50 (n=44, mdn=3.0, IDK=14%)",(not recorded) (n=5),False,,0.0023,negligible
CLM-000087,team_size,kruskal_wallis,1.5835614192414442,0.8117435819887052,0.8917147897763283,False,5,1,"1 to 5 (n=189, mdn=4.0, IDK=29%); 11 to 20 (n=94, mdn=4.0, IDK=20%); 21 to 50 (n=43, mdn=4.0, IDK=23%); 6 to 10 (n=197, mdn=4.0, IDK=23%); More than 50 (n=38, mdn=3.0, IDK=25%)",(not recorded) (n=5),False,,0.0,negligible
CLM-000178,team_size,kruskal_wallis,3.3977765602628915,0.49359085188935337,0.8501037185471585,False,5,1,"1 to 5 (n=185, mdn=3.0, IDK=30%); 11 to 20 (n=82, mdn=3.0, IDK=31%); 21 to 50 (n=42, mdn=3.0, IDK=25%); 6 to 10 (n=170, mdn=3.0, IDK=33%); More than 50 (n=36, mdn=3.0, IDK=29%)",(not recorded) (n=4),False,,0.0,negligible
CLM-000269,team_size,kruskal_wallis,4.515335235561027,0.3407329885746774,0.8501037185471585,False,5,1,"1 to 5 (n=257, mdn=5.0, IDK=3%); 11 to 20 (n=117, mdn=5.0, IDK=1%); 21 to 50 (n=51, mdn=5.0, IDK=9%); 6 to 10 (n=246, mdn=5.0, IDK=4%); More than 50 (n=50, mdn=5.0, IDK=2%)",(not recorded) (n=6),False,,0.0007,negligible
CLM-000238,team_size,kruskal_wallis,0.9463955392885577,0.9178122976952738,0.9365431609135447,False,5,1,"1 to 5 (n=148, mdn=3.0, IDK=44%); 11 to 20 (n=69, mdn=3.0, IDK=42%); 21 to 50 (n=32, mdn=3.0, IDK=43%); 6 to 10 (n=141, mdn=3.0, IDK=45%); More than 50 (n=32, mdn=3.5, IDK=37%)",(not recorded) (n=4),False,,0.0,negligible
CLM-000361,team_size,kruskal_wallis,2.9993959106856427,0.5579264983687502,0.8501037185471585,False,5,1,"1 to 5 (n=89, mdn=3.0, IDK=66%); 11 to 20 (n=44, mdn=3.0, IDK=63%); 21 to 50 (n=27, mdn=4.0, IDK=52%); 6 to 10 (n=95, mdn=4.0, IDK=63%); More than 50 (n=28, mdn=3.5, IDK=45%)",(not recorded) (n=2),False,,0.0,negligible
CLM-000450,team_size,kruskal_wallis,3.7721896124511627,0.4377135858768998,0.8501037185471585,False,5,1,"1 to 5 (n=202, mdn=4.0, IDK=24%); 11 to 20 (n=96, mdn=4.0, IDK=19%); 21 to 50 (n=44, mdn=4.0, IDK=21%); 6 to 10 (n=202, mdn=4.0, IDK=21%); More than 50 (n=40, mdn=4.0, IDK=22%)",(not recorded) (n=4),False,,0.0,negligible
CLM-000142,team_size,kruskal_wallis,1.6803236583737302,0.794288676980493,0.8917147897763283,False,5,1,"1 to 5 (n=252, mdn=4.0, IDK=5%); 11 to 20 (n=116, mdn=4.0, IDK=2%); 21 to 50 (n=54, mdn=4.0, IDK=4%); 6 to 10 (n=242, mdn=4.0, IDK=5%); More than 50 (n=49, mdn=4.0, IDK=4%)",(not recorded) (n=6),False,,0.0,negligible
CLM-000496,team_size,kruskal_wallis,1.5352609909437012,0.8203776065942221,0.8917147897763283,False,5,1,"1 to 5 (n=226, mdn=4.0, IDK=15%); 11 to 20 (n=104, mdn=4.0, IDK=12%); 21 to 50 (n=53, mdn=4.0, IDK=5%); 6 to 10 (n=219, mdn=4.0, IDK=14%); More than 50 (n=48, mdn=4.0, IDK=6%)",(not recorded) (n=4),False,,0.0,negligible
CLM-000169,team_size,kruskal_wallis,3.5258015146413104,0.47396602812628197,0.8501037185471585,False,5,1,"1 to 5 (n=230, mdn=4.0, IDK=13%); 11 to 20 (n=105, mdn=4.0, IDK=11%); 21 to 50 (n=47, mdn=4.0, IDK=16%); 6 to 10 (n=218, mdn=4.0, IDK=15%); More than 50 (n=42, mdn=4.0, IDK=18%)",(not recorded) (n=5),False,,0.0,negligible
CLM-000036,team_size,kruskal_wallis,3.4787124529534768,0.48112253657648707,0.8501037185471585,False,5,1,"1 to 5 (n=164, mdn=4.0, IDK=38%); 11 to 20 (n=75, mdn=4.0, IDK=36%); 21 to 50 (n=37, mdn=4.0, IDK=34%); 6 to 10 (n=156, mdn=4.0, IDK=39%); More than 50 (n=29, mdn=4.0, IDK=43%)",(not recorded) (n=3),False,,0.0,negligible
CLM-000210,team_size,kruskal_wallis,12.201157296699465,0.015916445949674375,0.39791114874185934,False,5,1,"1 to 5 (n=237, mdn=4.0, IDK=11%); 11 to 20 (n=105, mdn=3.0, IDK=11%); 21 to 50 (n=54, mdn=4.0, IDK=4%); 6 to 10 (n=235, mdn=4.0, IDK=8%); More than 50 (n=45, mdn=4.0, IDK=12%)",(not recorded) (n=5),False,,0.0122,small
CLM-000581,team_size,kruskal_wallis,2.10148851950819,0.7170989237344053,0.8745108826029334,False,5,1,"1 to 5 (n=236, mdn=3.0, IDK=11%); 11 to 20 (n=107, mdn=3.0, IDK=9%); 21 to 50 (n=52, mdn=3.0, IDK=7%); 6 to 10 (n=225, mdn=3.0, IDK=12%); More than 50 (n=45, mdn=3.0, IDK=12%)",(not recorded) (n=4),False,,0.0,negligible
CLM-000242,team_size,kruskal_wallis,8.925345927183999,0.06299280661297756,0.84886058772171,False,5,1,"1 to 5 (n=259, mdn=4.0, IDK=2%); 11 to 20 (n=114, mdn=4.0, IDK=3%); 21 to 50 (n=52, mdn=4.0, IDK=7%); 6 to 10 (n=244, mdn=4.0, IDK=4%); More than 50 (n=49, mdn=4.0, IDK=4%)",(not recorded) (n=6),False,,0.0069,negligible
CLM-000199,team_size,kruskal_wallis,5.776173783977387,0.2164989336669243,0.8501037185471585,False,5,1,"1 to 5 (n=261, mdn=4.0, IDK=2%); 11 to 20 (n=117, mdn=5.0, IDK=1%); 21 to 50 (n=54, mdn=4.5, IDK=4%); 6 to 10 (n=250, mdn=4.0, IDK=2%); More than 50 (n=50, mdn=4.0, IDK=2%)",(not recorded) (n=6),False,,0.0024,negligible
CLM-000007,team_size,kruskal_wallis,3.634857108102293,0.4576713424503457,0.8501037185471585,False,5,1,"1 to 5 (n=245, mdn=2.0, IDK=8%); 11 to 20 (n=111, mdn=2.0, IDK=6%); 21 to 50 (n=52, mdn=2.0, IDK=7%); 6 to 10 (n=236, mdn=2.0, IDK=7%); More than 50 (n=48, mdn=2.0, IDK=6%)",(not recorded) (n=2),False,,0.0,negligible
CLM-000486,team_size,kruskal_wallis,7.162059410410475,0.1275679766980737,0.84886058772171,False,5,1,"1 to 5 (n=196, mdn=3.0, IDK=26%); 11 to 20 (n=90, mdn=3.0, IDK=24%); 21 to 50 (n=45, mdn=3.0, IDK=20%); 6 to 10 (n=189, mdn=3.0, IDK=26%); More than 50 (n=39, mdn=3.0, IDK=24%)",(not recorded) (n=5),False,,0.0057,negligible
CLM-000109,team_size,kruskal_wallis,1.4095179624765453,0.842539072924459,0.8963181626855947,False,5,1,"1 to 5 (n=241, mdn=4.0, IDK=9%); 11 to 20 (n=109, mdn=4.0, IDK=8%); 21 to 50 (n=53, mdn=4.0, IDK=5%); 6 to 10 (n=238, mdn=4.0, IDK=7%); More than 50 (n=49, mdn=4.0, IDK=4%)",(not recorded) (n=6),False,,0.0,negligible
CLM-000190,team_size,kruskal_wallis,3.3236338668872185,0.5051964142868375,0.8501037185471585,False,5,1,"1 to 5 (n=255, mdn=4.0, IDK=4%); 11 to 20 (n=112, mdn=4.0, IDK=5%); 21 to 50 (n=51, mdn=4.0, IDK=9%); 6 to 10 (n=239, mdn=4.0, IDK=6%); More than 50 (n=50, mdn=4.0, IDK=2%)",(not recorded) (n=3),False,,0.0,negligible
CLM-000374,team_size,kruskal_wallis,2.4025056992883793,0.6621744922887055,0.8501037185471585,False,5,1,"1 to 5 (n=95, mdn=3.0, IDK=64%); 11 to 20 (n=40, mdn=3.0, IDK=66%); 21 to 50 (n=26, mdn=3.0, IDK=54%); 6 to 10 (n=85, mdn=3.0, IDK=67%); More than 50 (n=18, mdn=3.0, IDK=65%)",(not recorded) (n=2),False,,0.0,negligible
CLM-000122,team_size,kruskal_wallis,3.06938743514934,0.5462814776191086,0.8501037185471585,False,5,1,"1 to 5 (n=214, mdn=4.0, IDK=19%); 11 to 20 (n=99, mdn=3.0, IDK=16%); 21 to 50 (n=45, mdn=4.0, IDK=20%); 6 to 10 (n=208, mdn=3.0, IDK=18%); More than 50 (n=41, mdn=3.0, IDK=20%)",(not recorded) (n=5),False,,0.0,negligible
CLM-000097,team_size,kruskal_wallis,2.4574789209281898,0.6522656905746355,0.8501037185471585,False,5,1,"1 to 5 (n=256, mdn=4.0, IDK=3%); 11 to 20 (n=110, mdn=4.0, IDK=7%); 21 to 50 (n=51, mdn=4.0, IDK=9%); 6 to 10 (n=242, mdn=4.0, IDK=5%); More than 50 (n=50, mdn=4.0, IDK=2%)",(not recorded) (n=5),False,,0.0,negligible
CLM-000201,team_size,kruskal_wallis,6.420954994008198,0.16983949482215654,0.84886058772171,False,5,1,"1 to 5 (n=258, mdn=4.0, IDK=3%); 11 to 20 (n=115, mdn=4.0, IDK=3%); 21 to 50 (n=55, mdn=4.0, IDK=2%); 6 to 10 (n=245, mdn=4.0, IDK=4%); More than 50 (n=49, mdn=3.0, IDK=4%)",(not recorded) (n=5),False,,0.0034,negligible
CLM-000180,team_size,kruskal_wallis,0.7789935364282479,0.941241882684813,0.941241882684813,False,5,1,"1 to 5 (n=255, mdn=4.0, IDK=4%); 11 to 20 (n=112, mdn=4.0, IDK=5%); 21 to 50 (n=54, mdn=4.0, IDK=4%); 6 to 10 (n=245, mdn=4.0, IDK=4%); More than 50 (n=49, mdn=4.0, IDK=4%)",(not recorded) (n=4),False,,0.0,negligible
CLM-000502,team_size,kruskal_wallis,6.170820362506299,0.18674932929877622,0.84886058772171,False,5,1,"1 to 5 (n=263, mdn=4.0, IDK=1%); 11 to 20 (n=117, mdn=4.0, IDK=1%); 21 to 50 (n=55, mdn=4.0, IDK=2%); 6 to 10 (n=247, mdn=4.0, IDK=3%); More than 50 (n=49, mdn=4.0, IDK=4%)",(not recorded) (n=5),False,,0.003,negligible
CLM-000129,team_size,kruskal_wallis,3.437495779756546,0.4874456654902606,0.8501037185471585,False,5,1,"1 to 5 (n=246, mdn=4.0, IDK=7%); 11 to 20 (n=112, mdn=4.0, IDK=5%); 21 to 50 (n=52, mdn=4.0, IDK=7%); 6 to 10 (n=225, mdn=4.0, IDK=12%); More than 50 (n=46, mdn=4.0, IDK=10%)",(not recorded) (n=5),False,,0.0,negligible
CLM-000032,team_size,kruskal_wallis,2.591019566165849,0.6284147902395139,0.8501037185471585,False,5,1,"1 to 5 (n=210, mdn=4.0, IDK=21%); 11 to 20 (n=102, mdn=4.0, IDK=14%); 21 to 50 (n=48, mdn=4.0, IDK=14%); 6 to 10 (n=208, mdn=4.0, IDK=18%); More than 50 (n=45, mdn=4.0, IDK=12%)",(not recorded) (n=4),False,,0.0,negligible
CLM-000062,industry,kruskal_wallis,3.225911129073318,0.6652023249391472,0.831502906173934,False,6,2,"Embedded systems (n=31, mdn=2.0, IDK=44%); Finance (n=37, mdn=2.0, IDK=36%); Healthcare (n=19, mdn=2.0, IDK=41%); Other (n=245, mdn=2.0, IDK=31%); Telecom (n=24, mdn=2.0, IDK=8%); Web / SaaS (n=148, mdn=2.0, IDK=29%)",Gaming (n=8); (not recorded) (n=2),False,,0.0,negligible
CLM-000179,industry,kruskal_wallis,15.322447268506568,0.017891733039779895,0.11182333149862433,False,7,1,"Embedded systems (n=52, mdn=4.0, IDK=5%); Finance (n=55, mdn=4.0, IDK=5%); Gaming (n=16, mdn=4.0, IDK=0%); Healthcare (n=30, mdn=3.5, IDK=6%); Other (n=328, mdn=4.0, IDK=7%); Telecom (n=25, mdn=4.0, IDK=4%); Web / SaaS (n=190, mdn=4.0, IDK=9%)",(not recorded) (n=2),False,,0.0135,small
CLM-000028,industry,kruskal_wallis,23.196926275311874,0.0007331354657269068,0.009164193321586335,True,7,1,"Embedded systems (n=53, mdn=5.0, IDK=4%); Finance (n=58, mdn=5.0, IDK=0%); Gaming (n=16, mdn=5.0, IDK=0%); Healthcare (n=32, mdn=5.0, IDK=0%); Other (n=349, mdn=5.0, IDK=1%); Telecom (n=25, mdn=5.0, IDK=4%); Web / SaaS (n=204, mdn=5.0, IDK=2%)",(not recorded) (n=2),False,,0.0236,small
CLM-000204,industry,kruskal_wallis,7.782741057980713,0.2544563152665428,0.6058483696822448,False,7,1,"Embedded systems (n=53, mdn=2.0, IDK=4%); Finance (n=56, mdn=2.0, IDK=3%); Gaming (n=16, mdn=2.0, IDK=0%); Healthcare (n=32, mdn=2.0, IDK=0%); Other (n=337, mdn=2.0, IDK=5%); Telecom (n=26, mdn=2.0, IDK=0%); Web / SaaS (n=200, mdn=2.0, IDK=4%)",(not recorded) (n=2),False,,0.0025,negligible
CLM-000086,industry,kruskal_wallis,13.552731581336275,0.03505162226635653,0.19473123481309185,False,7,1,"Embedded systems (n=53, mdn=5.0, IDK=4%); Finance (n=57, mdn=4.0, IDK=2%); Gaming (n=16, mdn=4.0, IDK=0%); Healthcare (n=31, mdn=4.0, IDK=3%); Other (n=344, mdn=4.0, IDK=3%); Telecom (n=26, mdn=4.0, IDK=0%); Web / SaaS (n=206, mdn=4.0, IDK=1%)",(not recorded) (n=2),False,,0.0104,small
CLM-000131,industry,kruskal_wallis,10.619734416069388,0.10086433975305889,0.36022978483235313,False,7,1,"Embedded systems (n=47, mdn=4.0, IDK=15%); Finance (n=55, mdn=4.0, IDK=5%); Gaming (n=15, mdn=4.0, IDK=6%); Healthcare (n=29, mdn=4.0, IDK=9%); Other (n=322, mdn=4.0, IDK=9%); Telecom (n=25, mdn=4.0, IDK=4%); Web / SaaS (n=192, mdn=4.0, IDK=8%)",(not recorded) (n=2),False,,0.0068,negligible
CLM-000337,industry,kruskal_wallis,3.442270887784801,0.7516337902575692,0.894802131259011,False,7,1,"Embedded systems (n=42, mdn=3.0, IDK=24%); Finance (n=51, mdn=2.0, IDK=12%); Gaming (n=13, mdn=3.0, IDK=19%); Healthcare (n=29, mdn=3.0, IDK=9%); Other (n=305, mdn=2.0, IDK=14%); Telecom (n=19, mdn=2.0, IDK=27%); Web / SaaS (n=183, mdn=3.0, IDK=12%)",(not recorded) (n=2),False,,0.0,negligible
CLM-000101,industry,kruskal_wallis,15.978642433134784,0.013869062611035071,0.09906473293596478,False,7,1,"Embedded systems (n=48, mdn=3.0, IDK=13%); Finance (n=55, mdn=4.0, IDK=5%); Gaming (n=13, mdn=4.0, IDK=19%); Healthcare (n=31, mdn=4.0, IDK=3%); Other (n=317, mdn=4.0, IDK=10%); Telecom (n=25, mdn=4.0, IDK=4%); Web / SaaS (n=200, mdn=4.0, IDK=4%)",(not recorded) (n=2),False,,0.0146,small
CLM-000059,industry,kruskal_wallis,8.961594001013845,0.17574954645891525,0.5169104307615154,False,7,1,"Embedded systems (n=54, mdn=4.0, IDK=2%); Finance (n=54, mdn=4.0, IDK=7%); Gaming (n=15, mdn=4.0, IDK=6%); Healthcare (n=31, mdn=4.0, IDK=3%); Other (n=336, mdn=4.0, IDK=5%); Telecom (n=26, mdn=4.0, IDK=0%); Web / SaaS (n=195, mdn=4.0, IDK=6%)",(not recorded) (n=2),False,,0.0042,negligible
CLM-000329,industry,kruskal_wallis,6.847875765879126,0.3351450884092629,0.6982189341859644,False,7,1,"Embedded systems (n=52, mdn=5.0, IDK=5%); Finance (n=55, mdn=5.0, IDK=5%); Gaming (n=16, mdn=4.0, IDK=0%); Healthcare (n=31, mdn=5.0, IDK=3%); Other (n=346, mdn=5.0, IDK=2%); Telecom (n=25, mdn=5.0, IDK=4%); Web / SaaS (n=204, mdn=5.0, IDK=2%)",(not recorded) (n=2),False,,0.0012,negligible
CLM-000060,industry,kruskal_wallis,4.571997296740321,0.5997551157498651,0.8133920181416565,False,7,1,"Embedded systems (n=53, mdn=5.0, IDK=4%); Finance (n=56, mdn=5.0, IDK=3%); Gaming (n=16, mdn=5.0, IDK=0%); Healthcare (n=32, mdn=5.0, IDK=0%); Other (n=344, mdn=5.0, IDK=3%); Telecom (n=25, mdn=5.0, IDK=4%); Web / SaaS (n=204, mdn=5.0, IDK=2%)",(not recorded) (n=2),False,,0.0,negligible
CLM-000073,industry,kruskal_wallis,17.457082032585873,0.0077423509578463025,0.06615163765743873,False,7,1,"Embedded systems (n=53, mdn=4.0, IDK=4%); Finance (n=56, mdn=4.0, IDK=3%); Gaming (n=15, mdn=4.0, IDK=6%); Healthcare (n=31, mdn=4.0, IDK=3%); Other (n=322, mdn=4.0, IDK=9%); Telecom (n=24, mdn=4.0, IDK=8%); Web / SaaS (n=195, mdn=4.0, IDK=6%)",(not recorded) (n=2),False,,0.0166,small
CLM-000194,industry,kruskal_wallis,3.2893176838770617,0.6554775326805441,0.831502906173934,False,6,2,"Embedded systems (n=40, mdn=3.0, IDK=27%); Finance (n=42, mdn=3.0, IDK=28%); Healthcare (n=22, mdn=3.0, IDK=31%); Other (n=208, mdn=4.0, IDK=41%); Telecom (n=18, mdn=3.5, IDK=31%); Web / SaaS (n=144, mdn=3.0, IDK=31%)",Gaming (n=8); (not recorded) (n=1),False,,0.0,negligible
CLM-000026,industry,kruskal_wallis,17.394335848640946,0.007938196518892647,0.06615163765743873,False,7,1,"Embedded systems (n=51, mdn=3.0, IDK=7%); Finance (n=56, mdn=3.0, IDK=3%); Gaming (n=15, mdn=3.0, IDK=6%); Healthcare (n=32, mdn=2.0, IDK=0%); Other (n=342, mdn=3.0, IDK=3%); Telecom (n=26, mdn=4.0, IDK=0%); Web / SaaS (n=203, mdn=3.0, IDK=2%)",(not recorded) (n=2),False,,0.0159,small
CLM-000085,industry,kruskal_wallis,7.005150605811923,0.3203711363299318,0.6982189341859644,False,7,1,"Embedded systems (n=46, mdn=4.0, IDK=16%); Finance (n=54, mdn=4.0, IDK=7%); Gaming (n=13, mdn=4.0, IDK=19%); Healthcare (n=29, mdn=3.0, IDK=9%); Other (n=310, mdn=3.0, IDK=12%); Telecom (n=24, mdn=3.5, IDK=8%); Web / SaaS (n=176, mdn=3.0, IDK=15%)",(not recorded) (n=2),False,,0.0016,negligible
CLM-000459,industry,kruskal_wallis,2.3936224262171524,0.8801778824319397,0.9363594493956806,False,7,1,"Embedded systems (n=27, mdn=3.0, IDK=51%); Finance (n=35, mdn=3.0, IDK=40%); Gaming (n=12, mdn=3.0, IDK=25%); Healthcare (n=21, mdn=3.0, IDK=34%); Other (n=180, mdn=3.0, IDK=49%); Telecom (n=16, mdn=3.0, IDK=38%); Web / SaaS (n=107, mdn=3.0, IDK=49%)",(not recorded) (n=2),False,,0.0,negligible
CLM-000100,industry,kruskal_wallis,24.56875937434012,0.00016874801730443447,0.008437400865221724,True,6,2,"Embedded systems (n=38, mdn=4.0, IDK=31%); Finance (n=37, mdn=4.0, IDK=36%); Healthcare (n=11, mdn=3.0, IDK=66%); Other (n=161, mdn=4.0, IDK=55%); Telecom (n=17, mdn=4.0, IDK=35%); Web / SaaS (n=80, mdn=3.0, IDK=62%)",Gaming (n=6); (not recorded) (n=1),False,,0.0579,small
CLM-000147,industry,kruskal_wallis,6.059508963364046,0.41655699859182366,0.7822654400406841,False,7,1,"Embedded systems (n=52, mdn=4.0, IDK=5%); Finance (n=56, mdn=4.0, IDK=3%); Gaming (n=16, mdn=3.5, IDK=0%); Healthcare (n=29, mdn=4.0, IDK=9%); Other (n=333, mdn=4.0, IDK=6%); Telecom (n=25, mdn=4.0, IDK=4%); Web / SaaS (n=197, mdn=4.0, IDK=5%)",(not recorded) (n=2),False,,0.0001,negligible
CLM-000115,industry,kruskal_wallis,4.558120778932698,0.6015991246619181,0.8133920181416565,False,7,1,"Embedded systems (n=49, mdn=3.0, IDK=11%); Finance (n=51, mdn=3.0, IDK=12%); Gaming (n=15, mdn=3.0, IDK=6%); Healthcare (n=28, mdn=4.0, IDK=12%); Other (n=292, mdn=3.0, IDK=18%); Telecom (n=21, mdn=3.0, IDK=19%); Web / SaaS (n=188, mdn=3.0, IDK=10%)",(not recorded) (n=1),False,,0.0,negligible
CLM-000224,industry,kruskal_wallis,3.7048204457273166,0.5926467711528366,0.8133920181416565,False,6,2,"Embedded systems (n=37, mdn=4.0, IDK=33%); Finance (n=39, mdn=4.0, IDK=33%); Healthcare (n=18, mdn=4.0, IDK=44%); Other (n=227, mdn=4.0, IDK=36%); Telecom (n=20, mdn=4.0, IDK=23%); Web / SaaS (n=129, mdn=4.0, IDK=38%)",Gaming (n=9); (not recorded) (n=1),False,,0.0,negligible
CLM-000470,industry,kruskal_wallis,8.459500512617483,0.20633375381981528,0.5429835626837244,False,7,1,"Embedded systems (n=41, mdn=3.0, IDK=25%); Finance (n=44, mdn=3.0, IDK=24%); Gaming (n=11, mdn=3.0, IDK=31%); Healthcare (n=18, mdn=3.0, IDK=44%); Other (n=237, mdn=3.0, IDK=33%); Telecom (n=15, mdn=3.0, IDK=42%); Web / SaaS (n=132, mdn=3.0, IDK=37%)",(not recorded) (n=2),False,,0.005,negligible
CLM-000015,industry,kruskal_wallis,12.095289913266196,0.059876453747576414,0.24948522394823505,False,7,1,"Embedded systems (n=37, mdn=3.0, IDK=33%); Finance (n=48, mdn=3.0, IDK=17%); Gaming (n=10, mdn=3.0, IDK=38%); Healthcare (n=24, mdn=3.0, IDK=25%); Other (n=248, mdn=4.0, IDK=30%); Telecom (n=19, mdn=4.0, IDK=27%); Web / SaaS (n=129, mdn=3.0, IDK=38%)",(not recorded) (n=2),False,,0.012,small
CLM-000223,industry,kruskal_wallis,23.37907521946847,0.0006789669767684078,0.009164193321586335,True,7,1,"Embedded systems (n=53, mdn=2.0, IDK=4%); Finance (n=57, mdn=2.0, IDK=2%); Gaming (n=16, mdn=3.0, IDK=0%); Healthcare (n=32, mdn=2.0, IDK=0%); Other (n=342, mdn=2.0, IDK=3%); Telecom (n=26, mdn=2.5, IDK=0%); Web / SaaS (n=202, mdn=2.0, IDK=3%)",(not recorded) (n=2),False,,0.0241,small
CLM-000045,industry,kruskal_wallis,4.622752565243412,0.5930242721793832,0.8133920181416565,False,7,1,"Embedded systems (n=51, mdn=4.0, IDK=7%); Finance (n=57, mdn=4.0, IDK=2%); Gaming (n=16, mdn=4.0, IDK=0%); Healthcare (n=31, mdn=4.0, IDK=3%); Other (n=333, mdn=4.0, IDK=6%); Telecom (n=26, mdn=4.0, IDK=0%); Web / SaaS (n=192, mdn=4.0, IDK=8%)",(not recorded) (n=2),False,,0.0,negligible
CLM-000087,industry,kruskal_wallis,0.5350252553289533,0.9907846079568019,0.9907846079568019,False,6,2,"Embedded systems (n=41, mdn=4.0, IDK=25%); Finance (n=48, mdn=3.0, IDK=17%); Healthcare (n=22, mdn=4.0, IDK=31%); Other (n=274, mdn=4.0, IDK=23%); Telecom (n=18, mdn=4.0, IDK=31%); Web / SaaS (n=153, mdn=4.0, IDK=26%)",Gaming (n=8); (not recorded) (n=2),False,,0.0,negligible
CLM-000178,industry,kruskal_wallis,10.171552240848005,0.07051778217354682,0.2712222391290262,False,6,2,"Embedded systems (n=37, mdn=3.0, IDK=33%); Finance (n=48, mdn=3.0, IDK=17%); Healthcare (n=22, mdn=3.0, IDK=31%); Other (n=231, mdn=3.0, IDK=35%); Telecom (n=20, mdn=2.0, IDK=23%); Web / SaaS (n=150, mdn=3.0, IDK=28%)",Gaming (n=9); (not recorded) (n=2),False,,0.0103,small
CLM-000269,industry,kruskal_wallis,4.555781848065107,0.6019100934248258,0.8133920181416565,False,7,1,"Embedded systems (n=51, mdn=5.0, IDK=7%); Finance (n=57, mdn=5.0, IDK=2%); Gaming (n=16, mdn=4.5, IDK=0%); Healthcare (n=30, mdn=5.0, IDK=6%); Other (n=344, mdn=5.0, IDK=3%); Telecom (n=25, mdn=5.0, IDK=4%); Web / SaaS (n=202, mdn=5.0, IDK=3%)",(not recorded) (n=2),False,,0.0,negligible
CLM-000238,industry,kruskal_wallis,2.448027902357467,0.8742382250154704,0.9363594493956806,False,7,1,"Embedded systems (n=35, mdn=4.0, IDK=36%); Finance (n=42, mdn=3.0, IDK=28%); Gaming (n=10, mdn=3.5, IDK=38%); Healthcare (n=19, mdn=3.0, IDK=41%); Other (n=199, mdn=3.0, IDK=44%); Telecom (n=17, mdn=3.0, IDK=35%); Web / SaaS (n=102, mdn=3.0, IDK=51%)",(not recorded) (n=2),False,,0.0,negligible
CLM-000361,industry,kruskal_wallis,1.4082727867831113,0.8427558990603137,0.9363594493956806,False,5,3,"Embedded systems (n=21, mdn=3.0, IDK=62%); Finance (n=27, mdn=3.0, IDK=53%); Healthcare (n=11, mdn=3.0, IDK=66%); Other (n=136, mdn=3.0, IDK=62%); Web / SaaS (n=73, mdn=4.0, IDK=65%)",Gaming (n=9); Telecom (n=7); (not recorded) (n=1),False,,0.0,negligible
CLM-000450,industry,kruskal_wallis,6.006848556700819,0.42242333762196943,0.7822654400406841,False,7,1,"Embedded systems (n=44, mdn=4.0, IDK=20%); Finance (n=50, mdn=4.0, IDK=14%); Gaming (n=14, mdn=4.0, IDK=12%); Healthcare (n=27, mdn=4.0, IDK=16%); Other (n=267, mdn=4.0, IDK=25%); Telecom (n=21, mdn=4.0, IDK=19%); Web / SaaS (n=163, mdn=4.0, IDK=22%)",(not recorded) (n=2),False,,0.0,negligible
CLM-000142,industry,kruskal_wallis,10.400966614957515,0.10875060875622268,0.36186065508911225,False,7,1,"Embedded systems (n=52, mdn=4.0, IDK=5%); Finance (n=56, mdn=4.0, IDK=3%); Gaming (n=16, mdn=4.0, IDK=0%); Healthcare (n=30, mdn=4.0, IDK=6%); Other (n=335, mdn=4.0, IDK=5%); Telecom (n=24, mdn=4.0, IDK=8%); Web / SaaS (n=204, mdn=4.0, IDK=2%)",(not recorded) (n=2),False,,0.0062,negligible
CLM-000496,industry,kruskal_wallis,6.484065137781309,0.3712007084602366,0.7424014169204732,False,7,1,"Embedded systems (n=48, mdn=4.0, IDK=13%); Finance (n=53, mdn=4.0, IDK=9%); Gaming (n=14, mdn=4.0, IDK=12%); Healthcare (n=31, mdn=4.0, IDK=3%); Other (n=303, mdn=4.0, IDK=14%); Telecom (n=23, mdn=4.0, IDK=12%); Web / SaaS (n=180, mdn=4.0, IDK=13%)",(not recorded) (n=2),False,,0.0008,negligible
CLM-000169,industry,kruskal_wallis,3.0491489910134266,0.8026533216025143,0.9121060472755845,False,7,1,"Embedded systems (n=42, mdn=4.0, IDK=24%); Finance (n=52, mdn=4.0, IDK=10%); Gaming (n=13, mdn=4.0, IDK=19%); Healthcare (n=27, mdn=4.0, IDK=16%); Other (n=306, mdn=4.0, IDK=14%); Telecom (n=21, mdn=4.0, IDK=19%); Web / SaaS (n=184, mdn=4.0, IDK=12%)",(not recorded) (n=2),False,,0.0,negligible
CLM-000036,industry,kruskal_wallis,4.5954840951459435,0.46721051630427246,0.8133920181416565,False,6,2,"Embedded systems (n=28, mdn=4.0, IDK=49%); Finance (n=35, mdn=4.0, IDK=40%); Healthcare (n=22, mdn=4.0, IDK=31%); Other (n=226, mdn=4.0, IDK=36%); Telecom (n=13, mdn=4.0, IDK=50%); Web / SaaS (n=131, mdn=4.0, IDK=37%)",Gaming (n=9); (not recorded) (n=0),False,,0.0,negligible
CLM-000210,industry,kruskal_wallis,3.9303793411361876,0.6860975880440664,0.8367043756634956,False,7,1,"Embedded systems (n=49, mdn=4.0, IDK=11%); Finance (n=55, mdn=4.0, IDK=5%); Gaming (n=15, mdn=4.0, IDK=6%); Healthcare (n=30, mdn=4.0, IDK=6%); Other (n=314, mdn=4.0, IDK=11%); Telecom (n=22, mdn=3.5, IDK=15%); Web / SaaS (n=194, mdn=4.0, IDK=7%)",(not recorded) (n=2),False,,0.0,negligible
CLM-000581,industry,kruskal_wallis,10.21727188363179,0.11579540962851592,0.36186065508911225,False,7,1,"Embedded systems (n=49, mdn=3.0, IDK=11%); Finance (n=52, mdn=3.0, IDK=10%); Gaming (n=13, mdn=3.0, IDK=19%); Healthcare (n=31, mdn=3.0, IDK=3%); Other (n=310, mdn=3.0, IDK=12%); Telecom (n=23, mdn=4.0, IDK=12%); Web / SaaS (n=189, mdn=3.0, IDK=9%)",(not recorded) (n=2),False,,0.0064,negligible
CLM-000242,industry,kruskal_wallis,7.821594025157689,0.25146738129094776,0.6058483696822448,False,7,1,"Embedded systems (n=52, mdn=4.0, IDK=5%); Finance (n=57, mdn=4.0, IDK=2%); Gaming (n=16, mdn=4.0, IDK=0%); Healthcare (n=30, mdn=4.0, IDK=6%); Other (n=345, mdn=4.0, IDK=3%); Telecom (n=24, mdn=4.0, IDK=8%); Web / SaaS (n=198, mdn=4.0, IDK=5%)",(not recorded) (n=2),False,,0.0025,negligible
CLM-000199,industry,kruskal_wallis,24.204132599953525,0.00047897356375831883,0.009164193321586335,True,7,1,"Embedded systems (n=52, mdn=5.0, IDK=5%); Finance (n=58, mdn=4.0, IDK=0%); Gaming (n=16, mdn=4.0, IDK=0%); Healthcare (n=31, mdn=4.0, IDK=3%); Other (n=349, mdn=5.0, IDK=1%); Telecom (n=26, mdn=5.0, IDK=0%); Web / SaaS (n=204, mdn=4.0, IDK=2%)",(not recorded) (n=2),False,,0.025,small
CLM-000007,industry,kruskal_wallis,3.2422512445753346,0.7778849213865445,0.9045173504494703,False,7,1,"Embedded systems (n=48, mdn=2.0, IDK=13%); Finance (n=56, mdn=2.0, IDK=3%); Gaming (n=13, mdn=2.0, IDK=19%); Healthcare (n=29, mdn=2.0, IDK=9%); Other (n=324, mdn=2.0, IDK=8%); Telecom (n=21, mdn=2.0, IDK=19%); Web / SaaS (n=202, mdn=2.0, IDK=3%)",(not recorded) (n=1),False,,0.0,negligible
CLM-000486,industry,kruskal_wallis,3.9076148922467007,0.5627924700709486,0.8133920181416565,False,6,2,"Embedded systems (n=43, mdn=3.0, IDK=22%); Finance (n=50, mdn=3.0, IDK=14%); Healthcare (n=25, mdn=3.0, IDK=22%); Other (n=256, mdn=3.0, IDK=28%); Telecom (n=19, mdn=2.0, IDK=27%); Web / SaaS (n=161, mdn=3.0, IDK=23%)",Gaming (n=8); (not recorded) (n=2),False,,0.0,negligible
CLM-000109,industry,kruskal_wallis,8.560287996068372,0.19985870991824825,0.5429835626837244,False,7,1,"Embedded systems (n=53, mdn=4.0, IDK=4%); Finance (n=56, mdn=4.0, IDK=3%); Gaming (n=13, mdn=4.0, IDK=19%); Healthcare (n=30, mdn=4.0, IDK=6%); Other (n=324, mdn=4.0, IDK=8%); Telecom (n=24, mdn=4.0, IDK=8%); Web / SaaS (n=194, mdn=4.0, IDK=7%)",(not recorded) (n=2),False,,0.0037,negligible
CLM-000190,industry,kruskal_wallis,4.848092431829754,0.5634390279376442,0.8133920181416565,False,7,1,"Embedded systems (n=50, mdn=4.0, IDK=9%); Finance (n=55, mdn=4.0, IDK=5%); Gaming (n=15, mdn=4.0, IDK=6%); Healthcare (n=31, mdn=4.0, IDK=3%); Other (n=334, mdn=4.0, IDK=6%); Telecom (n=26, mdn=4.0, IDK=0%); Web / SaaS (n=198, mdn=4.0, IDK=5%)",(not recorded) (n=1),False,,0.0,negligible
CLM-000374,industry,kruskal_wallis,1.6500217820166605,0.6481016421540826,0.831502906173934,False,4,4,"Embedded systems (n=18, mdn=3.0, IDK=67%); Finance (n=25, mdn=3.0, IDK=57%); Other (n=128, mdn=3.0, IDK=64%); Web / SaaS (n=73, mdn=3.0, IDK=65%)",Gaming (n=8); Healthcare (n=6); Telecom (n=7); (not recorded) (n=1),False,,0.0,negligible
CLM-000122,industry,kruskal_wallis,5.0123056951289815,0.5422357882577415,0.8133920181416565,False,7,1,"Embedded systems (n=48, mdn=3.5, IDK=13%); Finance (n=48, mdn=3.5, IDK=17%); Gaming (n=12, mdn=4.0, IDK=25%); Healthcare (n=21, mdn=3.0, IDK=34%); Other (n=294, mdn=3.0, IDK=17%); Telecom (n=18, mdn=3.0, IDK=31%); Web / SaaS (n=169, mdn=4.0, IDK=19%)",(not recorded) (n=2),False,,0.0,negligible
CLM-000097,industry,kruskal_wallis,5.250444046530691,0.5121163090871523,0.8133920181416565,False,7,1,"Embedded systems (n=52, mdn=4.0, IDK=5%); Finance (n=57, mdn=4.0, IDK=2%); Gaming (n=14, mdn=4.0, IDK=12%); Healthcare (n=31, mdn=4.0, IDK=3%); Other (n=337, mdn=4.0, IDK=5%); Telecom (n=26, mdn=4.0, IDK=0%); Web / SaaS (n=195, mdn=4.0, IDK=6%)",(not recorded) (n=2),False,,0.0,negligible
CLM-000201,industry,kruskal_wallis,12.912804218616198,0.04444171004528292,0.2222085502264146,False,7,1,"Embedded systems (n=53, mdn=4.0, IDK=4%); Finance (n=58, mdn=4.0, IDK=0%); Gaming (n=15, mdn=3.0, IDK=6%); Healthcare (n=30, mdn=3.0, IDK=6%); Other (n=342, mdn=4.0, IDK=3%); Telecom (n=24, mdn=4.0, IDK=8%); Web / SaaS (n=203, mdn=4.0, IDK=2%)",(not recorded) (n=2),False,,0.0096,negligible
CLM-000180,industry,kruskal_wallis,2.0735829267635872,0.9128082402224585,0.9508419168983944,False,7,1,"Embedded systems (n=50, mdn=4.0, IDK=9%); Finance (n=56, mdn=4.0, IDK=3%); Gaming (n=15, mdn=4.0, IDK=6%); Healthcare (n=31, mdn=4.0, IDK=3%); Other (n=343, mdn=4.0, IDK=3%); Telecom (n=24, mdn=4.0, IDK=8%); Web / SaaS (n=198, mdn=4.0, IDK=5%)",(not recorded) (n=2),False,,0.0,negligible
CLM-000502,industry,kruskal_wallis,1.8408125606396128,0.9337412802314108,0.9527972247259294,False,7,1,"Embedded systems (n=53, mdn=4.0, IDK=4%); Finance (n=56, mdn=4.0, IDK=3%); Gaming (n=15, mdn=4.0, IDK=6%); Healthcare (n=31, mdn=4.0, IDK=3%); Other (n=348, mdn=4.0, IDK=2%); Telecom (n=26, mdn=4.0, IDK=0%); Web / SaaS (n=205, mdn=4.0, IDK=1%)",(not recorded) (n=2),False,,0.0,negligible
CLM-000129,industry,kruskal_wallis,6.987974647642253,0.32196073027206007,0.6982189341859644,False,7,1,"Embedded systems (n=51, mdn=4.0, IDK=7%); Finance (n=52, mdn=4.0, IDK=10%); Gaming (n=12, mdn=4.0, IDK=25%); Healthcare (n=29, mdn=4.0, IDK=9%); Other (n=327, mdn=4.0, IDK=8%); Telecom (n=24, mdn=4.0, IDK=8%); Web / SaaS (n=189, mdn=4.0, IDK=9%)",(not recorded) (n=2),False,,0.0015,negligible
CLM-000032,industry,kruskal_wallis,10.848999451448035,0.054457453194270596,0.24753387815577543,False,6,2,"Embedded systems (n=43, mdn=4.0, IDK=22%); Finance (n=53, mdn=4.0, IDK=9%); Healthcare (n=26, mdn=4.0, IDK=19%); Other (n=283, mdn=4.0, IDK=20%); Telecom (n=24, mdn=4.0, IDK=8%); Web / SaaS (n=178, mdn=4.0, IDK=14%)",Gaming (n=8); (not recorded) (n=2),False,,0.0097,negligible
CLM-000062,company_size,kruskal_wallis,6.8552342017132535,0.032464207609308994,0.5573529236662389,False,3,1,"Large enterprise (250+ employees) (n=263, mdn=2.0, IDK=30%); SME (51 to 250 employees) (n=100, mdn=2.0, IDK=37%); Startup (1 to 50 employees) (n=141, mdn=2.0, IDK=31%)",(not recorded) (n=10),False,,0.0097,negligible
CLM-000179,company_size,kruskal_wallis,0.7562898074643352,0.6851312154025051,0.8385523972590913,False,3,1,"Large enterprise (250+ employees) (n=342, mdn=4.0, IDK=9%); SME (51 to 250 employees) (n=150, mdn=4.0, IDK=5%); Startup (1 to 50 employees) (n=194, mdn=4.0, IDK=4%)",(not recorded) (n=12),False,,0.0,negligible
CLM-000028,company_size,kruskal_wallis,0.8567237567370243,0.6515755810215118,0.8353533090019382,False,3,1,"Large enterprise (250+ employees) (n=372, mdn=5.0, IDK=1%); SME (51 to 250 employees) (n=155, mdn=5.0, IDK=2%); Startup (1 to 50 employees) (n=199, mdn=5.0, IDK=2%)",(not recorded) (n=13),False,,0.0,negligible
CLM-000204,company_size,kruskal_wallis,3.5323355534667016,0.17098699521712843,0.5573529236662389,False,3,1,"Large enterprise (250+ employees) (n=364, mdn=2.0, IDK=3%); SME (51 to 250 employees) (n=151, mdn=2.0, IDK=4%); Startup (1 to 50 employees) (n=196, mdn=2.0, IDK=3%)",(not recorded) (n=11),False,,0.0022,negligible
CLM-000086,company_size,kruskal_wallis,5.581165894807111,0.06138541901211169,0.5573529236662389,False,3,1,"Large enterprise (250+ employees) (n=370, mdn=4.0, IDK=2%); SME (51 to 250 employees) (n=155, mdn=4.0, IDK=2%); Startup (1 to 50 employees) (n=199, mdn=4.0, IDK=2%)",(not recorded) (n=11),False,,0.005,negligible
CLM-000131,company_size,kruskal_wallis,5.664651339934262,0.058875768716960646,0.5573529236662389,False,3,1,"Large enterprise (250+ employees) (n=350, mdn=4.0, IDK=7%); SME (51 to 250 employees) (n=141, mdn=4.0, IDK=11%); Startup (1 to 50 employees) (n=185, mdn=4.0, IDK=9%)",(not recorded) (n=11),False,,0.0054,negligible
CLM-000337,company_size,kruskal_wallis,4.224708682108171,0.12095286665444122,0.5573529236662389,False,3,1,"Large enterprise (250+ employees) (n=324, mdn=3.0, IDK=14%); SME (51 to 250 employees) (n=142, mdn=2.0, IDK=10%); Startup (1 to 50 employees) (n=169, mdn=2.0, IDK=17%)",(not recorded) (n=9),False,,0.0035,negligible
CLM-000101,company_size,kruskal_wallis,4.07272225097665,0.1305027309669788,0.5573529236662389,False,3,1,"Large enterprise (250+ employees) (n=350, mdn=4.0, IDK=7%); SME (51 to 250 employees) (n=150, mdn=4.0, IDK=5%); Startup (1 to 50 employees) (n=181, mdn=4.0, IDK=11%)",(not recorded) (n=10),False,,0.0031,negligible
CLM-000059,company_size,kruskal_wallis,1.3693016457537583,0.5042662770850748,0.7879160579454293,False,3,1,"Large enterprise (250+ employees) (n=360, mdn=4.0, IDK=5%); SME (51 to 250 employees) (n=148, mdn=4.0, IDK=6%); Startup (1 to 50 employees) (n=192, mdn=4.0, IDK=5%)",(not recorded) (n=13),False,,0.0,negligible
CLM-000329,company_size,kruskal_wallis,0.13091486477297634,0.9366389163944374,0.9557539963208546,False,3,1,"Large enterprise (250+ employees) (n=368, mdn=5.0, IDK=2%); SME (51 to 250 employees) (n=153, mdn=5.0, IDK=3%); Startup (1 to 50 employees) (n=198, mdn=5.0, IDK=2%)",(not recorded) (n=12),False,,0.0,negligible
CLM-000060,company_size,kruskal_wallis,0.6950877230966024,0.7064210285299707,0.8385523972590913,False,3,1,"Large enterprise (250+ employees) (n=366, mdn=5.0, IDK=3%); SME (51 to 250 employees) (n=154, mdn=5.0, IDK=3%); Startup (1 to 50 employees) (n=199, mdn=5.0, IDK=2%)",(not recorded) (n=13),False,,0.0,negligible
CLM-000073,company_size,kruskal_wallis,3.4546680591315013,0.17775767554101374,0.5573529236662389,False,3,1,"Large enterprise (250+ employees) (n=350, mdn=4.0, IDK=7%); SME (51 to 250 employees) (n=150, mdn=4.0, IDK=5%); Startup (1 to 50 employees) (n=188, mdn=4.0, IDK=7%)",(not recorded) (n=10),False,,0.0021,negligible
CLM-000194,company_size,kruskal_wallis,3.1696643990464755,0.20498218633971257,0.5573529236662389,False,3,1,"Large enterprise (250+ employees) (n=264, mdn=3.0, IDK=30%); SME (51 to 250 employees) (n=100, mdn=4.0, IDK=37%); Startup (1 to 50 employees) (n=115, mdn=3.0, IDK=43%)",(not recorded) (n=4),False,,0.0025,negligible
CLM-000026,company_size,kruskal_wallis,2.725983444511596,0.2558940666589433,0.5815774242248711,False,3,1,"Large enterprise (250+ employees) (n=370, mdn=3.0, IDK=2%); SME (51 to 250 employees) (n=150, mdn=3.0, IDK=5%); Startup (1 to 50 employees) (n=196, mdn=3.0, IDK=3%)",(not recorded) (n=11),False,,0.001,negligible
CLM-000085,company_size,kruskal_wallis,1.5446070533560452,0.4619477328415146,0.7879160579454293,False,3,1,"Large enterprise (250+ employees) (n=316, mdn=3.0, IDK=16%); SME (51 to 250 employees) (n=144, mdn=4.0, IDK=9%); Startup (1 to 50 employees) (n=182, mdn=4.0, IDK=10%)",(not recorded) (n=12),False,,0.0,negligible
CLM-000459,company_size,kruskal_wallis,0.5982281916823023,0.7414748054170025,0.8425850061556847,False,3,1,"Large enterprise (250+ employees) (n=202, mdn=3.0, IDK=46%); SME (51 to 250 employees) (n=89, mdn=3.0, IDK=44%); Startup (1 to 50 employees) (n=105, mdn=3.0, IDK=48%)",(not recorded) (n=4),False,,0.0,negligible
CLM-000100,company_size,kruskal_wallis,0.9580055819559412,0.6194007559565219,0.815000994679634,False,3,1,"Large enterprise (250+ employees) (n=181, mdn=4.0, IDK=52%); SME (51 to 250 employees) (n=77, mdn=3.0, IDK=51%); Startup (1 to 50 employees) (n=88, mdn=4.0, IDK=57%)",(not recorded) (n=5),False,,0.0,negligible
CLM-000147,company_size,kruskal_wallis,1.3891566299420697,0.4992849445867038,0.7879160579454293,False,3,1,"Large enterprise (250+ employees) (n=353, mdn=4.0, IDK=6%); SME (51 to 250 employees) (n=154, mdn=4.0, IDK=3%); Startup (1 to 50 employees) (n=191, mdn=4.0, IDK=6%)",(not recorded) (n=12),False,,0.0,negligible
CLM-000115,company_size,kruskal_wallis,1.1860904224613138,0.5526418086793751,0.789488298113393,False,3,1,"Large enterprise (250+ employees) (n=331, mdn=3.0, IDK=12%); SME (51 to 250 employees) (n=133, mdn=3.0, IDK=16%); Startup (1 to 50 employees) (n=171, mdn=3.0, IDK=16%)",(not recorded) (n=10),False,,0.0,negligible
CLM-000224,company_size,kruskal_wallis,1.4089685781463002,0.494363457164237,0.7879160579454293,False,3,1,"Large enterprise (250+ employees) (n=240, mdn=4.0, IDK=36%); SME (51 to 250 employees) (n=98, mdn=4.0, IDK=38%); Startup (1 to 50 employees) (n=134, mdn=4.0, IDK=34%)",(not recorded) (n=8),False,,0.0,negligible
CLM-000470,company_size,kruskal_wallis,0.306076404032052,0.8580969401521754,0.9316520075080794,False,3,1,"Large enterprise (250+ employees) (n=243, mdn=3.0, IDK=36%); SME (51 to 250 employees) (n=115, mdn=3.0, IDK=27%); Startup (1 to 50 employees) (n=135, mdn=3.0, IDK=33%)",(not recorded) (n=7),False,,0.0,negligible
CLM-000015,company_size,kruskal_wallis,3.865508425989542,0.14474897944868204,0.5573529236662389,False,3,1,"Large enterprise (250+ employees) (n=272, mdn=3.0, IDK=28%); SME (51 to 250 employees) (n=104, mdn=3.0, IDK=34%); Startup (1 to 50 employees) (n=133, mdn=4.0, IDK=34%)",(not recorded) (n=8),False,,0.0037,negligible
CLM-000223,company_size,kruskal_wallis,3.1108386766632283,0.2111008414032648,0.5573529236662389,False,3,1,"Large enterprise (250+ employees) (n=367, mdn=2.0, IDK=3%); SME (51 to 250 employees) (n=156, mdn=2.0, IDK=1%); Startup (1 to 50 employees) (n=194, mdn=2.0, IDK=4%)",(not recorded) (n=13),False,,0.0016,negligible
CLM-000045,company_size,kruskal_wallis,0.6538022002568818,0.7211550616428185,0.8385523972590913,False,3,1,"Large enterprise (250+ employees) (n=356, mdn=4.0, IDK=6%); SME (51 to 250 employees) (n=150, mdn=4.0, IDK=5%); Startup (1 to 50 employees) (n=191, mdn=4.0, IDK=6%)",(not recorded) (n=11),False,,0.0,negligible
CLM-000087,company_size,kruskal_wallis,1.2075424466833935,0.5467458425744944,0.789488298113393,False,3,1,"Large enterprise (250+ employees) (n=281, mdn=4.0, IDK=25%); SME (51 to 250 employees) (n=117, mdn=4.0, IDK=26%); Startup (1 to 50 employees) (n=156, mdn=3.0, IDK=23%)",(not recorded) (n=12),False,,0.0,negligible
CLM-000178,company_size,kruskal_wallis,3.1588222940831283,0.20609642296854275,0.5573529236662389,False,3,1,"Large enterprise (250+ employees) (n=260, mdn=3.0, IDK=31%); SME (51 to 250 employees) (n=109, mdn=3.0, IDK=31%); Startup (1 to 50 employees) (n=142, mdn=3.0, IDK=30%)",(not recorded) (n=8),False,,0.0023,negligible
CLM-000269,company_size,kruskal_wallis,0.6885933720430764,0.7087186299440911,0.8385523972590913,False,3,1,"Large enterprise (250+ employees) (n=370, mdn=5.0, IDK=2%); SME (51 to 250 employees) (n=147, mdn=5.0, IDK=7%); Startup (1 to 50 employees) (n=197, mdn=5.0, IDK=3%)",(not recorded) (n=13),False,,0.0,negligible
CLM-000238,company_size,kruskal_wallis,2.019177105304064,0.3643688673380951,0.7287377346761902,False,3,1,"Large enterprise (250+ employees) (n=220, mdn=3.0, IDK=42%); SME (51 to 250 employees) (n=88, mdn=3.0, IDK=44%); Startup (1 to 50 employees) (n=111, mdn=3.0, IDK=45%)",(not recorded) (n=7),False,,0.0,negligible
CLM-000361,company_size,kruskal_wallis,3.2506572041791797,0.19684698024628866,0.5573529236662389,False,3,1,"Large enterprise (250+ employees) (n=143, mdn=3.0, IDK=62%); SME (51 to 250 employees) (n=61, mdn=4.0, IDK=61%); Startup (1 to 50 employees) (n=78, mdn=4.0, IDK=62%)",(not recorded) (n=3),False,,0.0045,negligible
CLM-000450,company_size,kruskal_wallis,3.5101018964190964,0.1728984332017093,0.5573529236662389,False,3,1,"Large enterprise (250+ employees) (n=299, mdn=4.0, IDK=21%); SME (51 to 250 employees) (n=117, mdn=4.0, IDK=26%); Startup (1 to 50 employees) (n=164, mdn=4.0, IDK=19%)",(not recorded) (n=8),False,,0.0026,negligible
CLM-000142,company_size,kruskal_wallis,2.0888802337361865,0.35188878082791775,0.7287377346761902,False,3,1,"Large enterprise (250+ employees) (n=359, mdn=4.0, IDK=5%); SME (51 to 250 employees) (n=153, mdn=4.0, IDK=3%); Startup (1 to 50 employees) (n=194, mdn=4.0, IDK=4%)",(not recorded) (n=13),False,,0.0001,negligible
CLM-000496,company_size,kruskal_wallis,2.773986971011434,0.24982527998617113,0.5815774242248711,False,3,1,"Large enterprise (250+ employees) (n=337, mdn=4.0, IDK=11%); SME (51 to 250 employees) (n=139, mdn=4.0, IDK=12%); Startup (1 to 50 employees) (n=169, mdn=4.0, IDK=17%)",(not recorded) (n=9),False,,0.0012,negligible
CLM-000169,company_size,kruskal_wallis,1.007109311718558,0.6043784793456991,0.815000994679634,False,3,1,"Large enterprise (250+ employees) (n=326, mdn=4.0, IDK=14%); SME (51 to 250 employees) (n=137, mdn=4.0, IDK=13%); Startup (1 to 50 employees) (n=174, mdn=4.0, IDK=14%)",(not recorded) (n=10),False,,0.0,negligible
CLM-000036,company_size,kruskal_wallis,1.2091839412215295,0.5462972865180862,0.789488298113393,False,3,1,"Large enterprise (250+ employees) (n=227, mdn=4.0, IDK=40%); SME (51 to 250 employees) (n=99, mdn=4.0, IDK=37%); Startup (1 to 50 employees) (n=131, mdn=4.0, IDK=35%)",(not recorded) (n=7),False,,0.0,negligible
CLM-000210,company_size,kruskal_wallis,1.6119557831809175,0.44665093673493905,0.7879160579454293,False,3,1,"Large enterprise (250+ employees) (n=341, mdn=4.0, IDK=10%); SME (51 to 250 employees) (n=143, mdn=4.0, IDK=9%); Startup (1 to 50 employees) (n=188, mdn=4.0, IDK=7%)",(not recorded) (n=9),False,,0.0,negligible
CLM-000581,company_size,kruskal_wallis,2.3606648190751276,0.3071766131923999,0.6677752460704346,False,3,1,"Large enterprise (250+ employees) (n=327, mdn=3.0, IDK=13%); SME (51 to 250 employees) (n=143, mdn=3.0, IDK=9%); Startup (1 to 50 employees) (n=189, mdn=3.0, IDK=7%)",(not recorded) (n=10),False,,0.0005,negligible
CLM-000242,company_size,kruskal_wallis,0.17203240284888513,0.9175793650069722,0.9557539963208546,False,3,1,"Large enterprise (250+ employees) (n=365, mdn=4.0, IDK=3%); SME (51 to 250 employees) (n=150, mdn=4.0, IDK=5%); Startup (1 to 50 employees) (n=196, mdn=4.0, IDK=3%)",(not recorded) (n=13),False,,0.0,negligible
CLM-000199,company_size,kruskal_wallis,0.43988635118690483,0.8025644019126124,0.8917382243473471,False,3,1,"Large enterprise (250+ employees) (n=373, mdn=4.0, IDK=1%); SME (51 to 250 employees) (n=155, mdn=4.0, IDK=2%); Startup (1 to 50 employees) (n=197, mdn=4.0, IDK=3%)",(not recorded) (n=13),False,,0.0,negligible
CLM-000007,company_size,kruskal_wallis,4.165494045574767,0.12458749699758818,0.5573529236662389,False,3,1,"Large enterprise (250+ employees) (n=346, mdn=2.0, IDK=8%); SME (51 to 250 employees) (n=148, mdn=2.0, IDK=6%); Startup (1 to 50 employees) (n=191, mdn=2.0, IDK=6%)",(not recorded) (n=9),False,,0.0032,negligible
CLM-000486,company_size,kruskal_wallis,3.104281301532413,0.21179411099317078,0.5573529236662389,False,3,1,"Large enterprise (250+ employees) (n=288, mdn=3.0, IDK=24%); SME (51 to 250 employees) (n=124, mdn=3.0, IDK=22%); Startup (1 to 50 employees) (n=144, mdn=3.0, IDK=29%)",(not recorded) (n=8),False,,0.002,negligible
CLM-000109,company_size,kruskal_wallis,2.944517350936306,0.22940674418814805,0.5735168604703701,False,3,1,"Large enterprise (250+ employees) (n=353, mdn=4.0, IDK=6%); SME (51 to 250 employees) (n=147, mdn=4.0, IDK=7%); Startup (1 to 50 employees) (n=184, mdn=4.0, IDK=9%)",(not recorded) (n=12),False,,0.0014,negligible
CLM-000190,company_size,kruskal_wallis,3.288413040376987,0.19316577514312008,0.5573529236662389,False,3,1,"Large enterprise (250+ employees) (n=360, mdn=4.0, IDK=5%); SME (51 to 250 employees) (n=148, mdn=4.0, IDK=6%); Startup (1 to 50 employees) (n=193, mdn=4.0, IDK=5%)",(not recorded) (n=9),False,,0.0018,negligible
CLM-000374,company_size,kruskal_wallis,0.2653426404825942,0.8757528870575946,0.9316520075080794,False,3,1,"Large enterprise (250+ employees) (n=136, mdn=3.0, IDK=64%); SME (51 to 250 employees) (n=51, mdn=3.0, IDK=68%); Startup (1 to 50 employees) (n=74, mdn=3.0, IDK=64%)",(not recorded) (n=5),False,,0.0,negligible
CLM-000122,company_size,kruskal_wallis,0.006275085824159127,0.9968673740319645,0.9968673740319645,False,3,1,"Large enterprise (250+ employees) (n=302, mdn=3.0, IDK=20%); SME (51 to 250 employees) (n=129, mdn=3.0, IDK=18%); Startup (1 to 50 employees) (n=171, mdn=4.0, IDK=16%)",(not recorded) (n=10),False,,0.0,negligible
CLM-000097,company_size,kruskal_wallis,1.0465192899306834,0.5925857771053895,0.815000994679634,False,3,1,"Large enterprise (250+ employees) (n=360, mdn=4.0, IDK=5%); SME (51 to 250 employees) (n=149, mdn=4.0, IDK=6%); Startup (1 to 50 employees) (n=193, mdn=4.0, IDK=5%)",(not recorded) (n=12),False,,0.0,negligible
CLM-000201,company_size,kruskal_wallis,3.7647472864578138,0.15222834080587316,0.5573529236662389,False,3,1,"Large enterprise (250+ employees) (n=364, mdn=4.0, IDK=3%); SME (51 to 250 employees) (n=155, mdn=4.0, IDK=2%); Startup (1 to 50 employees) (n=196, mdn=4.0, IDK=3%)",(not recorded) (n=12),False,,0.0025,negligible
CLM-000180,company_size,kruskal_wallis,3.4333667814316713,0.17966102630443653,0.5573529236662389,False,3,1,"Large enterprise (250+ employees) (n=362, mdn=4.0, IDK=4%); SME (51 to 250 employees) (n=150, mdn=4.0, IDK=5%); Startup (1 to 50 employees) (n=197, mdn=4.0, IDK=3%)",(not recorded) (n=10),False,,0.002,negligible
CLM-000502,company_size,kruskal_wallis,1.5778414368378957,0.45433488603594885,0.7879160579454293,False,3,1,"Large enterprise (250+ employees) (n=372, mdn=4.0, IDK=1%); SME (51 to 250 employees) (n=154, mdn=4.0, IDK=3%); Startup (1 to 50 employees) (n=198, mdn=4.0, IDK=2%)",(not recorded) (n=12),False,,0.0,negligible
CLM-000129,company_size,kruskal_wallis,1.4500767202627887,0.48430599055759693,0.7879160579454293,False,3,1,"Large enterprise (250+ employees) (n=345, mdn=4.0, IDK=8%); SME (51 to 250 employees) (n=148, mdn=4.0, IDK=6%); Startup (1 to 50 employees) (n=182, mdn=4.0, IDK=10%)",(not recorded) (n=11),False,,0.0,negligible
CLM-000032,company_size,kruskal_wallis,3.176081495247657,0.20432554513086043,0.5573529236662389,False,3,1,"Large enterprise (250+ employees) (n=323, mdn=4.0, IDK=14%); SME (51 to 250 employees) (n=130, mdn=4.0, IDK=18%); Startup (1 to 50 employees) (n=156, mdn=4.0, IDK=23%)",(not recorded) (n=8),False,,0.0019,negligible
CLM-000062,country,kruskal_wallis,9.095743650489613,0.24585496907191162,0.614637422679779,False,8,34,"Australia (n=16, mdn=2.0, IDK=27%); Canada (n=35, mdn=2.0, IDK=35%); France (n=12, mdn=2.0, IDK=25%); Germany (n=49, mdn=2.0, IDK=43%); Netherlands (n=28, mdn=2.0, IDK=39%); Sweden (n=16, mdn=2.0, IDK=36%); United Kingdom (n=58, mdn=2.0, IDK=28%); United States (n=184, mdn=2.0, IDK=28%)",Albania (n=0); Austria (n=8); Azerbaijan (n=0); Belgium (n=3); Brazil (n=3); China (n=1); Colombia (n=1); Czech Republic (n=2); Denmark (n=5); Finland (n=8); Greece (n=1); Hungary (n=1); India (n=2); Iran (n=1); Ireland (n=3); Israel (n=1); Italy (n=3); Jordan (n=1); Latvia (n=1); Lithuania (n=1); Mexico (n=1); New Zealand (n=5); Norway (n=3); Other / Prefer not to say (n=8); Poland (n=2); Portugal (n=0); Russia (n=1); Singapore (n=1); South Africa (n=2); Spain (n=3); Switzerland (n=6); Thailand (n=0); Uruguay (n=1); (not recorded) (n=37),False,,0.0054,negligible
CLM-000179,country,kruskal_wallis,19.125307947101042,0.014203674940189781,0.40937817814855054,False,9,33,"Australia (n=20, mdn=4.0, IDK=9%); Canada (n=50, mdn=4.0, IDK=7%); France (n=16, mdn=4.0, IDK=0%); Germany (n=80, mdn=4.0, IDK=7%); Netherlands (n=45, mdn=4.0, IDK=2%); Other / Prefer not to say (n=10, mdn=4.0, IDK=9%); Sweden (n=21, mdn=3.0, IDK=16%); United Kingdom (n=74, mdn=4.0, IDK=9%); United States (n=242, mdn=4.0, IDK=5%)",Albania (n=1); Austria (n=8); Azerbaijan (n=1); Belgium (n=5); Brazil (n=3); China (n=1); Colombia (n=1); Czech Republic (n=2); Denmark (n=6); Finland (n=9); Greece (n=1); Hungary (n=1); India (n=2); Iran (n=1); Ireland (n=3); Israel (n=2); Italy (n=4); Jordan (n=1); Latvia (n=1); Lithuania (n=1); Mexico (n=1); New Zealand (n=7); Norway (n=5); Poland (n=4); Portugal (n=1); Russia (n=1); Singapore (n=1); South Africa (n=3); Spain (n=4); Switzerland (n=6); Thailand (n=1); Uruguay (n=1); (not recorded) (n=51),False,,0.0203,small
CLM-000028,country,kruskal_wallis,10.547078657214815,0.39387469433115024,0.6564578238852504,False,11,31,"Australia (n=22, mdn=5.0, IDK=0%); Austria (n=10, mdn=4.5, IDK=0%); Canada (n=53, mdn=5.0, IDK=2%); Finland (n=11, mdn=5.0, IDK=0%); France (n=15, mdn=5.0, IDK=6%); Germany (n=85, mdn=5.0, IDK=1%); Netherlands (n=45, mdn=5.0, IDK=2%); Other / Prefer not to say (n=10, mdn=5.0, IDK=9%); Sweden (n=25, mdn=5.0, IDK=0%); United Kingdom (n=79, mdn=5.0, IDK=2%); United States (n=253, mdn=5.0, IDK=1%)",Albania (n=0); Azerbaijan (n=1); Belgium (n=4); Brazil (n=3); China (n=1); Colombia (n=1); Czech Republic (n=2); Denmark (n=6); Greece (n=1); Hungary (n=1); India (n=3); Iran (n=1); Ireland (n=5); Israel (n=2); Italy (n=4); Jordan (n=1); Latvia (n=1); Lithuania (n=1); Mexico (n=1); New Zealand (n=7); Norway (n=5); Poland (n=4); Portugal (n=1); Russia (n=1); Singapore (n=1); South Africa (n=3); Spain (n=5); Switzerland (n=7); Thailand (n=1); Uruguay (n=1); (not recorded) (n=56),False,,0.0009,negligible
CLM-000204,country,kruskal_wallis,10.017271771231151,0.26381575555831077,0.6218454638705235,False,9,33,"Australia (n=21, mdn=2.0, IDK=5%); Austria (n=10, mdn=2.5, IDK=0%); Canada (n=52, mdn=2.0, IDK=4%); France (n=16, mdn=2.0, IDK=0%); Germany (n=84, mdn=2.0, IDK=2%); Netherlands (n=42, mdn=2.0, IDK=9%); Sweden (n=24, mdn=2.0, IDK=4%); United Kingdom (n=80, mdn=2.0, IDK=1%); United States (n=247, mdn=2.0, IDK=4%)",Albania (n=1); Azerbaijan (n=0); Belgium (n=5); Brazil (n=3); China (n=1); Colombia (n=1); Czech Republic (n=2); Denmark (n=6); Finland (n=9); Greece (n=1); Hungary (n=1); India (n=3); Iran (n=1); Ireland (n=4); Israel (n=1); Italy (n=4); Jordan (n=1); Latvia (n=1); Lithuania (n=1); Mexico (n=1); New Zealand (n=7); Norway (n=5); Other / Prefer not to say (n=9); Poland (n=4); Portugal (n=1); Russia (n=1); Singapore (n=1); South Africa (n=3); Spain (n=5); Switzerland (n=7); Thailand (n=1); Uruguay (n=1); (not recorded) (n=54),False,,0.0036,negligible
CLM-000086,country,kruskal_wallis,11.777897126355215,0.22612199345757095,0.614637422679779,False,10,32,"Australia (n=20, mdn=4.0, IDK=9%); Canada (n=52, mdn=5.0, IDK=4%); Finland (n=10, mdn=5.0, IDK=9%); France (n=16, mdn=4.5, IDK=0%); Germany (n=85, mdn=4.0, IDK=1%); Netherlands (n=45, mdn=4.0, IDK=2%); Other / Prefer not to say (n=10, mdn=4.0, IDK=9%); Sweden (n=25, mdn=4.0, IDK=0%); United Kingdom (n=79, mdn=4.0, IDK=2%); United States (n=251, mdn=4.0, IDK=2%)",Albania (n=1); Austria (n=9); Azerbaijan (n=1); Belgium (n=5); Brazil (n=3); China (n=1); Colombia (n=1); Czech Republic (n=2); Denmark (n=6); Greece (n=1); Hungary (n=1); India (n=3); Iran (n=1); Ireland (n=5); Israel (n=2); Italy (n=4); Jordan (n=1); Latvia (n=1); Lithuania (n=1); Mexico (n=1); New Zealand (n=7); Norway (n=5); Poland (n=4); Portugal (n=1); Russia (n=1); Singapore (n=1); South Africa (n=3); Spain (n=5); Switzerland (n=7); Thailand (n=1); Uruguay (n=1); (not recorded) (n=56),False,,0.0048,negligible
CLM-000131,country,kruskal_wallis,4.1396880833104115,0.844305411510251,0.9177232733807075,False,9,33,"Australia (n=21, mdn=4.0, IDK=5%); Austria (n=10, mdn=5.0, IDK=0%); Canada (n=45, mdn=4.0, IDK=17%); France (n=14, mdn=4.0, IDK=12%); Germany (n=81, mdn=4.0, IDK=6%); Netherlands (n=41, mdn=4.0, IDK=11%); Sweden (n=23, mdn=4.0, IDK=8%); United Kingdom (n=78, mdn=4.0, IDK=4%); United States (n=233, mdn=4.0, IDK=9%)",Albania (n=0); Azerbaijan (n=1); Belgium (n=5); Brazil (n=3); China (n=1); Colombia (n=1); Czech Republic (n=2); Denmark (n=6); Finland (n=8); Greece (n=1); Hungary (n=1); India (n=3); Iran (n=1); Ireland (n=4); Israel (n=2); Italy (n=4); Jordan (n=1); Latvia (n=1); Lithuania (n=1); Mexico (n=1); New Zealand (n=7); Norway (n=5); Other / Prefer not to say (n=9); Poland (n=3); Portugal (n=1); Russia (n=1); Singapore (n=1); South Africa (n=3); Spain (n=5); Switzerland (n=7); Thailand (n=1); Uruguay (n=1); (not recorded) (n=50),False,,0.0,negligible
CLM-000337,country,kruskal_wallis,8.535538484654072,0.2877431527943231,0.6218454638705235,False,8,34,"Australia (n=21, mdn=2.0, IDK=5%); Canada (n=50, mdn=3.0, IDK=7%); France (n=14, mdn=2.0, IDK=12%); Germany (n=64, mdn=2.0, IDK=26%); Netherlands (n=40, mdn=2.0, IDK=13%); Sweden (n=22, mdn=2.0, IDK=12%); United Kingdom (n=74, mdn=3.0, IDK=9%); United States (n=226, mdn=3.0, IDK=12%)",Albania (n=0); Austria (n=7); Azerbaijan (n=1); Belgium (n=3); Brazil (n=3); China (n=1); Colombia (n=1); Czech Republic (n=2); Denmark (n=2); Finland (n=7); Greece (n=0); Hungary (n=1); India (n=3); Iran (n=1); Ireland (n=3); Israel (n=2); Italy (n=4); Jordan (n=1); Latvia (n=1); Lithuania (n=0); Mexico (n=1); New Zealand (n=7); Norway (n=5); Other / Prefer not to say (n=8); Poland (n=4); Portugal (n=1); Russia (n=1); Singapore (n=1); South Africa (n=3); Spain (n=3); Switzerland (n=6); Thailand (n=1); Uruguay (n=1); (not recorded) (n=48),False,,0.0031,negligible
CLM-000101,country,kruskal_wallis,11.002985076863062,0.2755043803285858,0.6218454638705235,False,10,32,"Australia (n=20, mdn=4.0, IDK=9%); Canada (n=49, mdn=4.0, IDK=9%); Finland (n=10, mdn=4.0, IDK=9%); France (n=14, mdn=4.0, IDK=12%); Germany (n=79, mdn=4.0, IDK=8%); Netherlands (n=40, mdn=4.0, IDK=13%); Other / Prefer not to say (n=10, mdn=3.0, IDK=9%); Sweden (n=23, mdn=4.0, IDK=8%); United Kingdom (n=77, mdn=4.0, IDK=5%); United States (n=235, mdn=4.0, IDK=8%)",Albania (n=0); Austria (n=9); Azerbaijan (n=1); Belgium (n=5); Brazil (n=3); China (n=1); Colombia (n=1); Czech Republic (n=2); Denmark (n=6); Greece (n=1); Hungary (n=1); India (n=3); Iran (n=1); Ireland (n=4); Israel (n=2); Italy (n=4); Jordan (n=1); Latvia (n=1); Lithuania (n=1); Mexico (n=1); New Zealand (n=6); Norway (n=5); Poland (n=4); Portugal (n=1); Russia (n=1); Singapore (n=1); South Africa (n=3); Spain (n=5); Switzerland (n=6); Thailand (n=1); Uruguay (n=1); (not recorded) (n=52),False,,0.0037,negligible
CLM-000059,country,kruskal_wallis,8.930023694098047,0.3482334597674932,0.6218454638705235,False,9,33,"Australia (n=22, mdn=4.0, IDK=0%); Canada (n=50, mdn=4.0, IDK=7%); Finland (n=11, mdn=4.0, IDK=0%); France (n=16, mdn=3.5, IDK=0%); Germany (n=82, mdn=4.0, IDK=5%); Netherlands (n=44, mdn=4.0, IDK=4%); Sweden (n=21, mdn=4.0, IDK=16%); United Kingdom (n=78, mdn=4.0, IDK=4%); United States (n=247, mdn=4.0, IDK=4%)",Albania (n=0); Austria (n=9); Azerbaijan (n=1); Belgium (n=3); Brazil (n=3); China (n=1); Colombia (n=1); Czech Republic (n=2); Denmark (n=5); Greece (n=1); Hungary (n=1); India (n=3); Iran (n=1); Ireland (n=4); Israel (n=2); Italy (n=4); Jordan (n=1); Latvia (n=1); Lithuania (n=1); Mexico (n=1); New Zealand (n=7); Norway (n=5); Other / Prefer not to say (n=7); Poland (n=4); Portugal (n=1); Russia (n=1); Singapore (n=1); South Africa (n=3); Spain (n=5); Switzerland (n=6); Thailand (n=1); Uruguay (n=1); (not recorded) (n=55),False,,0.0017,negligible
CLM-000329,country,kruskal_wallis,14.516112412578039,0.10511416180846044,0.5654831134388372,False,10,32,"Australia (n=21, mdn=5.0, IDK=5%); Canada (n=51, mdn=5.0, IDK=6%); Finland (n=11, mdn=5.0, IDK=0%); France (n=16, mdn=5.0, IDK=0%); Germany (n=84, mdn=5.0, IDK=2%); Netherlands (n=46, mdn=5.0, IDK=0%); Other / Prefer not to say (n=10, mdn=5.0, IDK=9%); Sweden (n=25, mdn=5.0, IDK=0%); United Kingdom (n=78, mdn=5.0, IDK=4%); United States (n=250, mdn=5.0, IDK=2%)",Albania (n=1); Austria (n=9); Azerbaijan (n=1); Belgium (n=4); Brazil (n=3); China (n=1); Colombia (n=1); Czech Republic (n=2); Denmark (n=6); Greece (n=1); Hungary (n=1); India (n=3); Iran (n=1); Ireland (n=5); Israel (n=2); Italy (n=4); Jordan (n=1); Latvia (n=1); Lithuania (n=1); Mexico (n=1); New Zealand (n=7); Norway (n=5); Poland (n=4); Portugal (n=1); Russia (n=1); Singapore (n=1); South Africa (n=3); Spain (n=5); Switzerland (n=7); Thailand (n=1); Uruguay (n=1); (not recorded) (n=54),False,,0.0095,negligible
CLM-000060,country,kruskal_wallis,11.268744039012603,0.33696732771902527,0.6218454638705235,False,11,31,"Australia (n=22, mdn=5.0, IDK=0%); Austria (n=10, mdn=5.0, IDK=0%); Canada (n=53, mdn=5.0, IDK=2%); Finland (n=11, mdn=5.0, IDK=0%); France (n=16, mdn=5.0, IDK=0%); Germany (n=86, mdn=5.0, IDK=0%); Netherlands (n=45, mdn=5.0, IDK=2%); Other / Prefer not to say (n=10, mdn=5.0, IDK=9%); Sweden (n=25, mdn=5.0, IDK=0%); United Kingdom (n=77, mdn=5.0, IDK=5%); United States (n=248, mdn=5.0, IDK=3%)",Albania (n=0); Azerbaijan (n=1); Belgium (n=5); Brazil (n=3); China (n=1); Colombia (n=1); Czech Republic (n=2); Denmark (n=5); Greece (n=1); Hungary (n=0); India (n=3); Iran (n=1); Ireland (n=5); Israel (n=2); Italy (n=4); Jordan (n=1); Latvia (n=1); Lithuania (n=1); Mexico (n=1); New Zealand (n=7); Norway (n=5); Poland (n=4); Portugal (n=1); Russia (n=1); Singapore (n=1); South Africa (n=3); Spain (n=5); Switzerland (n=7); Thailand (n=1); Uruguay (n=1); (not recorded) (n=55),False,,0.0021,negligible
CLM-000073,country,kruskal_wallis,6.455378176298934,0.4876925753757605,0.7038406320070086,False,8,34,"Australia (n=22, mdn=4.0, IDK=0%); Canada (n=53, mdn=5.0, IDK=2%); France (n=16, mdn=4.0, IDK=0%); Germany (n=81, mdn=4.0, IDK=6%); Netherlands (n=41, mdn=4.0, IDK=11%); Sweden (n=24, mdn=4.0, IDK=4%); United Kingdom (n=77, mdn=4.0, IDK=5%); United States (n=236, mdn=4.0, IDK=8%)",Albania (n=0); Austria (n=8); Azerbaijan (n=1); Belgium (n=4); Brazil (n=3); China (n=1); Colombia (n=1); Czech Republic (n=2); Denmark (n=6); Finland (n=7); Greece (n=1); Hungary (n=0); India (n=3); Iran (n=1); Ireland (n=4); Israel (n=1); Italy (n=4); Jordan (n=1); Latvia (n=1); Lithuania (n=1); Mexico (n=1); New Zealand (n=7); Norway (n=5); Other / Prefer not to say (n=9); Poland (n=4); Portugal (n=1); Russia (n=1); Singapore (n=1); South Africa (n=3); Spain (n=5); Switzerland (n=7); Thailand (n=1); Uruguay (n=1); (not recorded) (n=52),False,,0.0,negligible
CLM-000194,country,kruskal_wallis,2.432871831252636,0.9320664934701911,0.9510882586430521,False,8,34,"Australia (n=17, mdn=3.0, IDK=23%); Canada (n=32, mdn=3.0, IDK=41%); France (n=13, mdn=4.0, IDK=19%); Germany (n=56, mdn=4.0, IDK=35%); Netherlands (n=28, mdn=3.0, IDK=39%); Sweden (n=13, mdn=4.0, IDK=48%); United Kingdom (n=53, mdn=3.0, IDK=35%); United States (n=169, mdn=3.0, IDK=34%)",Albania (n=0); Austria (n=5); Azerbaijan (n=1); Belgium (n=2); Brazil (n=2); China (n=1); Colombia (n=1); Czech Republic (n=2); Denmark (n=3); Finland (n=6); Greece (n=0); Hungary (n=1); India (n=2); Iran (n=1); Ireland (n=3); Israel (n=0); Italy (n=4); Jordan (n=1); Latvia (n=1); Lithuania (n=0); Mexico (n=1); New Zealand (n=5); Norway (n=3); Other / Prefer not to say (n=8); Poland (n=3); Portugal (n=1); Russia (n=0); Singapore (n=1); South Africa (n=3); Spain (n=4); Switzerland (n=5); Thailand (n=0); Uruguay (n=1); (not recorded) (n=31),False,,0.0,negligible
CLM-000026,country,kruskal_wallis,13.030050854252815,0.22199649190880325,0.614637422679779,False,11,31,"Australia (n=22, mdn=3.0, IDK=0%); Austria (n=10, mdn=3.0, IDK=0%); Canada (n=53, mdn=3.0, IDK=2%); Finland (n=10, mdn=3.0, IDK=9%); France (n=15, mdn=3.0, IDK=6%); Germany (n=82, mdn=3.0, IDK=5%); Netherlands (n=45, mdn=4.0, IDK=2%); Other / Prefer not to say (n=10, mdn=3.0, IDK=9%); Sweden (n=24, mdn=3.0, IDK=4%); United Kingdom (n=80, mdn=2.0, IDK=1%); United States (n=249, mdn=3.0, IDK=3%)",Albania (n=1); Azerbaijan (n=1); Belgium (n=4); Brazil (n=3); China (n=1); Colombia (n=1); Czech Republic (n=2); Denmark (n=5); Greece (n=1); Hungary (n=1); India (n=3); Iran (n=1); Ireland (n=5); Israel (n=2); Italy (n=4); Jordan (n=1); Latvia (n=1); Lithuania (n=0); Mexico (n=1); New Zealand (n=7); Norway (n=5); Poland (n=4); Portugal (n=1); Russia (n=1); Singapore (n=1); South Africa (n=3); Spain (n=4); Switzerland (n=6); Thailand (n=1); Uruguay (n=1); (not recorded) (n=55),False,,0.0051,negligible
CLM-000085,country,kruskal_wallis,8.476502364612726,0.3883594278106595,0.6564578238852504,False,9,33,"Australia (n=19, mdn=3.0, IDK=14%); Canada (n=46, mdn=4.0, IDK=15%); Finland (n=10, mdn=4.0, IDK=9%); France (n=14, mdn=2.0, IDK=12%); Germany (n=68, mdn=3.5, IDK=21%); Netherlands (n=39, mdn=4.0, IDK=15%); Sweden (n=24, mdn=3.0, IDK=4%); United Kingdom (n=74, mdn=4.0, IDK=9%); United States (n=228, mdn=3.0, IDK=11%)",Albania (n=0); Austria (n=8); Azerbaijan (n=1); Belgium (n=5); Brazil (n=3); China (n=1); Colombia (n=1); Czech Republic (n=2); Denmark (n=4); Greece (n=1); Hungary (n=1); India (n=1); Iran (n=1); Ireland (n=3); Israel (n=2); Italy (n=4); Jordan (n=1); Latvia (n=1); Lithuania (n=1); Mexico (n=1); New Zealand (n=7); Norway (n=3); Other / Prefer not to say (n=8); Poland (n=4); Portugal (n=1); Russia (n=1); Singapore (n=0); South Africa (n=3); Spain (n=5); Switzerland (n=6); Thailand (n=1); Uruguay (n=1); (not recorded) (n=50),False,,0.0009,negligible
CLM-000459,country,kruskal_wallis,15.285106095039723,0.018151447159830792,0.40937817814855054,False,7,35,"Australia (n=10, mdn=3.0, IDK=55%); Canada (n=30, mdn=4.0, IDK=44%); Germany (n=41, mdn=3.0, IDK=52%); Netherlands (n=20, mdn=3.0, IDK=57%); Sweden (n=11, mdn=3.0, IDK=56%); United Kingdom (n=45, mdn=3.0, IDK=44%); United States (n=154, mdn=3.0, IDK=40%)",Albania (n=0); Austria (n=4); Azerbaijan (n=1); Belgium (n=4); Brazil (n=3); China (n=1); Colombia (n=1); Czech Republic (n=2); Denmark (n=0); Finland (n=4); France (n=9); Greece (n=1); Hungary (n=0); India (n=1); Iran (n=1); Ireland (n=1); Israel (n=0); Italy (n=4); Jordan (n=1); Latvia (n=1); Lithuania (n=0); Mexico (n=1); New Zealand (n=5); Norway (n=1); Other / Prefer not to say (n=7); Poland (n=2); Portugal (n=0); Russia (n=0); Singapore (n=0); South Africa (n=1); Spain (n=3); Switzerland (n=3); Thailand (n=1); Uruguay (n=1); (not recorded) (n=25),False,,0.0305,small
CLM-000100,country,kruskal_wallis,9.875442324037765,0.129996367929973,0.5654831134388372,False,7,35,"Australia (n=11, mdn=3.0, IDK=50%); Canada (n=27, mdn=4.0, IDK=50%); Germany (n=41, mdn=4.0, IDK=52%); Netherlands (n=21, mdn=4.0, IDK=54%); Sweden (n=11, mdn=3.0, IDK=56%); United Kingdom (n=40, mdn=4.0, IDK=51%); United States (n=119, mdn=3.0, IDK=54%)",Albania (n=1); Austria (n=5); Azerbaijan (n=1); Belgium (n=3); Brazil (n=1); China (n=0); Colombia (n=1); Czech Republic (n=1); Denmark (n=2); Finland (n=9); France (n=6); Greece (n=0); Hungary (n=0); India (n=2); Iran (n=0); Ireland (n=1); Israel (n=0); Italy (n=3); Jordan (n=1); Latvia (n=1); Lithuania (n=1); Mexico (n=1); New Zealand (n=3); Norway (n=0); Other / Prefer not to say (n=5); Poland (n=1); Portugal (n=0); Russia (n=1); Singapore (n=1); South Africa (n=1); Spain (n=4); Switzerland (n=2); Thailand (n=0); Uruguay (n=1); (not recorded) (n=22),False,,0.0147,small
CLM-000147,country,kruskal_wallis,8.3256282844528,0.501692911977882,0.7038406320070086,False,10,32,"Australia (n=21, mdn=4.0, IDK=5%); Canada (n=51, mdn=4.0, IDK=6%); Finland (n=11, mdn=4.0, IDK=0%); France (n=15, mdn=4.0, IDK=6%); Germany (n=83, mdn=4.0, IDK=3%); Netherlands (n=43, mdn=4.0, IDK=7%); Other / Prefer not to say (n=10, mdn=4.0, IDK=9%); Sweden (n=23, mdn=4.0, IDK=8%); United Kingdom (n=75, mdn=4.0, IDK=7%); United States (n=244, mdn=4.0, IDK=5%)",Albania (n=1); Austria (n=8); Azerbaijan (n=1); Belgium (n=5); Brazil (n=3); China (n=1); Colombia (n=1); Czech Republic (n=2); Denmark (n=6); Greece (n=1); Hungary (n=1); India (n=3); Iran (n=1); Ireland (n=4); Israel (n=2); Italy (n=4); Jordan (n=1); Latvia (n=1); Lithuania (n=0); Mexico (n=1); New Zealand (n=6); Norway (n=5); Poland (n=4); Portugal (n=1); Russia (n=1); Singapore (n=1); South Africa (n=3); Spain (n=5); Switzerland (n=7); Thailand (n=1); Uruguay (n=1); (not recorded) (n=52),False,,0.0,negligible
CLM-000115,country,kruskal_wallis,9.676888124934354,0.20763519249490767,0.614637422679779,False,8,34,"Australia (n=19, mdn=3.0, IDK=14%); Canada (n=44, mdn=3.5, IDK=19%); France (n=14, mdn=3.0, IDK=12%); Germany (n=71, mdn=4.0, IDK=17%); Netherlands (n=39, mdn=3.0, IDK=15%); Sweden (n=23, mdn=3.0, IDK=8%); United Kingdom (n=67, mdn=3.0, IDK=17%); United States (n=231, mdn=4.0, IDK=10%)",Albania (n=0); Austria (n=7); Azerbaijan (n=1); Belgium (n=2); Brazil (n=3); China (n=1); Colombia (n=1); Czech Republic (n=2); Denmark (n=5); Finland (n=8); Greece (n=1); Hungary (n=0); India (n=3); Iran (n=1); Ireland (n=5); Israel (n=1); Italy (n=4); Jordan (n=1); Latvia (n=1); Lithuania (n=1); Mexico (n=1); New Zealand (n=7); Norway (n=5); Other / Prefer not to say (n=6); Poland (n=4); Portugal (n=1); Russia (n=1); Singapore (n=1); South Africa (n=3); Spain (n=4); Switzerland (n=6); Thailand (n=1); Uruguay (n=1); (not recorded) (n=48),False,,0.0054,negligible
CLM-000224,country,kruskal_wallis,10.812146080186803,0.14702560949409768,0.5654831134388372,False,8,34,"Australia (n=14, mdn=4.0, IDK=36%); Canada (n=37, mdn=4.0, IDK=31%); France (n=13, mdn=4.0, IDK=19%); Germany (n=54, mdn=4.0, IDK=37%); Netherlands (n=37, mdn=4.0, IDK=20%); Sweden (n=12, mdn=4.0, IDK=52%); United Kingdom (n=55, mdn=4.0, IDK=32%); United States (n=153, mdn=4.0, IDK=40%)",Albania (n=0); Austria (n=6); Azerbaijan (n=1); Belgium (n=2); Brazil (n=3); China (n=1); Colombia (n=1); Czech Republic (n=2); Denmark (n=3); Finland (n=6); Greece (n=1); Hungary (n=0); India (n=2); Iran (n=1); Ireland (n=2); Israel (n=0); Italy (n=4); Jordan (n=1); Latvia (n=1); Lithuania (n=0); Mexico (n=1); New Zealand (n=4); Norway (n=2); Other / Prefer not to say (n=5); Poland (n=4); Portugal (n=1); Russia (n=1); Singapore (n=1); South Africa (n=1); Spain (n=5); Switzerland (n=5); Thailand (n=1); Uruguay (n=1); (not recorded) (n=36),False,,0.0104,small
CLM-000470,country,kruskal_wallis,6.278303260832656,0.5076550997111213,0.7038406320070086,False,8,34,"Australia (n=14, mdn=3.0, IDK=36%); Canada (n=32, mdn=3.0, IDK=41%); France (n=12, mdn=3.0, IDK=25%); Germany (n=58, mdn=3.0, IDK=33%); Netherlands (n=32, mdn=3.0, IDK=30%); Sweden (n=16, mdn=3.0, IDK=36%); United Kingdom (n=54, mdn=3.0, IDK=33%); United States (n=171, mdn=3.0, IDK=33%)",Albania (n=1); Austria (n=5); Azerbaijan (n=1); Belgium (n=4); Brazil (n=2); China (n=0); Colombia (n=1); Czech Republic (n=2); Denmark (n=4); Finland (n=5); Greece (n=1); Hungary (n=0); India (n=2); Iran (n=1); Ireland (n=2); Israel (n=1); Italy (n=4); Jordan (n=1); Latvia (n=1); Lithuania (n=0); Mexico (n=0); New Zealand (n=6); Norway (n=5); Other / Prefer not to say (n=7); Poland (n=4); Portugal (n=0); Russia (n=1); Singapore (n=0); South Africa (n=2); Spain (n=3); Switzerland (n=4); Thailand (n=1); Uruguay (n=1); (not recorded) (n=39),False,,0.0,negligible
CLM-000015,country,kruskal_wallis,10.991362421308194,0.13899623192584898,0.5654831134388372,False,8,34,"Australia (n=11, mdn=4.0, IDK=50%); Canada (n=37, mdn=4.0, IDK=31%); France (n=10, mdn=4.0, IDK=38%); Germany (n=59, mdn=3.0, IDK=31%); Netherlands (n=31, mdn=4.0, IDK=33%); Sweden (n=14, mdn=3.0, IDK=44%); United Kingdom (n=51, mdn=3.0, IDK=37%); United States (n=193, mdn=3.0, IDK=25%)",Albania (n=0); Austria (n=6); Azerbaijan (n=1); Belgium (n=3); Brazil (n=2); China (n=1); Colombia (n=0); Czech Republic (n=2); Denmark (n=4); Finland (n=8); Greece (n=1); Hungary (n=0); India (n=3); Iran (n=1); Ireland (n=3); Israel (n=2); Italy (n=4); Jordan (n=1); Latvia (n=1); Lithuania (n=1); Mexico (n=1); New Zealand (n=3); Norway (n=4); Other / Prefer not to say (n=4); Poland (n=2); Portugal (n=1); Russia (n=1); Singapore (n=0); South Africa (n=3); Spain (n=3); Switzerland (n=6); Thailand (n=1); Uruguay (n=1); (not recorded) (n=37),False,,0.01,small
CLM-000223,country,kruskal_wallis,7.078754646224807,0.6289200931724326,0.8063078117595289,False,10,32,"Australia (n=22, mdn=2.0, IDK=0%); Austria (n=10, mdn=2.0, IDK=0%); Canada (n=52, mdn=3.0, IDK=4%); Finland (n=11, mdn=2.0, IDK=0%); France (n=16, mdn=2.0, IDK=0%); Germany (n=85, mdn=2.0, IDK=1%); Netherlands (n=45, mdn=2.0, IDK=2%); Sweden (n=23, mdn=2.0, IDK=8%); United Kingdom (n=78, mdn=2.0, IDK=4%); United States (n=251, mdn=2.0, IDK=2%)",Albania (n=1); Azerbaijan (n=1); Belgium (n=5); Brazil (n=3); China (n=1); Colombia (n=1); Czech Republic (n=2); Denmark (n=6); Greece (n=1); Hungary (n=1); India (n=3); Iran (n=1); Ireland (n=3); Israel (n=2); Italy (n=4); Jordan (n=1); Latvia (n=1); Lithuania (n=1); Mexico (n=1); New Zealand (n=7); Norway (n=5); Other / Prefer not to say (n=9); Poland (n=4); Portugal (n=1); Russia (n=1); Singapore (n=1); South Africa (n=3); Spain (n=5); Switzerland (n=7); Thailand (n=1); Uruguay (n=1); (not recorded) (n=53),False,,0.0,negligible
CLM-000045,country,kruskal_wallis,7.438727708115418,0.4901190671249257,0.7038406320070086,False,9,33,"Australia (n=22, mdn=4.0, IDK=0%); Canada (n=52, mdn=4.0, IDK=4%); Finland (n=11, mdn=3.0, IDK=0%); France (n=15, mdn=4.0, IDK=6%); Germany (n=82, mdn=4.0, IDK=5%); Netherlands (n=42, mdn=4.0, IDK=9%); Sweden (n=23, mdn=4.0, IDK=8%); United Kingdom (n=77, mdn=4.0, IDK=5%); United States (n=242, mdn=4.0, IDK=5%)",Albania (n=0); Austria (n=9); Azerbaijan (n=1); Belgium (n=4); Brazil (n=3); China (n=1); Colombia (n=1); Czech Republic (n=2); Denmark (n=6); Greece (n=1); Hungary (n=1); India (n=2); Iran (n=1); Ireland (n=4); Israel (n=2); Italy (n=4); Jordan (n=1); Latvia (n=1); Lithuania (n=1); Mexico (n=1); New Zealand (n=7); Norway (n=4); Other / Prefer not to say (n=9); Poland (n=4); Portugal (n=1); Russia (n=1); Singapore (n=1); South Africa (n=3); Spain (n=5); Switzerland (n=6); Thailand (n=1); Uruguay (n=1); (not recorded) (n=53),False,,0.0,negligible
CLM-000087,country,kruskal_wallis,11.122630969465405,0.1333586466012227,0.5654831134388372,False,8,34,"Australia (n=15, mdn=3.0, IDK=32%); Canada (n=40, mdn=4.0, IDK=26%); France (n=14, mdn=4.0, IDK=12%); Germany (n=64, mdn=3.0, IDK=26%); Netherlands (n=31, mdn=4.0, IDK=33%); Sweden (n=14, mdn=3.0, IDK=44%); United Kingdom (n=64, mdn=3.0, IDK=21%); United States (n=197, mdn=4.0, IDK=23%)",Albania (n=0); Austria (n=8); Azerbaijan (n=1); Belgium (n=3); Brazil (n=3); China (n=1); Colombia (n=1); Czech Republic (n=2); Denmark (n=4); Finland (n=8); Greece (n=0); Hungary (n=0); India (n=3); Iran (n=1); Ireland (n=4); Israel (n=1); Italy (n=4); Jordan (n=1); Latvia (n=1); Lithuania (n=0); Mexico (n=1); New Zealand (n=5); Norway (n=4); Other / Prefer not to say (n=7); Poland (n=4); Portugal (n=1); Russia (n=1); Singapore (n=1); South Africa (n=3); Spain (n=5); Switzerland (n=5); Thailand (n=1); Uruguay (n=0); (not recorded) (n=43),False,,0.0096,negligible
CLM-000178,country,kruskal_wallis,3.730649291032743,0.8102259089717588,0.900251009968621,False,8,34,"Australia (n=15, mdn=3.0, IDK=32%); Canada (n=39, mdn=3.0, IDK=28%); France (n=11, mdn=3.0, IDK=31%); Germany (n=64, mdn=2.5, IDK=26%); Netherlands (n=31, mdn=3.0, IDK=33%); Sweden (n=15, mdn=3.0, IDK=40%); United Kingdom (n=58, mdn=3.0, IDK=28%); United States (n=171, mdn=3.0, IDK=33%)",Albania (n=0); Austria (n=7); Azerbaijan (n=1); Belgium (n=4); Brazil (n=3); China (n=1); Colombia (n=1); Czech Republic (n=2); Denmark (n=4); Finland (n=7); Greece (n=1); Hungary (n=1); India (n=2); Iran (n=1); Ireland (n=2); Israel (n=0); Italy (n=3); Jordan (n=1); Latvia (n=1); Lithuania (n=0); Mexico (n=0); New Zealand (n=5); Norway (n=3); Other / Prefer not to say (n=8); Poland (n=4); Portugal (n=1); Russia (n=1); Singapore (n=1); South Africa (n=3); Spain (n=3); Switzerland (n=4); Thailand (n=1); Uruguay (n=1); (not recorded) (n=38),False,,0.0,negligible
CLM-000269,country,kruskal_wallis,17.584960255660825,0.024562690688913032,0.40937817814855054,False,9,33,"Australia (n=20, mdn=4.0, IDK=9%); Canada (n=49, mdn=5.0, IDK=9%); Finland (n=11, mdn=5.0, IDK=0%); France (n=16, mdn=5.0, IDK=0%); Germany (n=84, mdn=5.0, IDK=2%); Netherlands (n=45, mdn=5.0, IDK=2%); Sweden (n=24, mdn=5.0, IDK=4%); United Kingdom (n=78, mdn=5.0, IDK=4%); United States (n=252, mdn=5.0, IDK=2%)",Albania (n=1); Austria (n=9); Azerbaijan (n=1); Belgium (n=5); Brazil (n=3); China (n=1); Colombia (n=1); Czech Republic (n=2); Denmark (n=6); Greece (n=1); Hungary (n=1); India (n=3); Iran (n=1); Ireland (n=5); Israel (n=2); Italy (n=4); Jordan (n=1); Latvia (n=1); Lithuania (n=1); Mexico (n=1); New Zealand (n=7); Norway (n=5); Other / Prefer not to say (n=9); Poland (n=3); Portugal (n=1); Russia (n=1); Singapore (n=1); South Africa (n=3); Spain (n=5); Switzerland (n=6); Thailand (n=1); Uruguay (n=1); (not recorded) (n=55),False,,0.0168,small
CLM-000238,country,kruskal_wallis,6.896835905492699,0.330493289952354,0.6218454638705235,False,7,35,"Australia (n=12, mdn=3.0, IDK=45%); Canada (n=31, mdn=4.0, IDK=43%); Germany (n=51, mdn=4.0, IDK=41%); Netherlands (n=20, mdn=3.0, IDK=57%); Sweden (n=13, mdn=3.0, IDK=48%); United Kingdom (n=43, mdn=3.0, IDK=47%); United States (n=156, mdn=3.0, IDK=39%)",Albania (n=0); Austria (n=5); Azerbaijan (n=0); Belgium (n=2); Brazil (n=2); China (n=0); Colombia (n=1); Czech Republic (n=2); Denmark (n=2); Finland (n=3); France (n=9); Greece (n=1); Hungary (n=1); India (n=3); Iran (n=1); Ireland (n=2); Israel (n=0); Italy (n=3); Jordan (n=1); Latvia (n=0); Lithuania (n=0); Mexico (n=0); New Zealand (n=5); Norway (n=3); Other / Prefer not to say (n=5); Poland (n=3); Portugal (n=0); Russia (n=1); Singapore (n=1); South Africa (n=2); Spain (n=3); Switzerland (n=3); Thailand (n=1); Uruguay (n=0); (not recorded) (n=35),False,,0.0028,negligible
CLM-000361,country,kruskal_wallis,5.554686899104635,0.13540407831586093,0.5654831134388372,False,4,38,"Canada (n=26, mdn=4.0, IDK=52%); Germany (n=20, mdn=3.0, IDK=77%); United Kingdom (n=33, mdn=3.0, IDK=59%); United States (n=125, mdn=3.0, IDK=51%)",Albania (n=0); Australia (n=8); Austria (n=3); Azerbaijan (n=1); Belgium (n=2); Brazil (n=1); China (n=1); Colombia (n=0); Czech Republic (n=2); Denmark (n=0); Finland (n=3); France (n=4); Greece (n=0); Hungary (n=0); India (n=0); Iran (n=1); Ireland (n=2); Israel (n=0); Italy (n=3); Jordan (n=1); Latvia (n=1); Lithuania (n=0); Mexico (n=0); Netherlands (n=9); New Zealand (n=3); Norway (n=1); Other / Prefer not to say (n=1); Poland (n=3); Portugal (n=0); Russia (n=0); Singapore (n=1); South Africa (n=2); Spain (n=3); Sweden (n=5); Switzerland (n=0); Thailand (n=1); Uruguay (n=1); (not recorded) (n=18),False,,0.0128,small
CLM-000450,country,kruskal_wallis,6.938302919939043,0.43533192640308627,0.7021482683920747,False,8,34,"Australia (n=18, mdn=4.0, IDK=18%); Canada (n=48, mdn=4.0, IDK=11%); France (n=13, mdn=3.0, IDK=19%); Germany (n=66, mdn=4.0, IDK=23%); Netherlands (n=29, mdn=4.0, IDK=37%); Sweden (n=17, mdn=4.0, IDK=32%); United Kingdom (n=65, mdn=4.0, IDK=20%); United States (n=206, mdn=4.0, IDK=20%)",Albania (n=1); Austria (n=8); Azerbaijan (n=1); Belgium (n=5); Brazil (n=3); China (n=1); Colombia (n=1); Czech Republic (n=2); Denmark (n=6); Finland (n=7); Greece (n=1); Hungary (n=0); India (n=3); Iran (n=1); Ireland (n=3); Israel (n=1); Italy (n=4); Jordan (n=0); Latvia (n=1); Lithuania (n=0); Mexico (n=0); New Zealand (n=6); Norway (n=2); Other / Prefer not to say (n=9); Poland (n=4); Portugal (n=1); Russia (n=1); Singapore (n=0); South Africa (n=2); Spain (n=3); Switzerland (n=7); Thailand (n=1); Uruguay (n=1); (not recorded) (n=40),False,,0.0,negligible
CLM-000142,country,kruskal_wallis,11.765398288009212,0.2268604756697277,0.614637422679779,False,10,32,"Australia (n=21, mdn=4.0, IDK=5%); Canada (n=51, mdn=4.0, IDK=6%); Finland (n=10, mdn=5.0, IDK=9%); France (n=15, mdn=4.0, IDK=6%); Germany (n=85, mdn=4.0, IDK=1%); Netherlands (n=43, mdn=4.0, IDK=7%); Other / Prefer not to say (n=10, mdn=4.0, IDK=9%); Sweden (n=24, mdn=4.0, IDK=4%); United Kingdom (n=77, mdn=4.0, IDK=5%); United States (n=246, mdn=4.0, IDK=4%)",Albania (n=1); Austria (n=8); Azerbaijan (n=1); Belgium (n=5); Brazil (n=3); China (n=1); Colombia (n=1); Czech Republic (n=2); Denmark (n=6); Greece (n=1); Hungary (n=1); India (n=3); Iran (n=1); Ireland (n=4); Israel (n=2); Italy (n=4); Jordan (n=1); Latvia (n=1); Lithuania (n=1); Mexico (n=1); New Zealand (n=7); Norway (n=5); Poland (n=4); Portugal (n=1); Russia (n=1); Singapore (n=1); South Africa (n=3); Spain (n=4); Switzerland (n=7); Thailand (n=1); Uruguay (n=1); (not recorded) (n=54),False,,0.0048,negligible
CLM-000496,country,kruskal_wallis,16.305603156393015,0.03820910089729401,0.47761376121617516,False,9,33,"Australia (n=20, mdn=4.0, IDK=9%); Austria (n=10, mdn=4.0, IDK=0%); Canada (n=50, mdn=4.0, IDK=7%); France (n=15, mdn=4.0, IDK=6%); Germany (n=73, mdn=4.0, IDK=15%); Netherlands (n=37, mdn=4.0, IDK=20%); Sweden (n=22, mdn=4.0, IDK=12%); United Kingdom (n=74, mdn=4.0, IDK=9%); United States (n=225, mdn=4.0, IDK=12%)",Albania (n=0); Azerbaijan (n=1); Belgium (n=4); Brazil (n=3); China (n=1); Colombia (n=1); Czech Republic (n=2); Denmark (n=6); Finland (n=9); Greece (n=1); Hungary (n=1); India (n=1); Iran (n=1); Ireland (n=3); Israel (n=1); Italy (n=4); Jordan (n=1); Latvia (n=1); Lithuania (n=1); Mexico (n=1); New Zealand (n=7); Norway (n=5); Other / Prefer not to say (n=8); Poland (n=3); Portugal (n=0); Russia (n=1); Singapore (n=1); South Africa (n=2); Spain (n=4); Switzerland (n=6); Thailand (n=1); Uruguay (n=1); (not recorded) (n=46),False,,0.0161,small
CLM-000169,country,kruskal_wallis,5.03474917146448,0.7538557184004935,0.8932232922191774,False,9,33,"Australia (n=22, mdn=4.0, IDK=0%); Canada (n=41, mdn=4.0, IDK=24%); Finland (n=10, mdn=4.0, IDK=9%); France (n=14, mdn=4.0, IDK=12%); Germany (n=77, mdn=4.0, IDK=10%); Netherlands (n=39, mdn=4.0, IDK=15%); Sweden (n=20, mdn=4.0, IDK=20%); United Kingdom (n=70, mdn=4.0, IDK=14%); United States (n=226, mdn=4.0, IDK=12%)",Albania (n=0); Austria (n=8); Azerbaijan (n=1); Belgium (n=4); Brazil (n=3); China (n=1); Colombia (n=1); Czech Republic (n=2); Denmark (n=4); Greece (n=1); Hungary (n=0); India (n=2); Iran (n=1); Ireland (n=5); Israel (n=2); Italy (n=4); Jordan (n=1); Latvia (n=1); Lithuania (n=1); Mexico (n=1); New Zealand (n=5); Norway (n=4); Other / Prefer not to say (n=7); Poland (n=3); Portugal (n=1); Russia (n=1); Singapore (n=1); South Africa (n=3); Spain (n=5); Switzerland (n=7); Thailand (n=1); Uruguay (n=1); (not recorded) (n=46),False,,0.0,negligible
CLM-000036,country,kruskal_wallis,10.937863976270972,0.09031590980525361,0.5654831134388372,False,7,35,"Australia (n=13, mdn=4.0, IDK=41%); Canada (n=36, mdn=4.0, IDK=33%); Germany (n=49, mdn=4.0, IDK=43%); Netherlands (n=23, mdn=4.0, IDK=50%); Sweden (n=11, mdn=4.0, IDK=56%); United Kingdom (n=57, mdn=4.0, IDK=30%); United States (n=172, mdn=4.0, IDK=33%)",Albania (n=0); Austria (n=7); Azerbaijan (n=1); Belgium (n=4); Brazil (n=3); China (n=1); Colombia (n=1); Czech Republic (n=2); Denmark (n=2); Finland (n=4); France (n=7); Greece (n=1); Hungary (n=0); India (n=2); Iran (n=1); Ireland (n=3); Israel (n=1); Italy (n=2); Jordan (n=1); Latvia (n=1); Lithuania (n=0); Mexico (n=0); New Zealand (n=4); Norway (n=4); Other / Prefer not to say (n=6); Poland (n=1); Portugal (n=0); Russia (n=1); Singapore (n=1); South Africa (n=3); Spain (n=1); Switzerland (n=4); Thailand (n=1); Uruguay (n=1); (not recorded) (n=32),False,,0.0139,small
CLM-000210,country,kruskal_wallis,10.644155184890586,0.300890768578334,0.6218454638705235,False,10,32,"Australia (n=20, mdn=3.5, IDK=9%); Canada (n=49, mdn=4.0, IDK=9%); Finland (n=10, mdn=3.0, IDK=9%); France (n=14, mdn=3.0, IDK=12%); Germany (n=80, mdn=4.0, IDK=7%); Netherlands (n=41, mdn=4.0, IDK=11%); Other / Prefer not to say (n=10, mdn=3.5, IDK=9%); Sweden (n=22, mdn=4.0, IDK=12%); United Kingdom (n=72, mdn=3.5, IDK=11%); United States (n=239, mdn=4.0, IDK=7%)",Albania (n=1); Austria (n=8); Azerbaijan (n=1); Belgium (n=4); Brazil (n=3); China (n=1); Colombia (n=1); Czech Republic (n=2); Denmark (n=5); Greece (n=1); Hungary (n=1); India (n=1); Iran (n=1); Ireland (n=3); Israel (n=2); Italy (n=4); Jordan (n=1); Latvia (n=1); Lithuania (n=0); Mexico (n=0); New Zealand (n=7); Norway (n=4); Poland (n=4); Portugal (n=0); Russia (n=1); Singapore (n=1); South Africa (n=3); Spain (n=5); Switzerland (n=6); Thailand (n=1); Uruguay (n=1); (not recorded) (n=50),False,,0.003,negligible
CLM-000581,country,kruskal_wallis,6.619116997899336,0.4695837263732552,0.7038406320070086,False,8,34,"Australia (n=20, mdn=2.0, IDK=9%); Canada (n=46, mdn=3.0, IDK=15%); France (n=16, mdn=2.5, IDK=0%); Germany (n=77, mdn=3.0, IDK=10%); Netherlands (n=43, mdn=3.0, IDK=7%); Sweden (n=17, mdn=2.0, IDK=32%); United Kingdom (n=77, mdn=3.0, IDK=5%); United States (n=229, mdn=3.0, IDK=11%)",Albania (n=0); Austria (n=9); Azerbaijan (n=1); Belgium (n=4); Brazil (n=3); China (n=1); Colombia (n=1); Czech Republic (n=2); Denmark (n=5); Finland (n=9); Greece (n=1); Hungary (n=0); India (n=2); Iran (n=1); Ireland (n=3); Israel (n=2); Italy (n=4); Jordan (n=1); Latvia (n=1); Lithuania (n=1); Mexico (n=1); New Zealand (n=7); Norway (n=3); Other / Prefer not to say (n=9); Poland (n=4); Portugal (n=1); Russia (n=1); Singapore (n=1); South Africa (n=3); Spain (n=5); Switzerland (n=7); Thailand (n=1); Uruguay (n=1); (not recorded) (n=49),False,,0.0,negligible
CLM-000242,country,kruskal_wallis,4.132407017260212,0.9024835248701255,0.9400870050730474,False,10,32,"Australia (n=22, mdn=4.0, IDK=0%); Austria (n=10, mdn=4.0, IDK=0%); Canada (n=51, mdn=4.0, IDK=6%); Finland (n=11, mdn=4.0, IDK=0%); France (n=15, mdn=4.0, IDK=6%); Germany (n=82, mdn=4.0, IDK=5%); Netherlands (n=45, mdn=4.0, IDK=2%); Sweden (n=23, mdn=4.0, IDK=8%); United Kingdom (n=79, mdn=4.0, IDK=2%); United States (n=248, mdn=4.0, IDK=3%)",Albania (n=1); Azerbaijan (n=1); Belgium (n=5); Brazil (n=3); China (n=1); Colombia (n=1); Czech Republic (n=2); Denmark (n=5); Greece (n=1); Hungary (n=0); India (n=3); Iran (n=1); Ireland (n=4); Israel (n=2); Italy (n=4); Jordan (n=1); Latvia (n=1); Lithuania (n=1); Mexico (n=1); New Zealand (n=7); Norway (n=5); Other / Prefer not to say (n=9); Poland (n=4); Portugal (n=1); Russia (n=1); Singapore (n=1); South Africa (n=3); Spain (n=5); Switzerland (n=7); Thailand (n=1); Uruguay (n=1); (not recorded) (n=55),False,,0.0,negligible
CLM-000199,country,kruskal_wallis,5.613634550868664,0.6904203347405827,0.8419760179763205,False,9,33,"Australia (n=21, mdn=4.0, IDK=5%); Canada (n=53, mdn=4.0, IDK=2%); Finland (n=11, mdn=5.0, IDK=0%); France (n=16, mdn=4.0, IDK=0%); Germany (n=85, mdn=5.0, IDK=1%); Netherlands (n=46, mdn=4.0, IDK=0%); Sweden (n=24, mdn=4.0, IDK=4%); United Kingdom (n=81, mdn=4.0, IDK=0%); United States (n=253, mdn=4.0, IDK=1%)",Albania (n=1); Austria (n=9); Azerbaijan (n=1); Belgium (n=5); Brazil (n=3); China (n=1); Colombia (n=1); Czech Republic (n=2); Denmark (n=6); Greece (n=1); Hungary (n=1); India (n=3); Iran (n=1); Ireland (n=4); Israel (n=2); Italy (n=4); Jordan (n=1); Latvia (n=1); Lithuania (n=1); Mexico (n=1); New Zealand (n=7); Norway (n=5); Other / Prefer not to say (n=9); Poland (n=4); Portugal (n=1); Russia (n=1); Singapore (n=1); South Africa (n=3); Spain (n=5); Switzerland (n=6); Thailand (n=1); Uruguay (n=1); (not recorded) (n=55),False,,0.0,negligible
CLM-000007,country,kruskal_wallis,11.765471206276848,0.22685616193590652,0.614637422679779,False,10,32,"Australia (n=21, mdn=2.0, IDK=5%); Canada (n=50, mdn=2.0, IDK=7%); Finland (n=11, mdn=2.0, IDK=0%); France (n=16, mdn=2.0, IDK=0%); Germany (n=81, mdn=2.0, IDK=6%); Netherlands (n=41, mdn=2.0, IDK=11%); Other / Prefer not to say (n=10, mdn=2.0, IDK=9%); Sweden (n=21, mdn=2.0, IDK=16%); United Kingdom (n=77, mdn=2.0, IDK=5%); United States (n=236, mdn=2.0, IDK=8%)",Albania (n=0); Austria (n=9); Azerbaijan (n=1); Belgium (n=5); Brazil (n=3); China (n=1); Colombia (n=1); Czech Republic (n=2); Denmark (n=6); Greece (n=1); Hungary (n=1); India (n=3); Iran (n=1); Ireland (n=4); Israel (n=2); Italy (n=4); Jordan (n=1); Latvia (n=1); Lithuania (n=1); Mexico (n=1); New Zealand (n=7); Norway (n=5); Poland (n=1); Portugal (n=1); Russia (n=1); Singapore (n=1); South Africa (n=3); Spain (n=5); Switzerland (n=7); Thailand (n=1); Uruguay (n=1); (not recorded) (n=49),False,,0.005,negligible
CLM-000486,country,kruskal_wallis,3.945468881432783,0.7860364971528762,0.8932232922191774,False,8,34,"Australia (n=19, mdn=3.0, IDK=14%); Canada (n=45, mdn=3.0, IDK=17%); France (n=11, mdn=3.0, IDK=31%); Germany (n=70, mdn=3.0, IDK=19%); Netherlands (n=29, mdn=3.0, IDK=37%); Sweden (n=16, mdn=2.5, IDK=36%); United Kingdom (n=54, mdn=3.0, IDK=33%); United States (n=196, mdn=3.0, IDK=23%)",Albania (n=0); Austria (n=7); Azerbaijan (n=0); Belgium (n=4); Brazil (n=3); China (n=1); Colombia (n=1); Czech Republic (n=2); Denmark (n=6); Finland (n=7); Greece (n=1); Hungary (n=0); India (n=2); Iran (n=1); Ireland (n=2); Israel (n=2); Italy (n=4); Jordan (n=1); Latvia (n=1); Lithuania (n=0); Mexico (n=0); New Zealand (n=5); Norway (n=2); Other / Prefer not to say (n=9); Poland (n=3); Portugal (n=1); Russia (n=1); Singapore (n=1); South Africa (n=3); Spain (n=3); Switzerland (n=6); Thailand (n=1); Uruguay (n=1); (not recorded) (n=43),False,,0.0,negligible
CLM-000109,country,kruskal_wallis,7.707551886240617,0.5638652952374167,0.7419280200492325,False,10,32,"Australia (n=18, mdn=4.0, IDK=18%); Canada (n=47, mdn=4.0, IDK=13%); Finland (n=11, mdn=4.0, IDK=0%); France (n=16, mdn=5.0, IDK=0%); Germany (n=81, mdn=4.0, IDK=6%); Netherlands (n=42, mdn=4.0, IDK=9%); Other / Prefer not to say (n=10, mdn=4.0, IDK=9%); Sweden (n=22, mdn=4.0, IDK=12%); United Kingdom (n=79, mdn=4.0, IDK=2%); United States (n=241, mdn=4.0, IDK=6%)",Albania (n=1); Austria (n=9); Azerbaijan (n=1); Belgium (n=4); Brazil (n=3); China (n=1); Colombia (n=1); Czech Republic (n=2); Denmark (n=6); Greece (n=1); Hungary (n=1); India (n=3); Iran (n=1); Ireland (n=5); Israel (n=0); Italy (n=4); Jordan (n=1); Latvia (n=1); Lithuania (n=0); Mexico (n=1); New Zealand (n=7); Norway (n=5); Poland (n=4); Portugal (n=1); Russia (n=0); Singapore (n=1); South Africa (n=3); Spain (n=5); Switzerland (n=7); Thailand (n=1); Uruguay (n=1); (not recorded) (n=48),False,,0.0,negligible
CLM-000190,country,kruskal_wallis,7.147157241085102,0.5208420676851864,0.7038406320070086,False,9,33,"Australia (n=21, mdn=4.0, IDK=5%); Austria (n=10, mdn=4.0, IDK=0%); Canada (n=47, mdn=4.0, IDK=13%); France (n=15, mdn=4.0, IDK=6%); Germany (n=83, mdn=4.0, IDK=3%); Netherlands (n=44, mdn=4.0, IDK=4%); Sweden (n=22, mdn=4.0, IDK=12%); United Kingdom (n=78, mdn=4.0, IDK=4%); United States (n=246, mdn=4.0, IDK=4%)",Albania (n=1); Azerbaijan (n=1); Belgium (n=5); Brazil (n=3); China (n=1); Colombia (n=1); Czech Republic (n=2); Denmark (n=6); Finland (n=9); Greece (n=1); Hungary (n=1); India (n=3); Iran (n=1); Ireland (n=4); Israel (n=2); Italy (n=4); Jordan (n=1); Latvia (n=1); Lithuania (n=1); Mexico (n=1); New Zealand (n=7); Norway (n=5); Other / Prefer not to say (n=9); Poland (n=4); Portugal (n=1); Russia (n=1); Singapore (n=1); South Africa (n=3); Spain (n=5); Switzerland (n=6); Thailand (n=1); Uruguay (n=0); (not recorded) (n=52),False,,0.0,negligible
CLM-000374,country,kruskal_wallis,3.5053754470213736,0.3200656122873082,0.6218454638705235,False,4,38,"Canada (n=25, mdn=3.0, IDK=54%); Germany (n=28, mdn=3.0, IDK=67%); United Kingdom (n=32, mdn=3.0, IDK=60%); United States (n=96, mdn=3.0, IDK=62%)",Albania (n=0); Australia (n=9); Austria (n=1); Azerbaijan (n=1); Belgium (n=4); Brazil (n=1); China (n=1); Colombia (n=0); Czech Republic (n=2); Denmark (n=0); Finland (n=4); France (n=7); Greece (n=0); Hungary (n=0); India (n=0); Iran (n=1); Ireland (n=1); Israel (n=1); Italy (n=2); Jordan (n=1); Latvia (n=1); Lithuania (n=0); Mexico (n=0); Netherlands (n=8); New Zealand (n=4); Norway (n=1); Other / Prefer not to say (n=3); Poland (n=4); Portugal (n=0); Russia (n=0); Singapore (n=0); South Africa (n=1); Spain (n=3); Sweden (n=4); Switzerland (n=0); Thailand (n=1); Uruguay (n=1); (not recorded) (n=18),False,,0.0029,negligible
CLM-000122,country,kruskal_wallis,7.9795068107020946,0.2396085382654087,0.614637422679779,False,7,35,"Australia (n=20, mdn=3.0, IDK=9%); Canada (n=43, mdn=3.0, IDK=20%); Germany (n=68, mdn=3.0, IDK=21%); Netherlands (n=37, mdn=4.0, IDK=20%); Sweden (n=20, mdn=4.0, IDK=20%); United Kingdom (n=70, mdn=3.0, IDK=14%); United States (n=212, mdn=3.0, IDK=17%)",Albania (n=1); Austria (n=7); Azerbaijan (n=1); Belgium (n=4); Brazil (n=2); China (n=1); Colombia (n=1); Czech Republic (n=2); Denmark (n=3); Finland (n=9); France (n=9); Greece (n=1); Hungary (n=0); India (n=2); Iran (n=1); Ireland (n=3); Israel (n=1); Italy (n=4); Jordan (n=1); Latvia (n=1); Lithuania (n=1); Mexico (n=0); New Zealand (n=7); Norway (n=4); Other / Prefer not to say (n=8); Poland (n=4); Portugal (n=1); Russia (n=1); Singapore (n=1); South Africa (n=3); Spain (n=5); Switzerland (n=5); Thailand (n=1); Uruguay (n=0); (not recorded) (n=47),False,,0.0043,negligible
CLM-000097,country,kruskal_wallis,16.973006326056225,0.04914037616575946,0.4914037616575946,False,10,32,"Australia (n=21, mdn=4.0, IDK=5%); Canada (n=48, mdn=5.0, IDK=11%); Finland (n=11, mdn=4.0, IDK=0%); France (n=15, mdn=4.0, IDK=6%); Germany (n=84, mdn=4.0, IDK=2%); Netherlands (n=44, mdn=4.0, IDK=4%); Other / Prefer not to say (n=10, mdn=4.0, IDK=9%); Sweden (n=23, mdn=4.0, IDK=8%); United Kingdom (n=76, mdn=4.0, IDK=6%); United States (n=247, mdn=4.0, IDK=4%)",Albania (n=0); Austria (n=8); Azerbaijan (n=1); Belgium (n=5); Brazil (n=3); China (n=1); Colombia (n=1); Czech Republic (n=2); Denmark (n=5); Greece (n=1); Hungary (n=1); India (n=3); Iran (n=1); Ireland (n=4); Israel (n=2); Italy (n=4); Jordan (n=1); Latvia (n=1); Lithuania (n=1); Mexico (n=1); New Zealand (n=7); Norway (n=5); Poland (n=4); Portugal (n=1); Russia (n=1); Singapore (n=1); South Africa (n=3); Spain (n=5); Switzerland (n=7); Thailand (n=1); Uruguay (n=1); (not recorded) (n=53),False,,0.014,small
CLM-000201,country,kruskal_wallis,15.098981964172658,0.08825274801512321,0.5654831134388372,False,10,32,"Australia (n=20, mdn=4.0, IDK=9%); Canada (n=51, mdn=4.0, IDK=6%); Finland (n=10, mdn=4.0, IDK=9%); France (n=16, mdn=4.0, IDK=0%); Germany (n=86, mdn=4.0, IDK=0%); Netherlands (n=46, mdn=4.0, IDK=0%); Other / Prefer not to say (n=10, mdn=4.0, IDK=9%); Sweden (n=24, mdn=3.5, IDK=4%); United Kingdom (n=77, mdn=4.0, IDK=5%); United States (n=250, mdn=4.0, IDK=2%)",Albania (n=1); Austria (n=9); Azerbaijan (n=1); Belgium (n=5); Brazil (n=3); China (n=1); Colombia (n=1); Czech Republic (n=2); Denmark (n=6); Greece (n=1); Hungary (n=0); India (n=3); Iran (n=1); Ireland (n=4); Israel (n=2); Italy (n=4); Jordan (n=1); Latvia (n=1); Lithuania (n=1); Mexico (n=1); New Zealand (n=7); Norway (n=5); Poland (n=4); Portugal (n=1); Russia (n=1); Singapore (n=1); South Africa (n=3); Spain (n=5); Switzerland (n=7); Thailand (n=1); Uruguay (n=1); (not recorded) (n=53),False,,0.0105,small
CLM-000180,country,kruskal_wallis,2.6515621472003557,0.9542884546932352,0.9542884546932352,False,9,33,"Australia (n=21, mdn=4.0, IDK=5%); Canada (n=50, mdn=4.0, IDK=7%); Finland (n=11, mdn=4.0, IDK=0%); France (n=16, mdn=4.0, IDK=0%); Germany (n=81, mdn=4.0, IDK=6%); Netherlands (n=46, mdn=4.0, IDK=0%); Sweden (n=23, mdn=4.0, IDK=8%); United Kingdom (n=80, mdn=4.0, IDK=1%); United States (n=250, mdn=4.0, IDK=2%)",Albania (n=1); Austria (n=9); Azerbaijan (n=1); Belgium (n=4); Brazil (n=3); China (n=1); Colombia (n=1); Czech Republic (n=2); Denmark (n=5); Greece (n=1); Hungary (n=1); India (n=3); Iran (n=1); Ireland (n=4); Israel (n=1); Italy (n=4); Jordan (n=1); Latvia (n=1); Lithuania (n=1); Mexico (n=1); New Zealand (n=7); Norway (n=5); Other / Prefer not to say (n=9); Poland (n=4); Portugal (n=1); Russia (n=1); Singapore (n=1); South Africa (n=3); Spain (n=5); Switzerland (n=7); Thailand (n=1); Uruguay (n=1); (not recorded) (n=50),False,,0.0,negligible
CLM-000502,country,kruskal_wallis,7.591142124767221,0.6687043022425139,0.8358803778031423,False,11,31,"Australia (n=22, mdn=4.0, IDK=0%); Austria (n=10, mdn=4.0, IDK=0%); Canada (n=52, mdn=4.0, IDK=4%); Finland (n=11, mdn=4.0, IDK=0%); France (n=16, mdn=5.0, IDK=0%); Germany (n=84, mdn=4.0, IDK=2%); Netherlands (n=46, mdn=4.0, IDK=0%); Other / Prefer not to say (n=10, mdn=5.0, IDK=9%); Sweden (n=24, mdn=4.0, IDK=4%); United Kingdom (n=80, mdn=4.0, IDK=1%); United States (n=254, mdn=4.0, IDK=1%)",Albania (n=1); Azerbaijan (n=1); Belgium (n=5); Brazil (n=3); China (n=1); Colombia (n=1); Czech Republic (n=2); Denmark (n=6); Greece (n=1); Hungary (n=1); India (n=3); Iran (n=1); Ireland (n=4); Israel (n=2); Italy (n=4); Jordan (n=1); Latvia (n=1); Lithuania (n=1); Mexico (n=1); New Zealand (n=7); Norway (n=5); Poland (n=4); Portugal (n=1); Russia (n=1); Singapore (n=1); South Africa (n=3); Spain (n=5); Switzerland (n=6); Thailand (n=1); Uruguay (n=1); (not recorded) (n=52),False,,0.0,negligible
CLM-000129,country,kruskal_wallis,5.584556599100728,0.7806691293646966,0.8932232922191774,False,10,32,"Australia (n=20, mdn=4.0, IDK=9%); Austria (n=10, mdn=4.0, IDK=0%); Canada (n=50, mdn=4.0, IDK=7%); Finland (n=11, mdn=4.0, IDK=0%); France (n=14, mdn=4.0, IDK=12%); Germany (n=80, mdn=4.0, IDK=7%); Netherlands (n=39, mdn=4.0, IDK=15%); Sweden (n=21, mdn=4.0, IDK=16%); United Kingdom (n=76, mdn=4.0, IDK=6%); United States (n=236, mdn=4.0, IDK=8%)",Albania (n=0); Azerbaijan (n=1); Belgium (n=5); Brazil (n=3); China (n=1); Colombia (n=1); Czech Republic (n=2); Denmark (n=6); Greece (n=1); Hungary (n=1); India (n=3); Iran (n=1); Ireland (n=4); Israel (n=2); Italy (n=4); Jordan (n=1); Latvia (n=1); Lithuania (n=1); Mexico (n=1); New Zealand (n=7); Norway (n=4); Other / Prefer not to say (n=8); Poland (n=3); Portugal (n=1); Russia (n=1); Singapore (n=1); South Africa (n=3); Spain (n=4); Switzerland (n=7); Thailand (n=1); Uruguay (n=1); (not recorded) (n=49),False,,0.0,negligible
CLM-000032,country,kruskal_wallis,3.048087969784651,0.8805183336163326,0.9367216315067368,False,8,34,"Australia (n=17, mdn=4.0, IDK=23%); Canada (n=45, mdn=4.0, IDK=17%); France (n=15, mdn=4.0, IDK=6%); Germany (n=69, mdn=4.0, IDK=20%); Netherlands (n=39, mdn=4.0, IDK=15%); Sweden (n=17, mdn=4.0, IDK=32%); United Kingdom (n=70, mdn=4.0, IDK=14%); United States (n=213, mdn=4.0, IDK=17%)",Albania (n=0); Austria (n=8); Azerbaijan (n=1); Belgium (n=5); Brazil (n=3); China (n=1); Colombia (n=1); Czech Republic (n=2); Denmark (n=4); Finland (n=7); Greece (n=1); Hungary (n=1); India (n=3); Iran (n=1); Ireland (n=4); Israel (n=2); Italy (n=4); Jordan (n=1); Latvia (n=1); Lithuania (n=0); Mexico (n=1); New Zealand (n=6); Norway (n=4); Other / Prefer not to say (n=8); Poland (n=3); Portugal (n=1); Russia (n=0); Singapore (n=1); South Africa (n=3); Spain (n=5); Switzerland (n=6); Thailand (n=1); Uruguay (n=1); (not recorded) (n=42),False,,0.0,negligible
