claim_id,book_id,book_title,chapter_title,section_title,paragraph_index,location_text,ebook_locator,claim_text,sentence_index,citation_status,citation_marker_text,citation_marker_location_text,citation_context,confidence,notes,verified,verifier,verification_notes
CLM-000215,51232aa625f0bee54b790b1af18d8865472c0c63,The Manager's Path: A Guide for Tech Leaders Navigating Growth and Change,Praise for The Manager’s Path,,1,Praise for The Manager’s Path >  > para 1,epub:spine=0;para=1,"It’s not a generic management book.” Without hesitation I recommend this book for literally everyone who works in or around software engineering, at whatever level, whether or not you believe management is for you.",1,not_cited,,,,0.75,,,,
CLM-000216,51232aa625f0bee54b790b1af18d8865472c0c63,The Manager's Path: A Guide for Tech Leaders Navigating Growth and Change,Praise for The Manager’s Path,,1,Praise for The Manager’s Path >  > para 1,epub:spine=0;para=1,"In software engineering we often treat management as something between a fate to be avoided, an obstacle, and a reward for being the loudest person in the room.",2,not_cited,,,,0.6000000000000001,,,,
CLM-000217,51232aa625f0bee54b790b1af18d8865472c0c63,The Manager's Path: A Guide for Tech Leaders Navigating Growth and Change,What to Expect from a Manager,,5,What to Expect from a Manager >  > para 5,epub:spine=6;para=5,"At a minimum, there are a few tasks that you should expect your manager to perform as needed, in order to keep you and your team on track.",0,not_cited,,,,0.75,,,,
CLM-000218,51232aa625f0bee54b790b1af18d8865472c0c63,The Manager's Path: A Guide for Tech Leaders Navigating Growth and Change,What to Expect from a Manager,One-on-One Meetings,8,What to Expect from a Manager > One-on-One Meetings > para 8,epub:spine=6;para=8,"The bedrock of strong teams is human connection, which leads to trust.",4,not_cited,,,,0.7000000000000001,,,,
CLM-000219,51232aa625f0bee54b790b1af18d8865472c0c63,The Manager's Path: A Guide for Tech Leaders Navigating Growth and Change,What to Expect from a Manager,Feedback and Workplace Guidance,15,What to Expect from a Manager > Feedback and Workplace Guidance > para 15,epub:spine=6;para=15,"If you’ve written a design doc, she should be able to provide ideas of areas for improvement.",2,not_cited,,,,0.75,,,,
CLM-000220,51232aa625f0bee54b790b1af18d8865472c0c63,The Manager's Path: A Guide for Tech Leaders Navigating Growth and Change,What to Expect from a Manager,Feedback and Workplace Guidance,15,What to Expect from a Manager > Feedback and Workplace Guidance > para 15,epub:spine=6;para=15,"As engineers, we get code feedback mostly from our peers, but you will do things other than code, and your manager should act as a resource to help you improve those things.",3,not_cited,,,,0.75,,,,
CLM-000221,51232aa625f0bee54b790b1af18d8865472c0c63,The Manager's Path: A Guide for Tech Leaders Navigating Growth and Change,What to Expect from a Manager,Feedback and Workplace Guidance,16,What to Expect from a Manager > Feedback and Workplace Guidance > para 16,epub:spine=6;para=16,"If you’re struggling with a teammate or a person on another team, your manager should be there to help you navigate that situation, and she can work with the other person or team as necessary to help you get to resolution.",2,not_cited,,,,0.7,,,,
CLM-000222,51232aa625f0bee54b790b1af18d8865472c0c63,The Manager's Path: A Guide for Tech Leaders Navigating Growth and Change,What to Expect from a Manager,Feedback and Workplace Guidance,17,What to Expect from a Manager > Feedback and Workplace Guidance > para 17,epub:spine=6;para=17,"Your manager should be the person who shows you the larger picture of how your work fits into the team’s goals, and helps you feel a sense of purpose in the day-to-day work.",2,not_cited,,,,0.75,,,,
CLM-000223,51232aa625f0bee54b790b1af18d8865472c0c63,The Manager's Path: A Guide for Tech Leaders Navigating Growth and Change,What to Expect from a Manager,Feedback and Workplace Guidance,18,What to Expect from a Manager > Feedback and Workplace Guidance > para 18,epub:spine=6;para=18,"It’s even more important as you become more senior that you feel comfortable driving your 1-1s and bringing topics for discussion or feedback to your manager, because she is otherwise unlikely to spend a lot of time on this outside of performance reviews.",3,not_cited,,,,0.6000000000000001,,,,
CLM-000224,51232aa625f0bee54b790b1af18d8865472c0c63,The Manager's Path: A Guide for Tech Leaders Navigating Growth and Change,What to Expect from a Manager,Training and Career Growth,23,What to Expect from a Manager > Training and Career Growth > para 23,epub:spine=6;para=23,"Managers usually cannot guarantee promotions, but good managers know what the system is looking for and can help you build those achievements and skills.",2,not_cited,,,,0.55,,,,
CLM-000225,51232aa625f0bee54b790b1af18d8865472c0c63,The Manager's Path: A Guide for Tech Leaders Navigating Growth and Change,What to Expect from a Manager,Ask the CTO: Big Ambitions,27,What to Expect from a Manager > Ask the CTO: Big Ambitions > para 27,epub:spine=6;para=27,One thing that early career engineers often don’t appreciate is how their current peers will turn into their future jobs.,1,not_cited,,,,0.6000000000000001,,,,
CLM-000226,51232aa625f0bee54b790b1af18d8865472c0c63,The Manager's Path: A Guide for Tech Leaders Navigating Growth and Change,Chapter 2. Mentoring,,0,Chapter 2. Mentoring >  > para 0,epub:spine=7;para=0,The first act of people management for many engineers is often unofficial.,0,not_cited,,,,0.6000000000000001,,,,
CLM-000227,51232aa625f0bee54b790b1af18d8865472c0c63,The Manager's Path: A Guide for Tech Leaders Navigating Growth and Change,Being a Mentor,Ask the CTO: Mentoring a Summer Intern,18,Being a Mentor > Ask the CTO: Mentoring a Summer Intern > para 18,epub:spine=7;para=18,"If he completes it before the end of the program, great — he should hopefully know enough about some part of your code base to do other work for the rest of the time.",6,not_cited,,,,0.75,,,,
CLM-000228,51232aa625f0bee54b790b1af18d8865472c0c63,The Manager's Path: A Guide for Tech Leaders Navigating Growth and Change,Being a Mentor,Ask the CTO: Mentoring a Summer Intern,19,Being a Mentor > Ask the CTO: Mentoring a Summer Intern > para 19,epub:spine=7;para=19,"If your team does regular demo days or team meetings, the presentation should probably follow that format.",4,not_cited,,,,0.75,,,,
CLM-000229,51232aa625f0bee54b790b1af18d8865472c0c63,The Manager's Path: A Guide for Tech Leaders Navigating Growth and Change,Being a Mentor,Technical or Career Mentoring,28,Being a Mentor > Technical or Career Mentoring > para 28,epub:spine=7;para=28,This type of mentoring is usually not a formal relationship and may be an expected part of the job for senior engineers because it delivers so much value to the team.,4,not_cited,,,,0.55,,,,
CLM-000230,51232aa625f0bee54b790b1af18d8865472c0c63,The Manager's Path: A Guide for Tech Leaders Navigating Growth and Change,Being a Mentor,Technical or Career Mentoring,29,Being a Mentor > Technical or Career Mentoring > para 29,epub:spine=7;para=29,"Many companies run formal mentoring programs where they match people up across teams, and while these programs can sometimes enhance networks, they are often an ambiguous obligation for both the mentor and the mentee.",0,not_cited,,,,0.55,,,,
CLM-000231,51232aa625f0bee54b790b1af18d8865472c0c63,The Manager's Path: A Guide for Tech Leaders Navigating Growth and Change,"Good Manager, Bad Manager: The Alpha Geek",,33,"Good Manager, Bad Manager: The Alpha Geek >  > para 33",epub:spine=7;para=33,"In some offices, whether in a mentoring relationship or outside of one, you’ll encounter an “alpha geek.” The alpha geek is driven to be the best engineer on the team, to always have the right answer, and to be the person who solves all the hard problems.",0,not_cited,,,,0.6000000000000001,,,,
CLM-000232,51232aa625f0bee54b790b1af18d8865472c0c63,The Manager's Path: A Guide for Tech Leaders Navigating Growth and Change,"Good Manager, Bad Manager: The Alpha Geek",,34,"Good Manager, Bad Manager: The Alpha Geek >  > para 34",epub:spine=7;para=34,"The alpha geek is usually an excellent, effective engineer who goes into management either because she was pushed into it or because she believes that the smartest person on the team should be the manager.",0,not_cited,,,,0.8,,,,
CLM-000233,51232aa625f0bee54b790b1af18d8865472c0c63,The Manager's Path: A Guide for Tech Leaders Navigating Growth and Change,"Good Manager, Bad Manager: The Alpha Geek",,36,"Good Manager, Bad Manager: The Alpha Geek >  > para 36",epub:spine=7;para=36,"The alpha geek believes that every developer should know exactly what she knows, and if you don’t know something, she will gleefully point out your ignorance.",2,not_cited,,,,0.75,,,,
CLM-000234,51232aa625f0bee54b790b1af18d8865472c0c63,The Manager's Path: A Guide for Tech Leaders Navigating Growth and Change,"Good Manager, Bad Manager: The Alpha Geek",,37,"Good Manager, Bad Manager: The Alpha Geek >  > para 37",epub:spine=7;para=37,The alpha geek habit often starts to show up when engineers first become mentors.,0,not_cited,,,,0.6000000000000001,,,,
CLM-000235,51232aa625f0bee54b790b1af18d8865472c0c63,The Manager's Path: A Guide for Tech Leaders Navigating Growth and Change,"Good Manager, Bad Manager: The Alpha Geek",,39,"Good Manager, Bad Manager: The Alpha Geek >  > para 39",epub:spine=7;para=39,"Highly technical hands-on managers can be good for small teams of senior engineers, but alpha geeks are often better off kept out of management and given more of a focus on technical strategy and system design.",1,not_cited,,,,0.55,,,,
CLM-000236,51232aa625f0bee54b790b1af18d8865472c0c63,The Manager's Path: A Guide for Tech Leaders Navigating Growth and Change,"Good Manager, Bad Manager: The Alpha Geek",,39,"Good Manager, Bad Manager: The Alpha Geek >  > para 39",epub:spine=7;para=39,"You tend to see alpha geeks in the CTO role at technology-focused startups, where they are given a design and development focus across from an execution-focused Vice President of Engineering.",2,not_cited,,,,0.6000000000000001,,,,
CLM-000237,51232aa625f0bee54b790b1af18d8865472c0c63,The Manager's Path: A Guide for Tech Leaders Navigating Growth and Change,"Good Manager, Bad Manager: The Alpha Geek",,40,"Good Manager, Bad Manager: The Alpha Geek >  > para 40",epub:spine=7;para=40,"Alpha geeks who believe that their value comes from knowing more than others can also hide information in order to maintain their edge, which makes everyone on the team less effective.",2,not_cited,,,,0.6,,,,
CLM-000238,51232aa625f0bee54b790b1af18d8865472c0c63,The Manager's Path: A Guide for Tech Leaders Navigating Growth and Change,Tips for the Manager of a Mentor,,44,Tips for the Manager of a Mentor >  > para 44,epub:spine=7;para=44,"Whatever the source of the mentoring arrangement, common mentoring pitfalls include viewing it as a low-status “emotional labor” position, assuming that “like” must mentor “like,” and failing to use the opportunity to observe potential on your team firsthand.",0,not_cited,,,,0.75,,,,
CLM-000239,51232aa625f0bee54b790b1af18d8865472c0c63,The Manager's Path: A Guide for Tech Leaders Navigating Growth and Change,Tips for the Manager of a Mentor,,45,Tips for the Manager of a Mentor >  > para 45,epub:spine=7;para=45,"Because the outcome can be hard to quantitatively measure, emotional labor is often dismissed as less important work than writing software.",1,not_cited,,,,0.55,,,,
CLM-000240,51232aa625f0bee54b790b1af18d8865472c0c63,The Manager's Path: A Guide for Tech Leaders Navigating Growth and Change,Chapter 3. Tech Lead,,1,Chapter 3. Tech Lead >  > para 1,epub:spine=8;para=1,"One particularly memorable struggle was a person who was an amazing engineer, wrote great code, but hated talking to people and often got distracted by technical details.",1,not_cited,,,,0.6000000000000001,,,,
CLM-000241,51232aa625f0bee54b790b1af18d8865472c0c63,The Manager's Path: A Guide for Tech Leaders Navigating Growth and Change,Chapter 3. Tech Lead,,1,Chapter 3. Tech Lead >  > para 1,epub:spine=8;para=1,"The idea that the tech lead role should automatically be given to the most experienced engineer, the one who can handle the most complex features or who writes the best code, is a common misconception that even experienced managers fall for.",6,not_cited,,,,0.7,,,,
CLM-000242,51232aa625f0bee54b790b1af18d8865472c0c63,The Manager's Path: A Guide for Tech Leaders Navigating Growth and Change,Chapter 3. Tech Lead,,2,Chapter 3. Tech Lead >  > para 2,epub:spine=8;para=2,"The tech lead may not have exactly the same role from company to company, or even from team to team within a company, but we know from the title that it is expected to be both a technical position and a leadership role, and that it is often a temporary set of responsibilities rather than a permanent title.",6,not_cited,,,,0.55,,,,
CLM-000243,51232aa625f0bee54b790b1af18d8865472c0c63,The Manager's Path: A Guide for Tech Leaders Navigating Growth and Change,Chapter 3. Tech Lead,,3,Chapter 3. Tech Lead >  > para 3,epub:spine=8;para=3,"These standards include: Regular (weekly) 1-1 touchbases Regular feedback on career growth, progression towards goals, areas for improvement, and praise as warranted Working with reports to identify areas for learning and helping them grow in these areas via project work, external learning, or additional mentoring If a tech lead is not managing directly, they are still expected to provide mentorship and guidance to the other members of the team.",2,not_cited,,,,0.6000000000000001,,,,
CLM-000244,51232aa625f0bee54b790b1af18d8865472c0c63,The Manager's Path: A Guide for Tech Leaders Navigating Growth and Change,Chapter 3. Tech Lead,,3,Chapter 3. Tech Lead >  > para 3,epub:spine=8;para=3,"It is not required that an engineer work as a tech lead to progress, but it is the most common way for engineers to grow from senior engineer 1 -> 2 and is required to grow from senior engineer 2 to engineering lead.",7,not_cited,,,,0.7500000000000001,,,,
CLM-000245,51232aa625f0bee54b790b1af18d8865472c0c63,The Manager's Path: A Guide for Tech Leaders Navigating Growth and Change,Chapter 3. Tech Lead,,9,Chapter 3. Tech Lead >  > para 9,epub:spine=8;para=9,"This is a senior engineering role, but it’s a mistake to tie the notion of tech lead to one that boils down to the best or most experienced engineer on the team.",3,not_cited,,,,0.7000000000000001,,,,
CLM-000246,51232aa625f0bee54b790b1af18d8865472c0c63,The Manager's Path: A Guide for Tech Leaders Navigating Growth and Change,All Great Tech Leads Know This One Weird Trick,,15,All Great Tech Leads Know This One Weird Trick >  > para 15,epub:spine=8;para=15,"What’s worse, you’ll often need to balance doing things you know how to do and enjoy doing, such as writing code, with things you don’t know how to do.",2,not_cited,,,,0.6000000000000001,,,,
CLM-000247,51232aa625f0bee54b790b1af18d8865472c0c63,The Manager's Path: A Guide for Tech Leaders Navigating Growth and Change,All Great Tech Leads Know This One Weird Trick,,17,All Great Tech Leads Know This One Weird Trick >  > para 17,epub:spine=8;para=17,"Even with careful scheduling, you won’t often have the time to focus for several-day stretches on coding problems.",0,not_cited,,,,0.6000000000000001,,,,
CLM-000248,51232aa625f0bee54b790b1af18d8865472c0c63,The Manager's Path: A Guide for Tech Leaders Navigating Growth and Change,Being a Tech Lead 101,Software developer and team leader,22,Being a Tech Lead 101 > Software developer and team leader > para 22,epub:spine=8;para=22,"In your position as tech lead, you should continue writing code, but not too much .",3,not_cited,,,,0.75,,,,
CLM-000249,51232aa625f0bee54b790b1af18d8865472c0c63,The Manager's Path: A Guide for Tech Leaders Navigating Growth and Change,Being a Tech Lead 101,Software developer and team leader,22,Being a Tech Lead 101 > Software developer and team leader > para 22,epub:spine=8;para=22,Teams often fail because they overworked themselves on a feature that their product manager would have been willing to compromise on.,8,not_cited,,,,0.6000000000000001,,,,
CLM-000250,51232aa625f0bee54b790b1af18d8865472c0c63,The Manager's Path: A Guide for Tech Leaders Navigating Growth and Change,Being a Tech Lead 101,Ask the CTO: I Hate Being a Tech Lead!,26,Being a Tech Lead 101 > Ask the CTO: I Hate Being a Tech Lead! > para 26,epub:spine=8;para=26,"The tech lead is expected to make sure the team fully understands the project requirements, the work is planned, and the team is effective and performing well, all without necessarily having any management responsibilities and usually without any specific training.",3,not_cited,,,,0.6000000000000001,,,,
CLM-000251,51232aa625f0bee54b790b1af18d8865472c0c63,The Manager's Path: A Guide for Tech Leaders Navigating Growth and Change,Being a Tech Lead 101,Ask the CTO: I Hate Being a Tech Lead!,26,Being a Tech Lead 101 > Ask the CTO: I Hate Being a Tech Lead! > para 26,epub:spine=8;para=26,"And, realistically, most managers will expect their tech leads to continue to write almost as much code as they did before they took on the lead role.",4,not_cited,,,,0.7000000000000001,,,,
CLM-000252,51232aa625f0bee54b790b1af18d8865472c0c63,The Manager's Path: A Guide for Tech Leaders Navigating Growth and Change,Managing Projects,,33,Managing Projects >  > para 33,epub:spine=8;para=33,"There are some projects, usually described by words like infrastructure , platform , or system , that require architecture or significant advanced planning.",6,not_cited,,,,0.6000000000000001,,,,
CLM-000253,51232aa625f0bee54b790b1af18d8865472c0c63,The Manager's Path: A Guide for Tech Leaders Navigating Growth and Change,Managing Projects,,35,Managing Projects >  > para 35,epub:spine=8;para=35,"I don’t even like hiring project managers because they often act as a crutch for engineers to use instead of learning to think through their future work and ask real questions about what they’re doing and why, and their presence means that you have more waterfall-style projects instead of an agile process.",1,not_cited,,,,0.6000000000000001,,,,
CLM-000254,51232aa625f0bee54b790b1af18d8865472c0c63,The Manager's Path: A Guide for Tech Leaders Navigating Growth and Change,Decision Point: Stay on the Technical Track or Become a Manager,Real Life of a Senior Individual Contributor,63,Decision Point: Stay on the Technical Track or Become a Manager > Real Life of a Senior Individual Contributor > para 63,epub:spine=8;para=63,You can often choose your projects and can easily move between teams if you want something new.,2,not_cited,,,,0.55,,,,
CLM-000255,51232aa625f0bee54b790b1af18d8865472c0c63,The Manager's Path: A Guide for Tech Leaders Navigating Growth and Change,Decision Point: Stay on the Technical Track or Become a Manager,Imagined Life of a Manager,66,Decision Point: Stay on the Technical Track or Become a Manager > Imagined Life of a Manager > para 66,epub:spine=8;para=66,"Other managers are always interested in hearing what you think, and they can see how effectively you’ve gotten your team working, how clearly you care about the health of the organization, and how genuine your interest is in just making everyone better.",1,not_cited,,,,0.55,,,,
CLM-000256,51232aa625f0bee54b790b1af18d8865472c0c63,The Manager's Path: A Guide for Tech Leaders Navigating Growth and Change,Decision Point: Stay on the Technical Track or Become a Manager,Real Life of a Manager,70,Decision Point: Stay on the Technical Track or Become a Manager > Real Life of a Manager > para 70,epub:spine=8;para=70,"You can focus your team on some things, like writing better tests, but they still have a product roadmap to implement, and they have their own ideas for what technical tasks should be prioritized.",2,not_cited,,,,0.7,,,,
CLM-000257,51232aa625f0bee54b790b1af18d8865472c0c63,The Manager's Path: A Guide for Tech Leaders Navigating Growth and Change,Decision Point: Stay on the Technical Track or Become a Manager,Real Life of a Manager,70,Decision Point: Stay on the Technical Track or Become a Manager > Real Life of a Manager > para 70,epub:spine=8;para=70,"So, more than making decisions yourself, you’re helping the team make decisions.",3,not_cited,,,,0.65,,,,
CLM-000258,51232aa625f0bee54b790b1af18d8865472c0c63,The Manager's Path: A Guide for Tech Leaders Navigating Growth and Change,Decision Point: Stay on the Technical Track or Become a Manager,Real Life of a Manager,73,Decision Point: Stay on the Technical Track or Become a Manager > Real Life of a Manager > para 73,epub:spine=8;para=73,"When you discovered that the staff engineer who works for you makes more than you do, you almost lost it, so you’d better figure out how to get that bigger team fast.",7,not_cited,,,,0.65,,,,
CLM-000259,51232aa625f0bee54b790b1af18d8865472c0c63,The Manager's Path: A Guide for Tech Leaders Navigating Growth and Change,"Good Manager, Bad Manager: The Process Czar",,75,"Good Manager, Bad Manager: The Process Czar >  > para 75",epub:spine=8;para=75,"They may have a very precise idea of how on-call should work, how code reviews must be done, or how the release process has to operate.",2,not_cited,,,,0.7,,,,
CLM-000260,51232aa625f0bee54b790b1af18d8865472c0c63,The Manager's Path: A Guide for Tech Leaders Navigating Growth and Change,"Good Manager, Bad Manager: The Process Czar",,76,"Good Manager, Bad Manager: The Process Czar >  > para 76",epub:spine=8;para=76,They can be incredibly valuable members of a project management team because they tend to make sure that no task is forgotten and that everything is wrapped up in the way it should be.,3,not_cited,,,,0.75,,,,
CLM-000261,51232aa625f0bee54b790b1af18d8865472c0c63,The Manager's Path: A Guide for Tech Leaders Navigating Growth and Change,"Good Manager, Bad Manager: The Process Czar",,79,"Good Manager, Bad Manager: The Process Czar >  > para 79",epub:spine=8;para=79,"The opposite of the process czar is not a manager who gives up on process completely, but rather someone who understands that processes must meet the needs of the team and the work.",0,not_cited,,,,0.75,,,,
CLM-000262,51232aa625f0bee54b790b1af18d8865472c0c63,The Manager's Path: A Guide for Tech Leaders Navigating Growth and Change,How to Be a Great Tech Lead,Lead Technical Decisions,90,How to Be a Great Tech Lead > Lead Technical Decisions > para 90,epub:spine=8;para=90,"Determine which decisions must be made by you, which decisions should be delegated to others with more expertise, and which decisions require the whole team to resolve.",0,not_cited,,,,0.75,,,,
CLM-000263,51232aa625f0bee54b790b1af18d8865472c0c63,The Manager's Path: A Guide for Tech Leaders Navigating Growth and Change,Starting a New Reporting Relationship Off Right,Encourage Participation by Updating the New Hire Documentation,21,Starting a New Reporting Relationship Off Right > Encourage Participation by Updating the New Hire Documentation > para 21,epub:spine=9;para=21,A best practice in many engineering teams is to create a set of onboarding documents that are edited by every new hire as he gets up to speed.,1,not_cited,,,,0.75,,,,
CLM-000264,51232aa625f0bee54b790b1af18d8865472c0c63,The Manager's Path: A Guide for Tech Leaders Navigating Growth and Change,Starting a New Reporting Relationship Off Right,Get Feedback from Your New Hire,23,Starting a New Reporting Relationship Off Right > Get Feedback from Your New Hire > para 23,epub:spine=9;para=23,"This is a rare period, where a new person comes in with fresh eyes and often sees things that are hard for the established team members to see.",1,not_cited,,,,0.6000000000000001,,,,
CLM-000265,51232aa625f0bee54b790b1af18d8865472c0c63,The Manager's Path: A Guide for Tech Leaders Navigating Growth and Change,Different 1-1 Styles,The Feedback Meeting,39,Different 1-1 Styles > The Feedback Meeting > para 39,epub:spine=9;para=39,"If you have an employee with performance issues, feedback meetings should happen more frequently, and if you’re thinking of firing someone I advise you to document these feedback meetings.",0,not_cited,,,,0.75,,,,
CLM-000266,51232aa625f0bee54b790b1af18d8865472c0c63,The Manager's Path: A Guide for Tech Leaders Navigating Growth and Change,"Good Manager, Bad Manager: Micromanager, Delegator",,50,"Good Manager, Bad Manager: Micromanager, Delegator >  > para 50",epub:spine=9;para=50,Junior engineers often thrive under detailed oversight because they want that specific direction.,1,not_cited,,,,0.6000000000000001,,,,
CLM-000267,51232aa625f0bee54b790b1af18d8865472c0c63,The Manager's Path: A Guide for Tech Leaders Navigating Growth and Change,"Good Manager, Bad Manager: Micromanager, Delegator",,51,"Good Manager, Bad Manager: Micromanager, Delegator >  > para 51",epub:spine=9;para=51,"If your value to the team has shifted from the thing you’re good at (writing code) to the thing you don’t yet know how to do well (managing people), it can be tempting to treat your reports as if they should be mini-mes.",3,not_cited,,,,0.7,,,,
CLM-000268,51232aa625f0bee54b790b1af18d8865472c0c63,The Manager's Path: A Guide for Tech Leaders Navigating Growth and Change,Practical Advice for Delegating Effectively,Adjust Your Focus Depending on the Stage of Projects,58,Practical Advice for Delegating Effectively > Adjust Your Focus Depending on the Stage of Projects > para 58,epub:spine=9;para=58,"If you’re managing a single team or two directly, you should know all of the details of the project status as part of your regular team processes (like morning standup meetings).",0,not_cited,,,,0.75,,,,
CLM-000269,51232aa625f0bee54b790b1af18d8865472c0c63,The Manager's Path: A Guide for Tech Leaders Navigating Growth and Change,Practical Advice for Delegating Effectively,Adjust Your Focus Depending on the Stage of Projects,58,Practical Advice for Delegating Effectively > Adjust Your Focus Depending on the Stage of Projects > para 58,epub:spine=9;para=58,"During the normal workflow, though, it’s usually enough to know what’s moving forward and what is taking longer than expected, especially if you can use that information to reshuffle work or help a struggling team member.",4,not_cited,,,,0.55,,,,
CLM-000270,51232aa625f0bee54b790b1af18d8865472c0c63,The Manager's Path: A Guide for Tech Leaders Navigating Growth and Change,Practical Advice for Delegating Effectively,Establish Standards for Code and Systems,59,Practical Advice for Delegating Effectively > Establish Standards for Code and Systems > para 59,epub:spine=9;para=59,"For me, basic standards meant things like how much unit testing we expected to happen with each change (generally speaking, as some tests were always required), and at what point technical decisions should be reviewed by a larger group (like when someone wants to add a new language or framework to the stack).",3,not_cited,,,,0.8,,,,
CLM-000271,51232aa625f0bee54b790b1af18d8865472c0c63,The Manager's Path: A Guide for Tech Leaders Navigating Growth and Change,Creating a Culture of Continuous Feedback,,67,Creating a Culture of Continuous Feedback >  > para 67,epub:spine=9;para=67,"You don’t have to do this in public, but every week there should be at least one thing you can recognize about someone on your team.",9,not_cited,,,,0.7,,,,
CLM-000272,51232aa625f0bee54b790b1af18d8865472c0c63,The Manager's Path: A Guide for Tech Leaders Navigating Growth and Change,Creating a Culture of Continuous Feedback,,68,Creating a Culture of Continuous Feedback >  > para 68,epub:spine=9;para=68,"It’s not always a core need for doing the job well, and there will be many times when you don’t have either the qualifications or the capability to provide the coaching that everyone on your team needs.",15,not_cited,,,,0.6000000000000001,,,,
CLM-000273,51232aa625f0bee54b790b1af18d8865472c0c63,The Manager's Path: A Guide for Tech Leaders Navigating Growth and Change,Performance Reviews,,72,Performance Reviews >  > para 72,epub:spine=9;para=72,"They go wrong because we all suffer from various biases of which we may or may not be aware, and we tend to review people through the lens of those biases, criticizing some people for behaviors that we don’t even notice in others.",2,not_cited,,,,0.55,,,,
CLM-000274,51232aa625f0bee54b790b1af18d8865472c0c63,The Manager's Path: A Guide for Tech Leaders Navigating Growth and Change,Performance Reviews,"Give yourself enough time, and start early",75,"Performance Reviews > Give yourself enough time, and start early > para 75",epub:spine=9;para=75,"Even in an open process, as the manager you should still read that feedback and use it as part of your review writing, since the manager review is still often considered the most important summary of all review feedback.",1,not_cited,,,,0.8,,,,
CLM-000275,51232aa625f0bee54b790b1af18d8865472c0c63,The Manager's Path: A Guide for Tech Leaders Navigating Growth and Change,Performance Reviews,"Use concrete examples, and excerpts from peer reviews",77,"Performance Reviews > Use concrete examples, and excerpts from peer reviews > para 77",epub:spine=9;para=77,"If you can’t use a concrete example to support a point, ask yourself if the point is something you should be communicating in the review.",1,not_cited,,,,0.7,,,,
CLM-000276,51232aa625f0bee54b790b1af18d8865472c0c63,The Manager's Path: A Guide for Tech Leaders Navigating Growth and Change,Performance Reviews,Avoid big surprises,87,Performance Reviews > Avoid big surprises > para 87,epub:spine=9;para=87,"If someone is underperforming across the board, the review should not be his first time getting that feedback.",1,not_cited,,,,0.75,,,,
CLM-000277,51232aa625f0bee54b790b1af18d8865472c0c63,The Manager's Path: A Guide for Tech Leaders Navigating Growth and Change,Performance Reviews,Schedule enough time to discuss the review,88,Performance Reviews > Schedule enough time to discuss the review > para 88,epub:spine=9;para=88,I usually give people a printed copy of the review as they’re leaving on the evening before the review is scheduled.,0,not_cited,,,,0.6000000000000001,,,,
CLM-000278,51232aa625f0bee54b790b1af18d8865472c0c63,The Manager's Path: A Guide for Tech Leaders Navigating Growth and Change,Performance Reviews,Schedule enough time to discuss the review,89,Performance Reviews > Schedule enough time to discuss the review > para 89,epub:spine=9;para=89,"If you have to do this, expect it to be the hardest part of the review to discuss for anyone who got anything less than the top ratings.",1,not_cited,,,,0.65,,,,
CLM-000279,51232aa625f0bee54b790b1af18d8865472c0c63,The Manager's Path: A Guide for Tech Leaders Navigating Growth and Change,Performance Reviews,Ask the CTO: Identifying Potential,92,Performance Reviews > Ask the CTO: Identifying Potential > para 92,epub:spine=9;para=92,"A person who has never shown reasonable performance, and who has been with a company long enough for you to observe performance, probably doesn’t actually have potential, at least within that company.",1,not_cited,,,,0.6000000000000001,,,,
CLM-000280,51232aa625f0bee54b790b1af18d8865472c0c63,The Manager's Path: A Guide for Tech Leaders Navigating Growth and Change,Cultivating Careers,,100,Cultivating Careers >  > para 100,epub:spine=9;para=100,"The evidence for promotion often takes the form of projects or features they’ve completed independently, participation in on-call rotations or other support, and engagement in team meetings and team planning.",4,not_cited,,,,0.6000000000000001,,,,
CLM-000281,51232aa625f0bee54b790b1af18d8865472c0c63,The Manager's Path: A Guide for Tech Leaders Navigating Growth and Change,Challenging Situations: Firing Underperformers,,107,Challenging Situations: Firing Underperformers >  > para 107,epub:spine=9;para=107,"Whatever the procedure is at your company, the process of coaching someone out should begin long before any performance improvement document is filed with HR, and long before the actual act of firing.",0,not_cited,,,,0.75,,,,
CLM-000282,51232aa625f0bee54b790b1af18d8865472c0c63,The Manager's Path: A Guide for Tech Leaders Navigating Growth and Change,Challenging Situations: Firing Underperformers,,112,Challenging Situations: Firing Underperformers >  > para 112,epub:spine=9;para=112,You’ll always need to have a record of negative feedback to fire someone in any environment where HR is active and a standard performance improvement plan is required.,0,not_cited,,,,0.6000000000000001,,,,
CLM-000283,51232aa625f0bee54b790b1af18d8865472c0c63,The Manager's Path: A Guide for Tech Leaders Navigating Growth and Change,Chapter 5. Managing a Team,,0,Chapter 5. Managing a Team >  > para 0,epub:spine=10;para=0,"It’s a short step from managing a person or two to managing a whole team, but managing a team is more than just doing the job of managing the individuals.",0,not_cited,,,,0.65,,,,
CLM-000284,51232aa625f0bee54b790b1af18d8865472c0c63,The Manager's Path: A Guide for Tech Leaders Navigating Growth and Change,Chapter 5. Managing a Team,,2,Chapter 5. Managing a Team >  > para 2,epub:spine=10;para=2,"More than writing code, they hold responsibility for identifying bottlenecks in the process and roadblocks to success for their team and clearing these roadblocks.",1,not_cited,,,,0.65,,,,
CLM-000285,51232aa625f0bee54b790b1af18d8865472c0c63,The Manager's Path: A Guide for Tech Leaders Navigating Growth and Change,Chapter 5. Managing a Team,,2,Chapter 5. Managing a Team >  > para 2,epub:spine=10;para=2,"As part of keeping the team focused, the engineering lead will partner closely with the product lead to manage project scope and ensure the technical deliverables are met.",4,not_cited,,,,0.7000000000000001,,,,
CLM-000286,51232aa625f0bee54b790b1af18d8865472c0c63,The Manager's Path: A Guide for Tech Leaders Navigating Growth and Change,Staying Technical,,10,Staying Technical >  > para 10,epub:spine=10;para=10,"Furthermore, if you truly wish to command the respect of an engineering team, they must see you as technically credible.",0,not_cited,,,,0.75,,,,
CLM-000287,51232aa625f0bee54b790b1af18d8865472c0c63,The Manager's Path: A Guide for Tech Leaders Navigating Growth and Change,Staying Technical,,15,Staying Technical >  > para 15,epub:spine=10;para=15,"It’s hard to make up lost time when you stop writing code, and if you do it too early in your career, you may never achieve sufficient technical savvy to get beyond the role of middle management.",4,not_cited,,,,0.55,,,,
CLM-000288,51232aa625f0bee54b790b1af18d8865472c0c63,The Manager's Path: A Guide for Tech Leaders Navigating Growth and Change,Debugging Dysfunctional Teams: The Basics,Not Shipping,18,Debugging Dysfunctional Teams: The Basics > Not Shipping > para 18,epub:spine=10;para=18,"However, even teams doing research generally have goals and deliverables, even if they’re just in the form of initial findings.",2,not_cited,,,,0.6000000000000001,,,,
CLM-000289,51232aa625f0bee54b790b1af18d8865472c0c63,The Manager's Path: A Guide for Tech Leaders Navigating Growth and Change,Debugging Dysfunctional Teams: The Basics,People Drama,24,Debugging Dysfunctional Teams: The Basics > People Drama > para 24,epub:spine=10;para=24,Sometimes the negative person is just unhappy and the best thing to do is to help him leave the team on good terms; you must be prepared for this outcome.,2,not_cited,,,,0.75,,,,
CLM-000290,51232aa625f0bee54b790b1af18d8865472c0c63,The Manager's Path: A Guide for Tech Leaders Navigating Growth and Change,The Shield,,37,The Shield >  > para 37,epub:spine=10;para=37,"They should help their team focus on what they need to get done without being distracted by the wider drama, politics, and changes happening in the company around them.",1,not_cited,,,,0.75,,,,
CLM-000291,51232aa625f0bee54b790b1af18d8865472c0c63,The Manager's Path: A Guide for Tech Leaders Navigating Growth and Change,The Shield,,38,The Shield >  > para 38,epub:spine=10;para=38,I do think that teams who are unnecessarily exposed to toxic drama that doesn’t concern them tend to get distracted and stressed out.,1,not_cited,,,,0.6000000000000001,,,,
CLM-000292,51232aa625f0bee54b790b1af18d8865472c0c63,The Manager's Path: A Guide for Tech Leaders Navigating Growth and Change,The Shield,,39,The Shield >  > para 39,epub:spine=10;para=39,"However, it’s unrealistic to expect that you can or should shield your team from everything.",2,not_cited,,,,0.7,,,,
CLM-000293,51232aa625f0bee54b790b1af18d8865472c0c63,The Manager's Path: A Guide for Tech Leaders Navigating Growth and Change,How to Drive Good Decisions,,43,How to Drive Good Decisions >  > para 43,epub:spine=10;para=43,"While the product manager is responsible for the product roadmap, and the tech lead is responsible for the technical details, you are usually accountable for the team’s progress through each of these elements.",1,not_cited,,,,0.6000000000000001,,,,
CLM-000294,51232aa625f0bee54b790b1af18d8865472c0c63,The Manager's Path: A Guide for Tech Leaders Navigating Growth and Change,How to Drive Good Decisions,Look into the Future,46,How to Drive Good Decisions > Look into the Future > para 46,epub:spine=10;para=46,"Many technical projects are supported on the strength of their ability to enable new features more easily — for example, rewriting the checkout system to plug in payment types like Apple Pay, or moving to a new JavaScript framework model that supports streaming data changes via WebSockets, in order to build a more interactive experience.",2,not_cited,,,,0.7000000000000001,,,,
CLM-000295,51232aa625f0bee54b790b1af18d8865472c0c63,The Manager's Path: A Guide for Tech Leaders Navigating Growth and Change,How to Drive Good Decisions,Review the Outcome of Your Decisions and Projects,47,How to Drive Good Decisions > Review the Outcome of Your Decisions and Projects > para 47,epub:spine=10;para=47,"It’s easy to forget to review assumptions after the project is done, but if you make this a habit for yourself and your team, you’ll always learn from your decisions.",4,not_cited,,,,0.6000000000000001,,,,
CLM-000296,51232aa625f0bee54b790b1af18d8865472c0c63,The Manager's Path: A Guide for Tech Leaders Navigating Growth and Change,"Good Manager, Bad Manager: Conflict Avoider, Conflict Tamer",,49,"Good Manager, Bad Manager: Conflict Avoider, Conflict Tamer >  > para 49",epub:spine=10;para=49,"After hearing complaints that Charles isn’t helping with the new system, Jason calls the team together and asks them to vote on what projects should be dropped to get the workload down.",2,not_cited,,,,0.75,,,,
CLM-000297,51232aa625f0bee54b790b1af18d8865472c0c63,The Manager's Path: A Guide for Tech Leaders Navigating Growth and Change,"Good Manager, Bad Manager: Conflict Avoider, Conflict Tamer",,53,"Good Manager, Bad Manager: Conflict Avoider, Conflict Tamer >  > para 53",epub:spine=10;para=53,"While it seems like Jason’s democratic style should lead to an empowered team, his inability to say no or to take the responsibility for any decisions means that no one feels very secure.",1,not_cited,,,,0.9,,,,
CLM-000298,51232aa625f0bee54b790b1af18d8865472c0c63,The Manager's Path: A Guide for Tech Leaders Navigating Growth and Change,"Good Manager, Bad Manager: Conflict Avoider, Conflict Tamer",The Dos and Don’ts of Managing Conflict,56,"Good Manager, Bad Manager: Conflict Avoider, Conflict Tamer > The Dos and Don’ts of Managing Conflict > para 56",epub:spine=10;para=56,"When you assign the ownership for making a decision to someone on the team, make it clear which members of the team should be consulted for feedback and who needs to be informed of the decision or plan.",3,not_cited,,,,0.75,,,,
CLM-000299,51232aa625f0bee54b790b1af18d8865472c0c63,The Manager's Path: A Guide for Tech Leaders Navigating Growth and Change,"Good Manager, Bad Manager: Conflict Avoider, Conflict Tamer",The Dos and Don’ts of Managing Conflict,57,"Good Manager, Bad Manager: Conflict Avoider, Conflict Tamer > The Dos and Don’ts of Managing Conflict > para 57",epub:spine=10;para=57,"There may be nuances that you didn’t think through until writing the review, but if there are major problems with someone’s work, that person should know about them as soon as you notice them.",3,not_cited,,,,0.7,,,,
CLM-000300,51232aa625f0bee54b790b1af18d8865472c0c63,The Manager's Path: A Guide for Tech Leaders Navigating Growth and Change,"Good Manager, Bad Manager: Conflict Avoider, Conflict Tamer",The Dos and Don’ts of Managing Conflict,59,"Good Manager, Bad Manager: Conflict Avoider, Conflict Tamer > The Dos and Don’ts of Managing Conflict > para 59",epub:spine=10;para=59,"Ironically, conflict-avoidant managers often seek conflict when it comes to other teams.",1,not_cited,,,,0.6000000000000001,,,,
CLM-000301,51232aa625f0bee54b790b1af18d8865472c0c63,The Manager's Path: A Guide for Tech Leaders Navigating Growth and Change,Challenging Situations: Team Cohesion Destroyers,,65,Challenging Situations: Team Cohesion Destroyers >  > para 65,epub:spine=10;para=65,The work of gelling a team begins by creating the friendliness that leads to psychological safety.,2,not_cited,,,,0.7000000000000001,,,,
CLM-000302,51232aa625f0bee54b790b1af18d8865472c0c63,The Manager's Path: A Guide for Tech Leaders Navigating Growth and Change,Challenging Situations: Team Cohesion Destroyers,,66,Challenging Situations: Team Cohesion Destroyers >  > para 66,epub:spine=10;para=66,"Teams that are friendly are happier, gel faster, and tend to produce better results.",3,not_cited,,,,0.6000000000000001,,,,
CLM-000303,51232aa625f0bee54b790b1af18d8865472c0c63,The Manager's Path: A Guide for Tech Leaders Navigating Growth and Change,Challenging Situations: Team Cohesion Destroyers,,67,Challenging Situations: Team Cohesion Destroyers >  > para 67,epub:spine=10;para=67,They almost always behave in a way that makes it hard for the rest of the team to feel safe around them.,1,not_cited,,,,0.6000000000000001,,,,
CLM-000304,51232aa625f0bee54b790b1af18d8865472c0c63,The Manager's Path: A Guide for Tech Leaders Navigating Growth and Change,Challenging Situations: Team Cohesion Destroyers,The Noncommunicator,74,Challenging Situations: Team Cohesion Destroyers > The Noncommunicator > para 74,epub:spine=10;para=74,"Whatever the cause, this person disrupts team cohesion because he isn’t being collaborative with the rest of his teammates; he doesn’t feel safe sharing his work in progress, and his fear often sets an example for the rest of the team.",5,not_cited,,,,0.7500000000000001,,,,
CLM-000305,51232aa625f0bee54b790b1af18d8865472c0c63,The Manager's Path: A Guide for Tech Leaders Navigating Growth and Change,Advanced Project Management,None of this is a replacement for agile project management,82,Advanced Project Management > None of this is a replacement for agile project management > para 82,epub:spine=10;para=82,"However, most teams have both high-level, long-term goals, and short-term objectives that will enable them to meet those goals.",1,not_cited,,,,0.7000000000000001,,,,
CLM-000306,51232aa625f0bee54b790b1af18d8865472c0c63,The Manager's Path: A Guide for Tech Leaders Navigating Growth and Change,Advanced Project Management,You have 10 productive engineering weeks per engineer per quarter,83,Advanced Project Management > You have 10 productive engineering weeks per engineer per quarter > para 83,epub:spine=10;para=83,Don’t expect to get more than 10 weeks’ worth of focused effort on the main projects per team member per quarter.,3,not_cited,,,,0.7000000000000001,,,,
CLM-000307,51232aa625f0bee54b790b1af18d8865472c0c63,The Manager's Path: A Guide for Tech Leaders Navigating Growth and Change,Advanced Project Management,"As you approach deadlines, it is your job to say no",85,"Advanced Project Management > As you approach deadlines, it is your job to say no > para 85",epub:spine=10;para=85,"That means that you, as the engineering team lead, will partner with your tech lead and the product lead/business representative to figure out what “must-haves” are not actually must-haves.",2,not_cited,,,,0.75,,,,
CLM-000308,51232aa625f0bee54b790b1af18d8865472c0c63,The Manager's Path: A Guide for Tech Leaders Navigating Growth and Change,Advanced Project Management,"As you approach deadlines, it is your job to say no",85,"Advanced Project Management > As you approach deadlines, it is your job to say no > para 85",epub:spine=10;para=85,"There will be product features that require significant engineering complexity to implement, and you’ll need to work with the product team to figure out the real must-haves while explaining the cost to get to their vision.",5,not_cited,,,,0.75,,,,
CLM-000309,51232aa625f0bee54b790b1af18d8865472c0c63,The Manager's Path: A Guide for Tech Leaders Navigating Growth and Change,Advanced Project Management,"Use the doubling rule for quick estimates, but push for planning time to estimate longer tasks",86,"Advanced Project Management > Use the doubling rule for quick estimates, but push for planning time to estimate longer tasks > para 86",epub:spine=10;para=86,"Sometimes the longer tasks will take far more than twice your estimate, and it’s worth spending some time planning more carefully before you commit your team to a big, unknown project.",2,not_cited,,,,0.7000000000000001,,,,
CLM-000310,51232aa625f0bee54b790b1af18d8865472c0c63,The Manager's Path: A Guide for Tech Leaders Navigating Growth and Change,Chapter 6. Managing Multiple Teams,,0,Chapter 6. Managing Multiple Teams >  > para 0,epub:spine=11;para=0,"You probably have tech leads reporting to you now, though, and juggling the work of directly managing more than three or four people with the process of understanding details about what’s happening across a couple of teams probably means one important thing: you’re not writing (much, any, production) code.",2,not_cited,,,,0.65,,,,
CLM-000311,51232aa625f0bee54b790b1af18d8865472c0c63,The Manager's Path: A Guide for Tech Leaders Navigating Growth and Change,Chapter 6. Managing Multiple Teams,,1,Chapter 6. Managing Multiple Teams >  > para 1,epub:spine=11;para=1,"When I created the career ladder for my previous job, the director of engineering role was usually the place where a person would start to manage multiple large teams.",0,not_cited,,,,0.6000000000000001,,,,
CLM-000312,51232aa625f0bee54b790b1af18d8865472c0c63,The Manager's Path: A Guide for Tech Leaders Navigating Growth and Change,Chapter 6. Managing Multiple Teams,,2,Chapter 6. Managing Multiple Teams >  > para 2,epub:spine=11;para=2,The engineering director is not generally expected to write code on a day-to-day basis.,3,not_cited,,,,0.6000000000000001,,,,
CLM-000313,51232aa625f0bee54b790b1af18d8865472c0c63,The Manager's Path: A Guide for Tech Leaders Navigating Growth and Change,Chapter 6. Managing Multiple Teams,,2,Chapter 6. Managing Multiple Teams >  > para 2,epub:spine=11;para=2,"They will be expected to help debug and triage critical systems, and should understand the systems they oversee well enough to perform code reviews and help research problems as needed.",6,not_cited,,,,0.75,,,,
CLM-000314,51232aa625f0bee54b790b1af18d8865472c0c63,The Manager's Path: A Guide for Tech Leaders Navigating Growth and Change,Chapter 6. Managing Multiple Teams,,2,Chapter 6. Managing Multiple Teams >  > para 2,epub:spine=11;para=2,"They should contribute to architecture and design efforts primarily by serving as the technically savvy voice that asks business and product questions of the engineers on their teams, ensuring that the code we are writing matches the product and business needs and can scale appropriately as those needs grow.",7,not_cited,,,,0.85,,,,
CLM-000315,51232aa625f0bee54b790b1af18d8865472c0c63,The Manager's Path: A Guide for Tech Leaders Navigating Growth and Change,Chapter 6. Managing Multiple Teams,,4,Chapter 6. Managing Multiple Teams >  > para 4,epub:spine=11;para=4,"If you created systems when you were more hands-on, stay engaged with those systems, because you’ll remember the details better than most, and you can help engineers working in those systems with code reviews and questions.",2,not_cited,,,,0.6,,,,
CLM-000316,51232aa625f0bee54b790b1af18d8865472c0c63,The Manager's Path: A Guide for Tech Leaders Navigating Growth and Change,Chapter 6. Managing Multiple Teams,,4,Chapter 6. Managing Multiple Teams >  > para 4,epub:spine=11;para=4,"So often we diminish these small efforts as not worthwhile, but they’re very good at keeping you in tune with the feeling of software development and showing your teams that you are willing and able to help out with the day-to-day in a valuable way.",7,not_cited,,,,0.6000000000000001,,,,
CLM-000317,51232aa625f0bee54b790b1af18d8865472c0c63,The Manager's Path: A Guide for Tech Leaders Navigating Growth and Change,"Managing Your Time: What’s Important, Anyway?",,13,"Managing Your Time: What’s Important, Anyway? >  > para 13",epub:spine=11;para=13,"You still have deliverables that require you to do more than sit in a meeting — things like setting goals for the team, helping your product team put details on the product roadmaps, and making sure that an assigned task actually got finished.",3,not_cited,,,,0.65,,,,
CLM-000318,51232aa625f0bee54b790b1af18d8865472c0c63,The Manager's Path: A Guide for Tech Leaders Navigating Growth and Change,"Managing Your Time: What’s Important, Anyway?","The Hardest, Shortest Lesson of Becoming a Manager",33,"Managing Your Time: What’s Important, Anyway? > The Hardest, Shortest Lesson of Becoming a Manager > para 33",epub:spine=11;para=33,"If your team needs a manager more than they need an engineer, you have to accept that being that manager means that you by definition can’t be that engineer.",0,not_cited,,,,0.6,,,,
CLM-000319,51232aa625f0bee54b790b1af18d8865472c0c63,The Manager's Path: A Guide for Tech Leaders Navigating Growth and Change,Decisions and Delegation,Ask the CTO: Warning Signs,60,Decisions and Delegation > Ask the CTO: Warning Signs > para 60,epub:spine=11;para=60,A lack of engagement in meetings tends to mean the team isn’t engaged by the work or do not feel like they have a say in the decision-making process.,2,not_cited,,,,0.6000000000000001,,,,
CLM-000320,51232aa625f0bee54b790b1af18d8865472c0c63,The Manager's Path: A Guide for Tech Leaders Navigating Growth and Change,Challenging Situations: Strategies for Saying No,,64,Challenging Situations: Strategies for Saying No >  > para 64,epub:spine=11;para=64,She must say no to the team.,1,not_cited,,,,0.75,,,,
CLM-000321,51232aa625f0bee54b790b1af18d8865472c0c63,The Manager's Path: A Guide for Tech Leaders Navigating Growth and Change,Challenging Situations: Strategies for Saying No,Create Policies,66,Challenging Situations: Strategies for Saying No > Create Policies > para 66,epub:spine=11;para=66,"That policy consists of the hard requirements that must be met in order to say yes, and some guidelines for thinking about the decision.",4,not_cited,,,,0.75,,,,
CLM-000322,51232aa625f0bee54b790b1af18d8865472c0c63,The Manager's Path: A Guide for Tech Leaders Navigating Growth and Change,Challenging Situations: Strategies for Saying No,Ask the CTO: My Tech Lead Isn’t Managing,75,Challenging Situations: Strategies for Saying No > Ask the CTO: My Tech Lead Isn’t Managing > para 75,epub:spine=11;para=75,The best thing to do here is to work with your tech lead to give her the skills and confidence to ask for reports from other members of the team.,0,not_cited,,,,0.7000000000000001,,,,
CLM-000323,51232aa625f0bee54b790b1af18d8865472c0c63,The Manager's Path: A Guide for Tech Leaders Navigating Growth and Change,Measuring the Health of Your Development Team,Frequency of Releases,84,Measuring the Health of Your Development Team > Frequency of Releases > para 84,epub:spine=11;para=84,"Even if your company doesn’t appreciate it, you must work to help your team achieve the best release frequency possible for their product.",4,not_cited,,,,0.75,,,,
CLM-000324,51232aa625f0bee54b790b1af18d8865472c0c63,The Manager's Path: A Guide for Tech Leaders Navigating Growth and Change,Measuring the Health of Your Development Team,Frequency of Releases,89,Measuring the Health of Your Development Team > Frequency of Releases > para 89,epub:spine=11;para=89,"You’re also responsible for keeping your team happy and productive, and often the solution to this is not cheerleading or paying them better or praising them more, but instead enabling them to be more productive, challenging them to go faster and do better work, and helping them find the time they need to make their work more interesting.",1,not_cited,,,,0.6000000000000001,,,,
CLM-000325,51232aa625f0bee54b790b1af18d8865472c0c63,The Manager's Path: A Guide for Tech Leaders Navigating Growth and Change,Measuring the Health of Your Development Team,Frequency of Releases,89,Measuring the Health of Your Development Team > Frequency of Releases > para 89,epub:spine=11;para=89,"You have to be the advocate and push for technical process improvements that can lead to increased engineer productivity, even if you’re not implementing them all yourself.",2,not_cited,,,,0.65,,,,
CLM-000326,51232aa625f0bee54b790b1af18d8865472c0c63,The Manager's Path: A Guide for Tech Leaders Navigating Growth and Change,Measuring the Health of Your Development Team,Frequency of Releases,90,Measuring the Health of Your Development Team > Frequency of Releases > para 90,epub:spine=11;para=90,Developer tooling to enable feature toggles that make sense for your code bases is another frequent challenge.,3,not_cited,,,,0.7000000000000001,,,,
CLM-000327,51232aa625f0bee54b790b1af18d8865472c0c63,The Manager's Path: A Guide for Tech Leaders Navigating Growth and Change,Measuring the Health of Your Development Team,Frequency of Code Check-ins,91,Measuring the Health of Your Development Team > Frequency of Code Check-ins > para 91,epub:spine=11;para=91,"I’m not going to advocate for any particular software development methodology, but I find that engineers who don’t write tests often have a harder time breaking down their work, and learning how to do test-driven development (even if they don’t actually practice that on a daily basis) can help them get better at this skill.",2,not_cited,,,,0.55,,,,
CLM-000328,51232aa625f0bee54b790b1af18d8865472c0c63,The Manager's Path: A Guide for Tech Leaders Navigating Growth and Change,Measuring the Health of Your Development Team,Frequency of Incidents,94,Measuring the Health of Your Development Team > Frequency of Incidents > para 94,epub:spine=11;para=94,"I sympathize, but if your team is set up to do its own incident management, you should be moving yourself into the role of escalation support.",4,not_cited,,,,0.75,,,,
CLM-000329,51232aa625f0bee54b790b1af18d8865472c0c63,The Manager's Path: A Guide for Tech Leaders Navigating Growth and Change,Measuring the Health of Your Development Team,Frequency of Incidents,95,Measuring the Health of Your Development Team > Frequency of Incidents > para 95,epub:spine=11;para=95,"Analysis around incident management should include the question, “Is our current setup enabling my team to do what they do best every day?” Incident management, when it becomes merely reacting to incidents rather than working to reduce them, can turn into a task that diminishes your team’s ability to do what they do best.",0,not_cited,,,,0.7,,,,
CLM-000330,51232aa625f0bee54b790b1af18d8865472c0c63,The Manager's Path: A Guide for Tech Leaders Navigating Growth and Change,Measuring the Health of Your Development Team,Frequency of Incidents,96,Measuring the Health of Your Development Team > Frequency of Incidents > para 96,epub:spine=11;para=96,"Overfocusing on building systems that are defect-free, or pushing for error prevention by slowing down the development process, is often almost as bad as moving too fast and releasing unstable code.",1,not_cited,,,,0.6000000000000001,,,,
CLM-000331,51232aa625f0bee54b790b1af18d8865472c0c63,The Manager's Path: A Guide for Tech Leaders Navigating Growth and Change,"Good Manager, Bad Manager: Us Versus Them, Team Player",,97,"Good Manager, Bad Manager: Us Versus Them, Team Player >  > para 97",epub:spine=11;para=97,"They aren’t quite a culture fit, and the team quickly turns into a clique of developers who see themselves as better than the rest of the organization.",2,not_cited,,,,0.65,,,,
CLM-000332,51232aa625f0bee54b790b1af18d8865472c0c63,The Manager's Path: A Guide for Tech Leaders Navigating Growth and Change,"Good Manager, Bad Manager: Us Versus Them, Team Player",,99,"Good Manager, Bad Manager: Us Versus Them, Team Player >  > para 99",epub:spine=11;para=99,In-group teams tend to be very fragile to the loss of their leader.,1,not_cited,,,,0.6000000000000001,,,,
CLM-000333,51232aa625f0bee54b790b1af18d8865472c0c63,The Manager's Path: A Guide for Tech Leaders Navigating Growth and Change,"Good Manager, Bad Manager: Us Versus Them, Team Player",,100,"Good Manager, Bad Manager: Us Versus Them, Team Player >  > para 100",epub:spine=11;para=100,"The lack of growth for members of the team often causes the best members of the team to leave not just the group, but the company.",3,not_cited,,,,0.7500000000000001,,,,
CLM-000334,51232aa625f0bee54b790b1af18d8865472c0c63,The Manager's Path: A Guide for Tech Leaders Navigating Growth and Change,"Good Manager, Bad Manager: Us Versus Them, Team Player",,101,"Good Manager, Bad Manager: Us Versus Them, Team Player >  > para 101",epub:spine=11;para=101,"Leaders who favor an us-versus-them style tend to be empire builders, seeking out opportunities to grow their teams and their mandates without concern for what is best for the overall organization.",1,not_cited,,,,0.6000000000000001,,,,
CLM-000335,51232aa625f0bee54b790b1af18d8865472c0c63,The Manager's Path: A Guide for Tech Leaders Navigating Growth and Change,"Good Manager, Bad Manager: Us Versus Them, Team Player",,104,"Good Manager, Bad Manager: Us Versus Them, Team Player >  > para 104",epub:spine=11;para=104,"While he can see that he needs to change the team, he moves cautiously to fire people and takes the time to make sure that new hires are always vetted by someone who’s been with the company for a while.",1,not_cited,,,,0.55,,,,
CLM-000336,51232aa625f0bee54b790b1af18d8865472c0c63,The Manager's Path: A Guide for Tech Leaders Navigating Growth and Change,"Good Manager, Bad Manager: Us Versus Them, Team Player",,106,"Good Manager, Bad Manager: Us Versus Them, Team Player >  > para 106",epub:spine=11;para=106,"While the clique is fragile, especially to the loss of the leader, the purpose-driven team tends to be very resilient to the loss of individuals and leadership.",1,not_cited,,,,0.6000000000000001,,,,
CLM-000337,51232aa625f0bee54b790b1af18d8865472c0c63,The Manager's Path: A Guide for Tech Leaders Navigating Growth and Change,The Virtues of Laziness and Impatience,,114,The Virtues of Laziness and Impatience >  > para 114,epub:spine=11;para=114,"We engineers automate so that we can focus on the fun stuff — and the fun stuff is the work that uses most of your brain, and it’s not usually something you can do for hours and hours, day after day.",3,not_cited,,,,0.55,,,,
CLM-000338,51232aa625f0bee54b790b1af18d8865472c0c63,The Manager's Path: A Guide for Tech Leaders Navigating Growth and Change,The Virtues of Laziness and Impatience,,116,The Virtues of Laziness and Impatience >  > para 116,epub:spine=11;para=116,"Because “faster” is not about “the same number of hours but fewer total days.” “Faster” is about “the same value to the company in less total time.” If the team works 60 hours in a week to deliver something that otherwise would’ve taken a week and a half, they haven’t worked faster, they’ve just given the company more of their free time.",2,not_cited,,,,0.6000000000000001,,,,
CLM-000339,51232aa625f0bee54b790b1af18d8865472c0c63,The Manager's Path: A Guide for Tech Leaders Navigating Growth and Change,Chapter 7. Managing Managers,,1,Chapter 7. Managing Managers >  > para 1,epub:spine=12;para=1,"While managing multiple teams can be exhausting and daunting, managing managers adds a whole new level of complexity that is often a surprise.",0,not_cited,,,,0.55,,,,
CLM-000340,51232aa625f0bee54b790b1af18d8865472c0c63,The Manager's Path: A Guide for Tech Leaders Navigating Growth and Change,Chapter 7. Managing Managers,Ask the CTO: The Fallacy of the Open-Door Policy,17,Chapter 7. Managing Managers > Ask the CTO: The Fallacy of the Open-Door Policy > para 17,epub:spine=12;para=17,"There exists an idea that if you make yourself accessible, hold office hours where anyone can meet with you, and tell the team that you are always available, people will naturally bring their problems to your office.",1,not_cited,,,,0.55,,,,
CLM-000341,51232aa625f0bee54b790b1af18d8865472c0c63,The Manager's Path: A Guide for Tech Leaders Navigating Growth and Change,Chapter 7. Managing Managers,Ask the CTO: The Fallacy of the Open-Door Policy,18,Chapter 7. Managing Managers > Ask the CTO: The Fallacy of the Open-Door Policy > para 18,epub:spine=12;para=18,"Even on teams you build yourself, where there’s a huge level of trust and respect, some problems will just never get escalated to you.",3,not_cited,,,,0.6000000000000001,,,,
CLM-000342,51232aa625f0bee54b790b1af18d8865472c0c63,The Manager's Path: A Guide for Tech Leaders Navigating Growth and Change,Skip-Level Meetings,,46,Skip-Level Meetings >  > para 46,epub:spine=12;para=46,"And even if the team members haven’t changed, they won’t always come to you with problems they have with their manager.",6,not_cited,,,,0.6000000000000001,,,,
CLM-000343,51232aa625f0bee54b790b1af18d8865472c0c63,The Manager's Path: A Guide for Tech Leaders Navigating Growth and Change,Manager Accountability,,47,Manager Accountability >  > para 47,epub:spine=12;para=47,"Your managers should allow you to spend more time on the bigger picture, and less time on the details of any one team.",1,not_cited,,,,0.75,,,,
CLM-000344,51232aa625f0bee54b790b1af18d8865472c0c63,The Manager's Path: A Guide for Tech Leaders Navigating Growth and Change,Manager Accountability,,47,Manager Accountability >  > para 47,epub:spine=12;para=47,They’re more than just people who take some 1-1 meetings off your hands; they are responsible for taking a team of people and helping that team succeed.,3,not_cited,,,,0.7000000000000001,,,,
CLM-000345,51232aa625f0bee54b790b1af18d8865472c0c63,The Manager's Path: A Guide for Tech Leaders Navigating Growth and Change,Manager Accountability,,49,Manager Accountability >  > para 49,epub:spine=12;para=49,It’s hard to hold your managers accountable because accountability on complex teams is often muddled.,0,not_cited,,,,0.6000000000000001,,,,
CLM-000346,51232aa625f0bee54b790b1af18d8865472c0c63,The Manager's Path: A Guide for Tech Leaders Navigating Growth and Change,Manager Accountability,,51,Manager Accountability >  > para 51,epub:spine=12;para=51,"The team doesn’t feel very productive, the systems are unstable, and there is some attrition happening, but the product organization keeps changing the goals for the team and everything is always an urgent mandate.",0,not_cited,,,,0.6000000000000001,,,,
CLM-000347,51232aa625f0bee54b790b1af18d8865472c0c63,The Manager's Path: A Guide for Tech Leaders Navigating Growth and Change,Manager Accountability,,55,Manager Accountability >  > para 55,epub:spine=12;para=55,"When the product organization is constantly changing goals, the manager should identify that the changes are causing problems on the team, and work with product to explain the problem and refocus on what’s important.",0,not_cited,,,,0.75,,,,
CLM-000348,51232aa625f0bee54b790b1af18d8865472c0c63,The Manager's Path: A Guide for Tech Leaders Navigating Growth and Change,Manager Accountability,,57,Manager Accountability >  > para 57,epub:spine=12;para=57,"If the team can’t do anything but fight fires, the manager should put together a plan for tackling the causes of the fires, and if necessary bring requests for hiring more people or adding more people to the team so that they can get the situation under control.",1,not_cited,,,,0.85,,,,
CLM-000349,51232aa625f0bee54b790b1af18d8865472c0c63,The Manager's Path: A Guide for Tech Leaders Navigating Growth and Change,"Good Manager, Bad Manager: The People Pleaser",,72,"Good Manager, Bad Manager: The People Pleaser >  > para 72",epub:spine=12;para=72,"As a result, she spends a great deal of energy managing upward and outward, and in particular tends to significantly overcommit her team.",2,not_cited,,,,0.6000000000000001,,,,
CLM-000350,51232aa625f0bee54b790b1af18d8865472c0c63,The Manager's Path: A Guide for Tech Leaders Navigating Growth and Change,"Good Manager, Bad Manager: The People Pleaser",,72,"Good Manager, Bad Manager: The People Pleaser >  > para 72",epub:spine=12;para=72,"This may seem surprising, but this people pleaser struggles to have difficult conversations internally so she avoids talking about serious issues within the team, and this can actually lead to a refusal to acknowledge good work as well as problems.",4,not_cited,,,,0.65,,,,
CLM-000351,51232aa625f0bee54b790b1af18d8865472c0c63,The Manager's Path: A Guide for Tech Leaders Navigating Growth and Change,"Good Manager, Bad Manager: The People Pleaser",,74,"Good Manager, Bad Manager: The People Pleaser >  > para 74",epub:spine=12;para=74,"People pleasers who focus externally can be a huge blind spot for their managers: because they’re so focused on only talking about good things and saying yes to everything that comes their way, their managers often don’t even know about problems on the team or within projects until it’s too late.",0,not_cited,,,,0.55,,,,
CLM-000352,51232aa625f0bee54b790b1af18d8865472c0c63,The Manager's Path: A Guide for Tech Leaders Navigating Growth and Change,"Good Manager, Bad Manager: The People Pleaser",,75,"Good Manager, Bad Manager: The People Pleaser >  > para 75",epub:spine=12;para=75,"A team pleaser sets her team up to fail by promising things that aren’t realistic, and the result is often a team that feels extremely bitter toward either the manager or the company for failure to live up to these inflated expectations.",3,not_cited,,,,0.6000000000000001,,,,
CLM-000353,51232aa625f0bee54b790b1af18d8865472c0c63,The Manager's Path: A Guide for Tech Leaders Navigating Growth and Change,Managing New Managers,,80,Managing New Managers >  > para 80,epub:spine=12;para=80,"When you’ve hired or promoted a new manager, you’re often eager to let her loose completely over her team.",0,not_cited,,,,0.6000000000000001,,,,
CLM-000354,51232aa625f0bee54b790b1af18d8865472c0c63,The Manager's Path: A Guide for Tech Leaders Navigating Growth and Change,Managing New Managers,,83,Managing New Managers >  > para 83,epub:spine=12;para=83,"Overwork is also often a sign of another new manager danger: the person who thinks she’s now in control, the taskmaster of the team, responsible for making all of the decisions.",0,not_cited,,,,0.6000000000000001,,,,
CLM-000355,51232aa625f0bee54b790b1af18d8865472c0c63,The Manager's Path: A Guide for Tech Leaders Navigating Growth and Change,Managing New Managers,,83,Managing New Managers >  > para 83,epub:spine=12;para=83,"Control freaks usually have bad relationships with their peers in product management and other tech teams, because they often fight to make decisions alone instead of collaborating.",6,not_cited,,,,0.6000000000000001,,,,
CLM-000356,51232aa625f0bee54b790b1af18d8865472c0c63,The Manager's Path: A Guide for Tech Leaders Navigating Growth and Change,Managing New Managers,,85,Managing New Managers >  > para 85,epub:spine=12;para=85,"I am hugely in favor of making engineers who wish to go into management take baby steps of mentoring and managing very small teams, but this is not always possible and doesn’t always shake out problems that come with scale.",2,not_cited,,,,0.6000000000000001,,,,
CLM-000357,51232aa625f0bee54b790b1af18d8865472c0c63,The Manager's Path: A Guide for Tech Leaders Navigating Growth and Change,Managing Experienced Managers,,89,Managing Experienced Managers >  > para 89,epub:spine=12;para=89,"However, often we overvalue expertise in product areas and allow it to blind us to cultural and process fit with our companies and teams.",4,not_cited,,,,0.6000000000000001,,,,
CLM-000358,51232aa625f0bee54b790b1af18d8865472c0c63,The Manager's Path: A Guide for Tech Leaders Navigating Growth and Change,Managing Experienced Managers,,92,Managing Experienced Managers >  > para 92,epub:spine=12;para=92,"You’re responsible for cultivating the culture of your organization, and especially when you’ve been at the company for a longer period of time, you should ensure that all of your managers respect and nurture the type of culture that you think is best for the team.",1,not_cited,,,,0.75,,,,
CLM-000359,51232aa625f0bee54b790b1af18d8865472c0c63,The Manager's Path: A Guide for Tech Leaders Navigating Growth and Change,Hiring Managers,,98,Hiring Managers >  > para 98,epub:spine=12;para=98,"Similar to a senior engineer being asked how he might approach debugging an issue that you just resolved, a good manager — even without a full understanding of the people or projects involved — should have good instincts for questions to ask and suggested next steps that might improve matters.",4,not_cited,,,,0.7,,,,
CLM-000360,51232aa625f0bee54b790b1af18d8865472c0c63,The Manager's Path: A Guide for Tech Leaders Navigating Growth and Change,Hiring Managers,,99,Hiring Managers >  > para 99,epub:spine=12;para=99,"Importantly, a manager must also be able to debug teams.",0,not_cited,,,,0.75,,,,
CLM-000361,51232aa625f0bee54b790b1af18d8865472c0c63,The Manager's Path: A Guide for Tech Leaders Navigating Growth and Change,Hiring Managers,Ask the CTO: Managing Outside Your Skill Set,109,Hiring Managers > Ask the CTO: Managing Outside Your Skill Set > para 109,epub:spine=12;para=109,"It’s easy to think of this as a small leap from managing other software developers, but in my experience, you need to track different important details than you’re used to in these areas, and if you’ve never managed these types of teams before, it’s hard to know which details to focus on.",1,not_cited,,,,0.6000000000000001,,,,
CLM-000362,51232aa625f0bee54b790b1af18d8865472c0c63,The Manager's Path: A Guide for Tech Leaders Navigating Growth and Change,Debugging Dysfunctional Organizations,Have a Hypothesis,117,Debugging Dysfunctional Organizations > Have a Hypothesis > para 117,epub:spine=12;para=117,"As an added challenge, team problems are not generally single failures but are more like performance issues.",3,not_cited,,,,0.6000000000000001,,,,
CLM-000363,51232aa625f0bee54b790b1af18d8865472c0c63,The Manager's Path: A Guide for Tech Leaders Navigating Growth and Change,Debugging Dysfunctional Organizations,Observe the Team,119,Debugging Dysfunctional Organizations > Observe the Team > para 119,epub:spine=12;para=119,"Perhaps everything seems OK in all of these indicators, but the team still just is not performing as well as you believe they should.",0,not_cited,,,,0.75,,,,
CLM-000364,51232aa625f0bee54b790b1af18d8865472c0c63,The Manager's Path: A Guide for Tech Leaders Navigating Growth and Change,Debugging Dysfunctional Organizations,Observe the Team,120,Debugging Dysfunctional Organizations > Observe the Team > para 120,epub:spine=12;para=120,They often signal a lack of healthy conflict on a team.,4,not_cited,,,,0.6000000000000001,,,,
CLM-000365,51232aa625f0bee54b790b1af18d8865472c0c63,The Manager's Path: A Guide for Tech Leaders Navigating Growth and Change,Debugging Dysfunctional Organizations,Observe the Team,120,Debugging Dysfunctional Organizations > Observe the Team > para 120,epub:spine=12;para=120,"If people are afraid to disagree or bring up issues for fear of dealing with conflict, or if managers always shut down conflict without letting disagreements air, this is a sign of an unhealthy team culture.",7,not_cited,,,,0.6000000000000001,,,,
CLM-000366,51232aa625f0bee54b790b1af18d8865472c0c63,The Manager's Path: A Guide for Tech Leaders Navigating Growth and Change,Debugging Dysfunctional Organizations,Check the Team Dynamics,123,Debugging Dysfunctional Organizations > Check the Team Dynamics > para 123,epub:spine=12;para=123,A bunch of people who never talk to each other and are always working on independent projects are not really working as a team.,7,not_cited,,,,0.6000000000000001,,,,
CLM-000367,51232aa625f0bee54b790b1af18d8865472c0c63,The Manager's Path: A Guide for Tech Leaders Navigating Growth and Change,Setting Expectations and Delivering on Schedule,,129,Setting Expectations and Delivering on Schedule >  > para 129,epub:spine=12;para=129,"This means you must be aggressive about getting estimates, and as we all know, software estimation is a very difficult process.",1,not_cited,,,,0.75,,,,
CLM-000368,51232aa625f0bee54b790b1af18d8865472c0c63,The Manager's Path: A Guide for Tech Leaders Navigating Growth and Change,Setting Expectations and Delivering on Schedule,,130,Setting Expectations and Delivering on Schedule >  > para 130,epub:spine=12;para=130,"This philosophy is completely reasonable if you believe that estimates must be fairly accurate, that the requirements are unknown or will change frequently, and that most of the work should be bound to features that mostly fit within one or two sprint efforts.",1,not_cited,,,,0.75,,,,
CLM-000369,51232aa625f0bee54b790b1af18d8865472c0c63,The Manager's Path: A Guide for Tech Leaders Navigating Growth and Change,Setting Expectations and Delivering on Schedule,,130,Setting Expectations and Delivering on Schedule >  > para 130,epub:spine=12;para=130,Estimates are often useful even if they aren’t perfectly accurate because they help escalate complexity to the rest of the team.,3,not_cited,,,,0.6000000000000001,,,,
CLM-000370,51232aa625f0bee54b790b1af18d8865472c0c63,The Manager's Path: A Guide for Tech Leaders Navigating Growth and Change,Challenging Situations: Roadmap Uncertainty,,138,Challenging Situations: Roadmap Uncertainty >  > para 138,epub:spine=12;para=138,"And yet the product team will never have technical debt on their roadmap, so the planning process often means there is no time allotted for this type of work.",2,not_cited,,,,0.6000000000000001,,,,
CLM-000371,51232aa625f0bee54b790b1af18d8865472c0c63,The Manager's Path: A Guide for Tech Leaders Navigating Growth and Change,Staying Technically Relevant,Make Specific Requests,155,Staying Technically Relevant > Make Specific Requests > para 155,epub:spine=12;para=155,These specific requests should be used to keep the teams productive and balance technical risks with organizational goals.,2,not_cited,,,,0.75,,,,
CLM-000372,51232aa625f0bee54b790b1af18d8865472c0c63,The Manager's Path: A Guide for Tech Leaders Navigating Growth and Change,Staying Technically Relevant,Use Your Experience as a Gut Check,162,Staying Technically Relevant > Use Your Experience as a Gut Check > para 162,epub:spine=12;para=162,These meetings are often full of details about the process of writing and deploying software that you miss when you aren’t coding every day.,2,not_cited,,,,0.6000000000000001,,,,
CLM-000373,51232aa625f0bee54b790b1af18d8865472c0c63,The Manager's Path: A Guide for Tech Leaders Navigating Growth and Change,Staying Technically Relevant,Use Your Experience as a Gut Check,162,Staying Technically Relevant > Use Your Experience as a Gut Check > para 162,epub:spine=12;para=162,"Communication between teams is lacking, and tooling is hurting more than it is helping.",4,not_cited,,,,0.65,,,,
CLM-000374,51232aa625f0bee54b790b1af18d8865472c0c63,The Manager's Path: A Guide for Tech Leaders Navigating Growth and Change,Models for Thinking About Tech Senior Leadership,,27,Models for Thinking About Tech Senior Leadership >  > para 27,epub:spine=13;para=27,"When a company sells software-based products to other companies, one of the senior technology leaders usually is expected to participate in this sales cycle.",0,not_cited,,,,0.6000000000000001,,,,
CLM-000375,51232aa625f0bee54b790b1af18d8865472c0c63,The Manager's Path: A Guide for Tech Leaders Navigating Growth and Change,Models for Thinking About Tech Senior Leadership,,32,Models for Thinking About Tech Senior Leadership >  > para 32,epub:spine=13;para=32,"R&D, technology strategy, external face of technology: CTO, Chief Scientist, Chief Architect, sometimes Chief Product Officer, usually for a company that is selling a software-based product",0,not_cited,,,,0.6000000000000001,,,,
CLM-000376,51232aa625f0bee54b790b1af18d8865472c0c63,The Manager's Path: A Guide for Tech Leaders Navigating Growth and Change,What’s a VP of Engineering?,,40,What’s a VP of Engineering? >  > para 40,epub:spine=13;para=40,The VP is usually at the top of the management career ladder for engineers.,2,not_cited,,,,0.6000000000000001,,,,
CLM-000377,51232aa625f0bee54b790b1af18d8865472c0c63,The Manager's Path: A Guide for Tech Leaders Navigating Growth and Change,What’s a VP of Engineering?,,40,What’s a VP of Engineering? >  > para 40,epub:spine=13;para=40,"This generally means that the VP is expected to be an experienced manager of people, projects, teams, and departments.",3,not_cited,,,,0.6000000000000001,,,,
CLM-000378,51232aa625f0bee54b790b1af18d8865472c0c63,The Manager's Path: A Guide for Tech Leaders Navigating Growth and Change,What’s a VP of Engineering?,,43,What’s a VP of Engineering? >  > para 43,epub:spine=13;para=43,"She should be a coach to the engineering management team, identifying and improving existing talent and working with HR to provide training and development resources for those leaders.",3,not_cited,,,,0.75,,,,
CLM-000379,51232aa625f0bee54b790b1af18d8865472c0c63,The Manager's Path: A Guide for Tech Leaders Navigating Growth and Change,What’s a VP of Engineering?,,45,What’s a VP of Engineering? >  > para 45,epub:spine=13;para=45,"She should have a strong business and product instinct and a track record of getting teams to deliver big projects, including the ability to negotiate deliverables.",3,not_cited,,,,0.75,,,,
CLM-000380,51232aa625f0bee54b790b1af18d8865472c0c63,The Manager's Path: A Guide for Tech Leaders Navigating Growth and Change,What’s a CTO?,,57,What’s a CTO? >  > para 57,epub:spine=13;para=57,The CTO must protect the technology team from becoming a pure execution arm for ideas without tending to its own needs and its own ideas.,3,not_cited,,,,0.75,,,,
CLM-000381,51232aa625f0bee54b790b1af18d8865472c0c63,The Manager's Path: A Guide for Tech Leaders Navigating Growth and Change,What’s a CTO?,,59,What’s a CTO? >  > para 59,epub:spine=13;para=59,"They understood the business and its technical challenges, and were often called on to help inspire the engineering team and help with recruiting.",2,not_cited,,,,0.6000000000000001,,,,
CLM-000382,51232aa625f0bee54b790b1af18d8865472c0c63,The Manager's Path: A Guide for Tech Leaders Navigating Growth and Change,What’s a CTO?,,59,What’s a CTO? >  > para 59,epub:spine=13;para=59,"Yet they had trouble being successful because they often lacked the direct management oversight of any teams, and because technology was frequently viewed as an execution arm, they didn’t have much strategic influence.",3,not_cited,,,,0.6000000000000001,,,,
CLM-000383,51232aa625f0bee54b790b1af18d8865472c0c63,The Manager's Path: A Guide for Tech Leaders Navigating Growth and Change,What’s a CTO?,Ask the CTO: Where Do I Fit?,67,What’s a CTO? > Ask the CTO: Where Do I Fit? > para 67,epub:spine=13;para=67,"I was always thinking about the technical architecture, but when my job required it I was happy to focus on the organization.",2,not_cited,,,,0.6000000000000001,,,,
CLM-000384,51232aa625f0bee54b790b1af18d8865472c0c63,The Manager's Path: A Guide for Tech Leaders Navigating Growth and Change,Changing Priorities,,72,Changing Priorities >  > para 72,epub:spine=13;para=72,"When you feel the need to ask it of your own teams, ask yourself why they don’t understand what the priorities are and what they should be cutting to address them.",2,not_cited,,,,0.75,,,,
CLM-000385,51232aa625f0bee54b790b1af18d8865472c0c63,The Manager's Path: A Guide for Tech Leaders Navigating Growth and Change,Changing Priorities,,74,Changing Priorities >  > para 74,epub:spine=13;para=74,"If you think that the team needs to finish their current work before shifting to the new top priority, you must communicate that clearly.",4,not_cited,,,,0.75,,,,
CLM-000386,51232aa625f0bee54b790b1af18d8865472c0c63,The Manager's Path: A Guide for Tech Leaders Navigating Growth and Change,Senior Peers in Other Functions,,107,Senior Peers in Other Functions >  > para 107,epub:spine=13;para=107,"Senior leaders, more than any other group in a company, must actively practice first-team focus (introduced in Chapter 6 ).",0,not_cited,,,,0.9,,,,
CLM-000387,51232aa625f0bee54b790b1af18d8865472c0c63,The Manager's Path: A Guide for Tech Leaders Navigating Growth and Change,Senior Peers in Other Functions,,107,Senior Peers in Other Functions >  > para 107,epub:spine=13;para=107,"Leadership books such as Patrick Lencioni’s The Five Dysfunctions of a Team 2 write about this relationship, and while many of us start to practice this type of leadership with other engineering managers as our “first team,” senior leadership is often the first time your peers all operate in a very different way than you’re used to, and having few to no peers on your first team who are fellow engineers can feel very isolating.",2,not_cited,,,,0.6000000000000001,,,,
CLM-000388,51232aa625f0bee54b790b1af18d8865472c0c63,The Manager's Path: A Guide for Tech Leaders Navigating Growth and Change,The Echo,,121,The Echo >  > para 121,epub:spine=13;para=121,"You may not be “one of the team,” but that doesn’t mean you should stop caring about the team as individuals.",0,not_cited,,,,0.7,,,,
CLM-000389,51232aa625f0bee54b790b1af18d8865472c0c63,The Manager's Path: A Guide for Tech Leaders Navigating Growth and Change,"Ruling with Fear, Guiding with Trust",,125,"Ruling with Fear, Guiding with Trust >  > para 125",epub:spine=13;para=125,"His first instinct is to ask questions, and these questions often cause the team to come to their own realizations about what’s going wrong.",3,not_cited,,,,0.7500000000000001,,,,
CLM-000390,51232aa625f0bee54b790b1af18d8865472c0c63,The Manager's Path: A Guide for Tech Leaders Navigating Growth and Change,"Ruling with Fear, Guiding with Trust",,127,"Ruling with Fear, Guiding with Trust >  > para 127",epub:spine=13;para=127,"What your attacks have done is create a culture where members of the team are afraid to engage with you, to ask you questions, or to ask you for feedback — which then leads to a vicious cycle of you not trusting them and them making mistakes.",2,not_cited,,,,0.7000000000000001,,,,
CLM-000391,51232aa625f0bee54b790b1af18d8865472c0c63,The Manager's Path: A Guide for Tech Leaders Navigating Growth and Change,True North,,146,True North >  > para 146,epub:spine=13;para=146,"That being said, True North helps us understand that all these issues must be carefully considered when we put code into production.",1,not_cited,,,,0.75,,,,
CLM-000392,51232aa625f0bee54b790b1af18d8865472c0c63,The Manager's Path: A Guide for Tech Leaders Navigating Growth and Change,True North,,150,True North >  > para 150,epub:spine=13;para=150,"That means staying technical; following through with projects, languages, or frameworks long enough to learn more than their basics; and also pushing yourself to keep learning new things even when your day-to-day doesn’t involve writing code.",2,not_cited,,,,0.65,,,,
CLM-000393,51232aa625f0bee54b790b1af18d8865472c0c63,The Manager's Path: A Guide for Tech Leaders Navigating Growth and Change,Chapter 9. Bootstrapping Culture,,2,Chapter 9. Bootstrapping Culture >  > para 2,epub:spine=14;para=2,"I have seen surveys of startup teams in which the idea of introducing structure evoked such reactions as “slow” and “innovation-crushing.” These respondents believed structure is the reason large companies move slowly, foster bureaucracy, and are generally boring places for bright people to work.",1,not_cited,,,,0.6000000000000001,,,,
CLM-000394,51232aa625f0bee54b790b1af18d8865472c0c63,The Manager's Path: A Guide for Tech Leaders Navigating Growth and Change,Chapter 9. Bootstrapping Culture,,8,Chapter 9. Bootstrapping Culture >  > para 8,epub:spine=14;para=8,"Having no titles is in one sense a decision, but in another sense it’s a decision that means you never need to decide what someone’s title will be, you won’t need to worry about promoting people to new titles, and you don’t need to build up the apparatus that will make future decisions about titles because you have removed that as an option.",1,not_cited,,,,0.6000000000000001,,,,
CLM-000395,51232aa625f0bee54b790b1af18d8865472c0c63,The Manager's Path: A Guide for Tech Leaders Navigating Growth and Change,Chapter 9. Bootstrapping Culture,,15,Chapter 9. Bootstrapping Culture >  > para 15,epub:spine=14;para=15,"Even when the overall company grows beyond the small group, the engineering team often pushes itself to stay unstructured.",1,not_cited,,,,0.6000000000000001,,,,
CLM-000396,51232aa625f0bee54b790b1af18d8865472c0c63,The Manager's Path: A Guide for Tech Leaders Navigating Growth and Change,Chapter 9. Bootstrapping Culture,,15,Chapter 9. Bootstrapping Culture >  > para 15,epub:spine=14;para=15,Hiring “full stack” engineers who are exclusively sourced from the professional and social networks of the current team results in low skill specialization and high homogeneity.,2,not_cited,,,,0.7000000000000001,,,,
CLM-000397,51232aa625f0bee54b790b1af18d8865472c0c63,The Manager's Path: A Guide for Tech Leaders Navigating Growth and Change,Chapter 9. Bootstrapping Culture,,16,Chapter 9. Bootstrapping Culture >  > para 16,epub:spine=14;para=16,"After all, these engineering teams are often the well-paid darlings of the company!",1,not_cited,,,,0.6000000000000001,,,,
CLM-000398,51232aa625f0bee54b790b1af18d8865472c0c63,The Manager's Path: A Guide for Tech Leaders Navigating Growth and Change,Chapter 9. Bootstrapping Culture,,17,Chapter 9. Bootstrapping Culture >  > para 17,epub:spine=14;para=17,There is a reason that you often find a lot of spaghetti code in early startups.,1,not_cited,,,,0.6000000000000001,,,,
CLM-000399,51232aa625f0bee54b790b1af18d8865472c0c63,The Manager's Path: A Guide for Tech Leaders Navigating Growth and Change,Chapter 9. Bootstrapping Culture,,17,Chapter 9. Bootstrapping Culture >  > para 17,epub:spine=14;para=17,"When work is done to satisfy an immediate task, in a unified code base worked on by a team of interchangeables, the result is not usually a larger thoughtful structure, but a tweak here, a hack there — anything to get things done and moving forward.",2,not_cited,,,,0.6000000000000001,,,,
CLM-000400,51232aa625f0bee54b790b1af18d8865472c0c63,The Manager's Path: A Guide for Tech Leaders Navigating Growth and Change,Creating Your Culture,,37,Creating Your Culture >  > para 37,epub:spine=14;para=37,"But in complex environments where the needs of the group must override the needs of the individual, cultural values are the glue that enables us to work as a team and make decisions when faced with uncertainty.",3,not_cited,,,,0.9,,,,
CLM-000401,51232aa625f0bee54b790b1af18d8865472c0c63,The Manager's Path: A Guide for Tech Leaders Navigating Growth and Change,Applying Core Values,,45,Applying Core Values >  > para 45,epub:spine=14;para=45,"One of the most important uses of performance reviews is to evaluate the alignment between team members’ values and the company’s values, and therefore what values should be part of your performance review process.",0,not_cited,,,,0.75,,,,
CLM-000402,51232aa625f0bee54b790b1af18d8865472c0c63,The Manager's Path: A Guide for Tech Leaders Navigating Growth and Change,Applying Core Values,,47,Applying Core Values >  > para 47,epub:spine=14;para=47,The shortcuts you get by hiring friends are not usually the values you need to form a strong team.,6,not_cited,,,,0.6000000000000001,,,,
CLM-000403,51232aa625f0bee54b790b1af18d8865472c0c63,The Manager's Path: A Guide for Tech Leaders Navigating Growth and Change,Applying Core Values,,48,Applying Core Values >  > para 48,epub:spine=14;para=48,A very smart engineer who really values independence may not be a fit for a team where everyone must collaborate extensively on all projects.,3,not_cited,,,,0.7,,,,
CLM-000404,51232aa625f0bee54b790b1af18d8865472c0c63,The Manager's Path: A Guide for Tech Leaders Navigating Growth and Change,Writing a Career Ladder,,59,Writing a Career Ladder >  > para 59,epub:spine=14;para=59,"If you don’t have many levels, you’ll need to have very wide salary bands to account for the fact that two people within that level can perform very differently, and to account for the fact that engineers tend to expect to get salary increases frequently, especially in the earlier parts of their careers.",3,not_cited,,,,0.55,,,,
CLM-000405,51232aa625f0bee54b790b1af18d8865472c0c63,The Manager's Path: A Guide for Tech Leaders Navigating Growth and Change,Writing a Career Ladder,,62,Writing a Career Ladder >  > para 62,epub:spine=14;para=62,That means a strong software engineer may make more than a senior engineer.,4,not_cited,,,,0.6,,,,
CLM-000406,51232aa625f0bee54b790b1af18d8865472c0c63,The Manager's Path: A Guide for Tech Leaders Navigating Growth and Change,Writing a Career Ladder,,66,Writing a Career Ladder >  > para 66,epub:spine=14;para=66,"For most companies, the tracks should split when people start to exhibit leadership, whether that leadership involves managing humans or designing software.",2,not_cited,,,,0.75,,,,
CLM-000407,51232aa625f0bee54b790b1af18d8865472c0c63,The Manager's Path: A Guide for Tech Leaders Navigating Growth and Change,Writing a Career Ladder,,66,Writing a Career Ladder >  > para 66,epub:spine=14;para=66,"Great senior individual contributors still know how to manage projects and mentor more junior members of their team, so consider making leadership experience (usually via acting as a tech lead) a requirement for promotion to senior individual contributor levels.",4,not_cited,,,,0.6000000000000001,,,,
CLM-000408,51232aa625f0bee54b790b1af18d8865472c0c63,The Manager's Path: A Guide for Tech Leaders Navigating Growth and Change,Cross-Functional Teams,,75,Cross-Functional Teams >  > para 75,epub:spine=14;para=75,"So, should you adopt this structure, you have to decide where you’re willing to take some system design hits in order to most effectively create products.",3,not_cited,,,,0.75,,,,
CLM-000409,51232aa625f0bee54b790b1af18d8865472c0c63,The Manager's Path: A Guide for Tech Leaders Navigating Growth and Change,Cross-Functional Teams,Structuring Cross-Functional Teams,78,Cross-Functional Teams > Structuring Cross-Functional Teams > para 78,epub:spine=14;para=78,"Banks, for example, often have technology teams that are attached to specific areas of the business, and while the management structure is formed by engineers, the roadmap and day-to-day work are jointly determined by the needs of the business unit and its associated engineering team.",2,not_cited,,,,0.6000000000000001,,,,
CLM-000410,51232aa625f0bee54b790b1af18d8865472c0c63,The Manager's Path: A Guide for Tech Leaders Navigating Growth and Change,Cross-Functional Teams,Structuring Cross-Functional Teams,78,Cross-Functional Teams > Structuring Cross-Functional Teams > para 78,epub:spine=14;para=78,There is generally a centralized infrastructure team that supports both fundamental systems as well as large frameworks and technologies that will be used by many teams across the company.,3,not_cited,,,,0.6000000000000001,,,,
CLM-000411,51232aa625f0bee54b790b1af18d8865472c0c63,The Manager's Path: A Guide for Tech Leaders Navigating Growth and Change,Cross-Functional Teams,Structuring Cross-Functional Teams,80,Cross-Functional Teams > Structuring Cross-Functional Teams > para 80,epub:spine=14;para=80,"On the other hand, in the areas where the technology must be rock-solid or exceptionally innovative and cutting-edge, you probably want teams that have more of an engineering focus and that are led by people who can design complex systems.",3,not_cited,,,,0.7,,,,
CLM-000412,51232aa625f0bee54b790b1af18d8865472c0c63,The Manager's Path: A Guide for Tech Leaders Navigating Growth and Change,Developing Engineering Processes,,82,Developing Engineering Processes >  > para 82,epub:spine=14;para=82,"Career ladders, values, team structures — all of those are easy compared to the general angst and frustration that you can cause by adopting the wrong engineering processes for your teams.",1,not_cited,,,,0.65,,,,
CLM-000413,51232aa625f0bee54b790b1af18d8865472c0c63,The Manager's Path: A Guide for Tech Leaders Navigating Growth and Change,Developing Engineering Processes,Ask the CTO: Engineering Process,83,Developing Engineering Processes > Ask the CTO: Engineering Process > para 83,epub:spine=14;para=83,"We have very little process right now: there are no code reviews, we use Trello to manage tasks but rarely put everything into that system, and our architecture decisions tend to be made by whomever is working on the project at the time, with my sign-off.",1,not_cited,,,,0.6000000000000001,,,,
CLM-000414,51232aa625f0bee54b790b1af18d8865472c0c63,The Manager's Path: A Guide for Tech Leaders Navigating Growth and Change,Developing Engineering Processes,Ask the CTO: Engineering Process,89,Developing Engineering Processes > Ask the CTO: Engineering Process > para 89,epub:spine=14;para=89,The first is that you should not put a complicated process on any activity where you want people to move quickly and where you believe the risk for change in that activity is low or that the risks themselves are obvious to the whole team.,1,not_cited,,,,0.75,,,,
CLM-000415,51232aa625f0bee54b790b1af18d8865472c0c63,The Manager's Path: A Guide for Tech Leaders Navigating Growth and Change,Developing Engineering Processes,Ask the CTO: Engineering Process,90,Developing Engineering Processes > Ask the CTO: Engineering Process > para 90,epub:spine=14;para=90,"The processes should have value even when they are not followed perfectly, and that value should largely lie in the act of socializing change or risk to the team as a whole.",2,not_cited,,,,0.75,,,,
CLM-000416,51232aa625f0bee54b790b1af18d8865472c0c63,The Manager's Path: A Guide for Tech Leaders Navigating Growth and Change,Practical Advice: Depersonalize Decision Making,,91,Practical Advice: Depersonalize Decision Making >  > para 91,epub:spine=14;para=91,There are three major processes that you should consider adding as your team grows.,0,not_cited,,,,0.75,,,,
CLM-000417,51232aa625f0bee54b790b1af18d8865472c0c63,The Manager's Path: A Guide for Tech Leaders Navigating Growth and Change,Practical Advice: Depersonalize Decision Making,Code Review,92,Practical Advice: Depersonalize Decision Making > Code Review > para 92,epub:spine=14;para=92,"Additionally, code review is often a place where engineers behave poorly toward one another, using it as a platform to criticize their colleagues or to enforce unrealistic standards.",3,not_cited,,,,0.6000000000000001,,,,
CLM-000418,51232aa625f0bee54b790b1af18d8865472c0c63,The Manager's Path: A Guide for Tech Leaders Navigating Growth and Change,Practical Advice: Depersonalize Decision Making,Code Review,94,Practical Advice: Depersonalize Decision Making > Code Review > para 94,epub:spine=14;para=94,This should not be up for debate in code review.,2,not_cited,,,,0.75,,,,
CLM-000419,51232aa625f0bee54b790b1af18d8865472c0c63,The Manager's Path: A Guide for Tech Leaders Navigating Growth and Change,Practical Advice: Depersonalize Decision Making,Code Review,94,Practical Advice: Depersonalize Decision Making > Code Review > para 94,epub:spine=14;para=94,"Allowing style to be up for discussion in code review often leads to nitpicking and criticism that can feel unproductive at best, and bullying at worst.",4,not_cited,,,,0.7000000000000001,,,,
CLM-000420,51232aa625f0bee54b790b1af18d8865472c0c63,The Manager's Path: A Guide for Tech Leaders Navigating Growth and Change,Practical Advice: Depersonalize Decision Making,The Outage Postmortem,96,Practical Advice: Depersonalize Decision Making > The Outage Postmortem > para 96,epub:spine=14;para=96,"In fact, instead of calling the process a postmortem, many have started calling it a “learning review” to indicate that its purpose is not determining cause of death but learning from the incident.",1,not_cited,,,,0.7000000000000001,,,,
CLM-000421,51232aa625f0bee54b790b1af18d8865472c0c63,The Manager's Path: A Guide for Tech Leaders Navigating Growth and Change,Practical Advice: Depersonalize Decision Making,Architecture Review,106,Practical Advice: Depersonalize Decision Making > Architecture Review > para 106,epub:spine=14;para=106,"Usually these include new languages, new frameworks, new storage systems, and new developer tooling.",1,not_cited,,,,0.6000000000000001,,,,
CLM-000422,51232aa625f0bee54b790b1af18d8865472c0c63,The Manager's Path: A Guide for Tech Leaders Navigating Growth and Change,Practical Advice: Depersonalize Decision Making,Architecture Review,107,Practical Advice: Depersonalize Decision Making > Architecture Review > para 107,epub:spine=14;para=107,You may or may not choose to have the team answer the question of why you should make this change in the first place.,3,not_cited,,,,0.7,,,,
CLM-000423,51232aa625f0bee54b790b1af18d8865472c0c63,The Manager's Path: A Guide for Tech Leaders Navigating Growth and Change,Index,D,157,Index > D > para 157,epub:spine=16;para=157,"delegating decisions regarding , Decisions and Delegation - Delegate Complex and Frequent Tasks to Develop Your Team effective, characteristics of , Good Manager, Bad Manager: Micromanager, Delegator - Good Manager, Bad Manager: Micromanager, Delegator goals for, setting , Use the Team’s Goals to Understand Which Details You Should Dig Into micromanagers’ problems with , Good Manager, Bad Manager: Micromanager, Delegator monitoring status of , Treat the Open Sharing of Information, Good or Bad, in a Neutral to Positive Way standards for, setting , Establish Standards for Code and Systems system information used in , Gather Information from the Systems Before Going to the People tailored to stage of project , Adjust Your Focus Depending on the Stage of Projects",0,not_cited,,,,0.75,,,,
CLM-000424,51232aa625f0bee54b790b1af18d8865472c0c63,The Manager's Path: A Guide for Tech Leaders Navigating Growth and Change,Index,D,160,Index > D > para 160,epub:spine=16;para=160,"goals for, setting , Use the Team’s Goals to Understand Which Details You Should Dig Into",0,not_cited,,,,0.75,,,,
CLM-000425,51232aa625f0bee54b790b1af18d8865472c0c63,The Manager's Path: A Guide for Tech Leaders Navigating Growth and Change,Index,D,168,Index > D > para 168,epub:spine=16;para=168,"documentation career ladder , Writing a Career Ladder - Writing a Career Ladder cultural policy documents , Creating Cultural Policy - Creating Cultural Policy of feedback meetings , The Feedback Meeting onboarding documentation , Mentoring a New Hire , Encourage Participation by Updating the New Hire Documentation of one-on-one meetings (1-1s) , Mix It Up performance improvement plan , Challenging Situations: Firing Underperformers 30/60/90-day plan , Create a 30/60/90-Day Plan",0,not_cited,,,,0.6000000000000001,,,,
CLM-000426,51232aa625f0bee54b790b1af18d8865472c0c63,The Manager's Path: A Guide for Tech Leaders Navigating Growth and Change,text00019.html,,47,text00019.html >  > para 47,epub:spine=19;para=47,"Managing People Starting a New Reporting Relationship Off Right Build Trust and Rapport Create a 30/60/90-Day Plan Encourage Participation by Updating the New Hire Documentation Communicate Your Style and Expectations Get Feedback from Your New Hire Communicating with Your Team Have Regular 1-1s Scheduling 1-1s Adjusting 1-1s Different 1-1 Styles The To-Do List Meeting The Catch-up The Feedback Meeting The Progress Report Getting to Know You Mix It Up Good Manager, Bad Manager: Micromanager, Delegator Practical Advice for Delegating Effectively Use the Team’s Goals to Understand Which Details You Should Dig Into Gather Information from the Systems Before Going to the People Adjust Your Focus Depending on the Stage of Projects Establish Standards for Code and Systems Treat the Open Sharing of Information, Good or Bad, in a Neutral to Positive Way Creating a Culture of Continuous Feedback Performance Reviews Writing and Delivering a Performance Review Cultivating Careers Challenging Situations: Firing Underperformers Assessing Your Own Experience",1,not_cited,,,,0.8,,,,
CLM-000427,51232aa625f0bee54b790b1af18d8865472c0c63,The Manager's Path: A Guide for Tech Leaders Navigating Growth and Change,text00019.html,,66,text00019.html >  > para 66,epub:spine=19;para=66,"Practical Advice for Delegating Effectively Use the Team’s Goals to Understand Which Details You Should Dig Into Gather Information from the Systems Before Going to the People Adjust Your Focus Depending on the Stage of Projects Establish Standards for Code and Systems Treat the Open Sharing of Information, Good or Bad, in a Neutral to Positive Way",0,not_cited,,,,0.75,,,,
CLM-000428,51232aa625f0bee54b790b1af18d8865472c0c63,The Manager's Path: A Guide for Tech Leaders Navigating Growth and Change,text00019.html,,67,text00019.html >  > para 67,epub:spine=19;para=67,Use the Team’s Goals to Understand Which Details You Should Dig Into,0,not_cited,,,,0.75,,,,
